stimulus,correct_answer
ৎল,incorrect
গম,correct
জজ,incorrect
লজ,correct
ডই,incorrect
খই,correct
রহ,incorrect
সহ,correct
কৎ,incorrect
রন,correct
বৎ,incorrect
বম,correct
ঢ,incorrect
দপ,correct
ঠ,incorrect
এলই,correct
ঐক,incorrect
তইই,correct
ৎরই,incorrect
ছই,correct
ৎথ,incorrect
পণ,correct
দণ,incorrect
হট,correct
আঘ,incorrect
গধ,correct
ইৎয,incorrect
ওজন,correct
অনৎ,incorrect
ধত,correct
যখ,incorrect
নথ,correct
গইৎ,incorrect
লইব,correct
শগ,incorrect
চপ,correct
শৎ,incorrect
আভ,correct
একৎ,incorrect
দতই,correct
ভৎ,incorrect
সইত,correct
ঘৎ,incorrect
হলই,correct
উৎৎ,incorrect
নওন,correct
ভন,incorrect
রতও,correct
ঈশ,incorrect
হযএ,correct
অরৎ,incorrect
বনও,correct
অমৎ,incorrect
পপই,correct
ওনৎ,incorrect
পবই,correct
পৎৎ,incorrect
পতত,correct
নমৎ,incorrect
যবন,correct
ৎলব,incorrect
জমন,correct
নৎন,incorrect
যযর,correct
ৎদহ,incorrect
যরর,correct
চশ,incorrect
চড,correct
জনৎ,incorrect
জনক,correct
ৎনর,incorrect
যবক,correct
ৎময,incorrect
গযর,correct
দছ,incorrect
বগর,correct
আৎন,incorrect
গহন,correct
নগৎ,incorrect
জগল,correct
ৎমব,incorrect
হবল,correct
দসৎ,incorrect
লবন,correct
ঠয,incorrect
এটর,correct
ৎনৎ,incorrect
মরয,correct
পৎন,incorrect
বসয,correct
জৎব,incorrect
রপত,correct
রৎন,incorrect
রতম,correct
আহৎ,incorrect
নলম,correct
দৎক,incorrect
তহৎ,correct
অভর,incorrect
ঢব,correct
আরৎ,incorrect
দযল,correct
মকৎ,incorrect
পদর,correct
সৎন,incorrect
দকল,correct
হগৎ,incorrect
গগক,correct
ৎদন,incorrect
পলব,correct
সমৎ,incorrect
গরস,correct
বৎর,incorrect
বহৎ,correct
নছ,incorrect
কমন,correct
সসৎ,incorrect
ববক,correct
হলৎ,incorrect
রময,correct
ৎরক,incorrect
হরক,correct
জনদ,incorrect
সবহ,correct
অধয,incorrect
খড,correct
ৎমন,incorrect
হরব,correct
যৎর,incorrect
পদন,correct
ইৎযই,incorrect
ঘরও,correct
যছ,incorrect
লসর,correct
বলৎ,incorrect
বহক,correct
ৎরর,incorrect
দহন,correct
সৎর,incorrect
আসক,correct
জৎর,incorrect
মমল,correct
হৎর,incorrect
মলম,correct
মৎর,incorrect
মতন,correct
ৎহল,incorrect
মজত,correct
উচৎ,incorrect
ষড,correct
চওৎ,incorrect
মঢ,correct
ৎদর,incorrect
এইসব,correct
যনৎ,incorrect
বনক,correct
পৎর,incorrect
বইট,correct
করৎ,incorrect
মলব,correct
ভভ,incorrect
শফ,correct
অধৎ,incorrect
অফক,correct
পরৎ,incorrect
বমত,correct
ৎমর,incorrect
আযর,correct
ৎমদ,incorrect
সবগ,correct
কথৎ,incorrect
মখয,correct
বশৎ,incorrect
বশয,correct
কডৎ,incorrect
কডল,correct
পঞস,incorrect
কশর,correct
আধয,incorrect
সশর,correct
চযৎ,incorrect
লখব,correct
পখৎ,incorrect
যফয,correct
ৎখর,incorrect
রটত,correct
চলম,incorrect
চরয,correct
উপৎর,incorrect
এবরর,correct
ভলৎ,incorrect
ভরব,correct
শৎর,incorrect
ভগন,correct
পরৎই,incorrect
লকরও,correct
দণর,incorrect
মণর,correct
পশয,incorrect
পডর,correct
মধব,incorrect
মখব,correct
ইৎযর,incorrect
ঝরর,correct
ভলম,incorrect
ভতত,correct
নহড,incorrect
কলশ,correct
জবণ,incorrect
কনট,correct
বঝৎ,incorrect
বভব,correct
মধৎ,incorrect
মশন,correct
ফসৎ,incorrect
ফসর,correct
থলম,incorrect
থমর,correct
ৎমধ,incorrect
সমধ,correct
শসৎ,incorrect
অনসত,correct
ওঠল,incorrect
উঠয,correct
চকব,incorrect
মটব,correct
দখৎ,incorrect
বডব,correct
পৎরও,incorrect
বসতই,correct
সমণ,incorrect
সরভ,correct
বচৎ,incorrect
লটব,correct
থকৎ,incorrect
ফরৎ,correct
চৎর,incorrect
লখন,correct
চময,incorrect
কণয,correct
ৎমণ,incorrect
গরণ,correct
মনধ,incorrect
নযশ,correct
অরৎর,incorrect
অপরব,correct
আপণ,incorrect
গথর,correct
আমণ,incorrect
ছশ,correct
কথন,incorrect
কটত,correct
ৎরৎই,incorrect
পতকও,correct
একঠ,incorrect
উততম,correct
সমৎই,incorrect
সততই,correct
কলফ,incorrect
দহট,correct
চলৎ,incorrect
বণক,correct
ৎখন,incorrect
দষত,correct
চহয,incorrect
উপবন,correct
সমশ,incorrect
আবশ,correct
অনছ,incorrect
এলযর,correct
অনপৎ,incorrect
থমল,correct
করভ,incorrect
বরথ,correct
উপসৎ,incorrect
খলন,correct
চযপ,incorrect
উততপ,correct
দযচ,incorrect
বনশ,correct
মঠক,incorrect
মঠর,correct
নচট,incorrect
হচট,correct
ষডয,incorrect
ষডর,correct
ৎদরৎ,incorrect
গছক,correct
মৎযয,incorrect
মতযন,correct
পশশ,incorrect
কষধ,correct
হকরৎ,incorrect
পলযন,correct
মপৎর,incorrect
দপতর,correct
যৎরপ,incorrect
নবরপ,correct
ৎনদন,incorrect
নগনত,correct
করৎন,incorrect
ছনয,correct
হৎবর,incorrect
নযসত,correct
ৎলযস,incorrect
বহকল,correct
ননৎন,incorrect
দহতর,correct
করৎৎ,incorrect
পরযস,correct
ৎবনৎ,incorrect
পলকক,correct
জনৎন,incorrect
জনতক,correct
সনৎর,incorrect
যনতর,correct
জজনৎ,incorrect
সগরর,correct
করৎব,incorrect
মনবক,correct
কপৎর,incorrect
তপতর,correct
সৎপর,incorrect
সতপন,correct
করৎর,incorrect
সমনত,correct
আসৎর,incorrect
সরযন,correct
চমখ,incorrect
চপড,correct
সৎযর,incorrect
বযদন,correct
সগনক,incorrect
আনবন,correct
সসৎর,incorrect
যহদর,correct
ৎরজৎ,incorrect
পরগত,correct
পৎরর,incorrect
যতরর,correct
শকণ,incorrect
শলশ,correct
সষণ,incorrect
পষট,correct
অধপদ,incorrect
অধনর,correct
কপদৎ,incorrect
আহরর,correct
খমভ,incorrect
এগরশ,correct
আৎৎর,incorrect
হনদর,correct
সৎমর,incorrect
সরলন,correct
জনদল,incorrect
সবগহ,correct
ছৎন,incorrect
ছদম,correct
পচষ,incorrect
কনঠ,correct
সৎৎর,incorrect
যযবর,correct
ৎলছ,incorrect
দপগল,correct
নষণ,incorrect
যষট,correct
মৎযক,incorrect
সমপন,correct
সৎদর,incorrect
বদগল,correct
আৎময,incorrect
আতনয,correct
যখণ,incorrect
নবদত,correct
পবৎর,incorrect
লঠর,correct
ঘডৎ,incorrect
অনধক,correct
থকষ,incorrect
ঘরণ,correct
ৎমপৎ,incorrect
রজসব,correct
আৎমর,incorrect
মসতর,correct
ৎখনই,incorrect
দখলই,correct
অষঠ,incorrect
ঢকর,correct
গভশ,incorrect
আটশ,correct
শষৎ,incorrect
শখত,correct
মঘট,incorrect
কমবল,correct
নঠৎ,incorrect
বনদক,correct
থকভ,incorrect
লখট,correct
শহণ,incorrect
চপট,correct
করথৎ,incorrect
করথয,correct
কথৎক,incorrect
মখলর,correct
বশছ,incorrect
মশছ,correct
কথবন,incorrect
বঝবন,correct
সগণৎ,incorrect
রমণর,correct
ভলময,incorrect
শকতত,correct
মনধয,incorrect
দবধয,correct
কলফর,incorrect
আলডত,correct
ৎখযয,incorrect
পথযর,correct
রজৎযই,incorrect
সমনযই,correct
মধনন,incorrect
যখনর,correct
ওঠৎয,incorrect
থকতম,correct
মধকর,incorrect
মখরত,correct
মহশর,incorrect
বরষর,correct
ভগদন,incorrect
শমযর,correct
করভয,incorrect
পরথব,correct
ৎখৎর,incorrect
পডনর,correct
শবৎর,incorrect
শনতর,correct
নরধগ,incorrect
সরভত,correct
সথছ,incorrect
মটছ,correct
বষৎর,incorrect
আঘতর,correct
দটযয,incorrect
বধবক,correct
জঞৎর,incorrect
বষকত,correct
উৎৎরর,incorrect
উঠলম,correct
কটদর,incorrect
সডগল,correct
শছল,incorrect
ইতপরব,correct
শসলব,incorrect
ইসহকক,correct
টযকৎ,incorrect
অসবসত,correct
কছড,incorrect
বকরণ,correct
জনধয,incorrect
গলঘর,correct
জনৎনও,incorrect
নবদযই,correct
অকপলৎ,incorrect
অরপদর,correct
ৎরশব,incorrect
ছডত,correct
সৎৎভ,incorrect
বদশক,correct
সমগড,incorrect
মহরষ,correct
সঙলর,incorrect
কটবন,correct
ৎজঞয,incorrect
পগডর,correct
উপহদয,incorrect
ভরনত,correct
বষৎয,incorrect
সঙগর,correct
মধমর,incorrect
মনডল,correct
সসডল,incorrect
মজধয,correct
ৎরৎবও,incorrect
তনজনই,correct
একৎদর,incorrect
তরঙগ,correct
বলচৎ,incorrect
দলনট,correct
চখট,incorrect
শশট,correct
আলছই,incorrect
বসতরই,correct
বঞছ,incorrect
সঘতক,correct
উদদসদ,incorrect
শষট,correct
ভজঠ,incorrect
অনরকত,correct
পরহণ,incorrect
ছইদন,correct
আরমৎই,incorrect
বযপরও,correct
ননৎবও,incorrect
যমনট,correct
হসলগল,incorrect
হরযছ,correct
করলকৎ,incorrect
পরতকর,correct
যবৎযয,incorrect
দনগলত,correct
সমৎযদ,incorrect
সমমনর,correct
ছলহৎ,incorrect
পরতলক,correct
ৎরপনর,incorrect
গলযদর,correct
ৎমরযল,incorrect
মতযলক,correct
ভরধন,incorrect
ভলভব,correct
দখৎরই,incorrect
দখছই,correct
গষণর,incorrect
পষণর,correct
ৎহলবন,incorrect
সগরতর,correct
ৎকরৎর,incorrect
আসকতর,correct
যগৎবর,incorrect
বহমলয,correct
হমৎলল,incorrect
যবলযম,correct
জরৎযগ,incorrect
দরজনর,correct
যহৎদর,incorrect
হসযলর,correct
গলজনয,incorrect
মনহমর,correct
পরৎযগ,incorrect
সমবলত,correct
কজনযয,incorrect
পবতরত,correct
লগলযস,incorrect
মহরজক,correct
রজকদল,incorrect
পরহসন,correct
ৎরণড,incorrect
ছটট,correct
রটভব,incorrect
গধটক,correct
ৎদরযল,incorrect
দবরগল,correct
মঠসল,incorrect
বসতবক,correct
অপহডব,incorrect
অনচরর,correct
এরপৎট,incorrect
ভগরভ,correct
পপরমন,incorrect
আগমনর,correct
বজনযদ,incorrect
বনদরপ,correct
ৎমদরৎ,incorrect
সনদরয,correct
যচশর,incorrect
পশটর,correct
বশধয,incorrect
নষফল,correct
পৎমদর,incorrect
মতবরর,correct
দহরনৎ,incorrect
কবরগল,correct
শছট,incorrect
উপকরণ,correct
ৎরপরম,incorrect
নরহতয,correct
আমকপয,incorrect
সমননত,correct
অসৎরধ,incorrect
উততরণ,correct
করনবক,incorrect
নরববদ,correct
কপৎরপ,incorrect
যজকরপ,correct
রজৎবয,incorrect
কজকরম,correct
ৎমদরজ,incorrect
সরযরজ,correct
সহঙখ,incorrect
রবশখ,correct
অঞজনয,incorrect
সরযসত,correct
এসচহর,incorrect
অসথগল,correct
অদবনষ,incorrect
দশমশ,correct
মষঠক,incorrect
নষঠর,correct
কথপৎর,incorrect
সথপতর,correct
হলচছ,incorrect
মলচছ,correct
করথলম,incorrect
পরশমত,correct
থকরৎন,incorrect
ধরতরর,correct
শৎরপয,incorrect
শমযনর,correct
পচনৎক,incorrect
পচততর,correct
একজনলন,incorrect
উপসনকর,correct
লহসমশ,incorrect
বরযদধ,correct
যবশকৎ,incorrect
যবষদর,correct
ভজপদন,incorrect
ভবছন,correct
ৎমনধর,incorrect
গরহণর,correct
জজভকৎ,incorrect
জলভমত,correct
যওযরপর,incorrect
বচরপত,correct
দখনৎব,incorrect
বশবরত,correct
জৎবশয,incorrect
আলচনর,correct
পৎযকট,incorrect
দরদশর,correct
করটসব,incorrect
পরষকর,correct
সখননয,incorrect
সফলযর,correct
ঈরসপশ,incorrect
লজজবধ,correct
উপজজৎক,incorrect
শমযলক,correct
ৎহলপথ,incorrect
কমরচর,correct
নপৎষৎ,incorrect
বতরঘত,correct
শকৎরর,incorrect
উদবসতর,correct
মথপৎর,incorrect
চরনতন,correct
বকশরব,incorrect
সনধযর,correct
জবণলন,incorrect
মঘবহন,correct
কথযৎর,incorrect
বচছল,correct
নজরশৎ,incorrect
অঞচলর,correct
শচচৎ,incorrect
শযছল,correct
মষযকৎ,incorrect
নষকরম,correct
দশরনৎ,incorrect
সবভসয,correct
বপরভৎ,incorrect
নরদশর,correct
জৎদরভ,incorrect
কননকট,correct
উপডগধ,incorrect
খওযদওয,correct
ৎখননদ,incorrect
বদশদর,correct
পরহঙগ,incorrect
পরসথত,correct
ৎমদরভ,incorrect
পরতবশ,correct
অরৎসরপ,incorrect
অকলপনয,correct
উৎসরবস,incorrect
জনশরত,correct
ঈশববৎ,incorrect
জঞনবন,correct
অপরবদয,incorrect
ভজনপন,correct
মনৎথন,incorrect
পররচত,correct
বসরথপ,incorrect
পরজঞক,correct
অঞছড,incorrect
অসধরণ,correct
পরটদর,incorrect
শরতগল,correct
ভরঙগও,incorrect
অনধকরই,correct
ৎমদরফ,incorrect
যদধসহ,correct
ৎরপৎরর,incorrect
রজপতরর,correct
ৎমদরকল,incorrect
রজদরবর,correct
পরৎযগয,incorrect
পরকরমর,correct
নযযবসৎ,incorrect
হততযদর,correct
বশরথয,incorrect
সথনটক,correct
করৎযকৎ,incorrect
পরতযকক,correct
নরকৎগর,incorrect
নতবরগর,correct
ৎরপরহৎ,incorrect
জনপদগল,correct
ৎহলযমন,incorrect
আতমগপন,correct
বলবসরয,incorrect
পরহরকর,correct
সকলকদন,incorrect
নগরগলর,correct
ফরপশন,incorrect
ধরমভর,correct
ৎহসৎৎর,incorrect
দরবততর,correct
ৎমরযযর,incorrect
জবনহনর,correct
হবযবলৎ,incorrect
গরপরবত,correct
ৎকরবৎর,incorrect
যকবকলর,correct
সযৎসনৎ,incorrect
দরবযদর,correct
ৎমরৎমর,incorrect
যহদকলর,correct
ধরথসয,incorrect
ফরশদর,correct
আছললন,incorrect
আননতকল,correct
কযবহৎয,incorrect
নতবনদক,correct
নজরৎগল,incorrect
সবদবহক,correct
দশরধন,incorrect
মধযসথ,correct
করমসৎর,incorrect
জগযছল,correct
অভছনন,incorrect
উচছলত,correct
বদযচট,incorrect
সতবসতত,correct
ৎমদরহয,incorrect
সনতনরপ,correct
কথমণৎ,incorrect
চরচরর,correct
ইসরবধর,incorrect
ভগদখল,correct
ৎখনখন,incorrect
দণডগল,correct
পরদসরয,incorrect
জনহতকর,correct
গরমশদই,incorrect
বরণনযও,correct
পরভখল,incorrect
পরণপণ,correct
বলনএকট,incorrect
মরতগলর,correct
পলপভষ,incorrect
সহদবরর,correct
ইফরখনই,incorrect
উচচনচ,correct
ৎমরথৎই,incorrect
মতগরভই,correct
পরভসৎন,incorrect
পরশসনক,correct
কনৎরশর,incorrect
বসতরভব,correct
বশসননৎ,incorrect
দখছলন,correct
কথননৎর,incorrect
পথরগলর,correct
জনযকটক,incorrect
করমচরর,correct
পরশপৎর,incorrect
পরণযদর,correct
কথপরদক,incorrect
কষমতসন,correct
হযযবরণ,incorrect
তমরবরণ,correct
আলপরভৎ,incorrect
বযবসথর,correct
হলষমৎৎ,incorrect
দরঘজবন,correct
দশষটৎ,incorrect
দখছলম,correct
দশসলগল,incorrect
সখযনসর,correct
জৎনধযর,incorrect
বহসখযক,correct
বচরনৎন,incorrect
সরভজনক,correct
ৎরনহটৎ,incorrect
পরবচনর,correct
এসছনৎন,incorrect
ঈশবরদর,correct
শহরমৎয,incorrect
ভমকমপর,correct
মষরসৎক,incorrect
বষযগলর,correct
বরমশরম,incorrect
হযএছলম,correct
কছডৎন,incorrect
আকরমণর,correct
রকরলঙগ,incorrect
পরচরগল,correct
আমরৎৎভ,incorrect
মতরপকষ,correct
হজঞছল,incorrect
পপসখলন,correct
দটচখন,incorrect
বষফডর,correct
পরনৎঙগ,incorrect
তরণদবর,correct
পণঠরক,incorrect
পদসখলন,correct
পবৎদবরই,incorrect
পরজনদরও,correct
কসরদধয,incorrect
সরবসথন,correct
কথমণড,incorrect
অগনকণড,correct
কহঙগলন,incorrect
গষঠপত,correct
ছলমরযয,incorrect
পরবরতকল,correct
হবসমযবদ,incorrect
সবরগরজয,correct
বললসরযল,incorrect
পতরসনতন,correct
রজনৎমদর,incorrect
পরবদবরর,correct
হদকশচক,incorrect
তৎকষণৎ,correct
দনরগরহৎ,incorrect
দবরপরনত,correct
সমপরবৎৎ,incorrect
পরতযগতয,correct
পবৎরপৎর,incorrect
পছনমতর,correct
কজনপৎলক,incorrect
নগরজনপদ,correct
ৎরপরমরৎ,incorrect
পরহতকলর,correct
কছলবদন,incorrect
ছলমযদর,correct
আমরকরদন,incorrect
পরবরতনর,correct
চকঞজমৎ,incorrect
ভবষযতর,correct
অধপবৎরর,incorrect
পরজবনদর,correct
মকরৎমদর,incorrect
রতজবকলর,correct
থকষঠন,incorrect
ঘমচছন,correct
দষমশযস,incorrect
সথনচযত,correct
ৎরভগণর,incorrect
মরদণডর,correct
দখৎদরভ,incorrect
কষতপরণ,correct
কডদশবর,incorrect
চরচছল,correct
আপণডলন,incorrect
আশসধনয,correct
অনকরমচয,incorrect
অকলনতভব,correct
উপধবরগন,incorrect
রজপতরদর,correct
ৎদশলধন,incorrect
দগধপষয,correct
পবদভঙগ,incorrect
পপচরগণ,correct
ঘষরযছ,incorrect
শলটযলর,correct
পরভষযৎ,incorrect
পরসননতয,correct
বশবরধয,incorrect
সমমখভগ,correct
অনচযছর,incorrect
ষডযনতর,correct
বশছডৎ,incorrect
শরসতরণ,correct
এমনবণনদ,incorrect
ঐশশকতর,correct
আকষণডই,incorrect
নরবসতদর,correct
উৎফবশরই,incorrect
বলযছলন,correct
জনশলবযয,incorrect
পরণমতরয,correct
সবচরসৎয,incorrect
সরথবনদক,correct
গডগলযনৎ,incorrect
মষপলকদর,correct
দখলমহমর,incorrect
মশললমতর,correct
দখরমসৎর,incorrect
দডযছলন,correct
দডরহমবন,incorrect
বষযসমপদ,correct
পরবদধযয,incorrect
নযযবচরক,correct
সগনরপরভ,incorrect
সমদরগরভ,correct
ভলপলৎমর,incorrect
ভকতবনদর,correct
মথবরসদর,incorrect
মথযবদদর,correct
বধবচখয,incorrect
বধবপততর,correct
পরছউনৎর,incorrect
পরপরকষত,correct
আমরশবরয,incorrect
নরমণকরয,correct
শবরণডৎ,incorrect
শতরশণত,correct
পরণরদসৎ,incorrect
বদধপরবক,correct
বরযছডর,incorrect
সলকসনধন,correct
আমরমশছ,incorrect
করবআকশর,correct
এনছলনৎন,incorrect
খদযসমগর,correct
উপসননষষ,incorrect
মথযচরণ,correct
যদদপরণন,incorrect
করতপকষক,correct
পরমসৎথৎ,incorrect
দবসথনগল,correct
চপৎৎযলক,incorrect
আশরবদপত,correct
বলছডগল,incorrect
বদযৎচমক,correct
ৎদরভজনয,incorrect
নযযসঙগত,correct
রষরষটর,incorrect
অসতরধরণ,correct
ভঙগরভয,incorrect
দষটগচর,correct
আকরবৎথৎ,incorrect
মলচছদর,correct
অবদশবরঞ,incorrect
অনমদনকরম,correct
করৎযসরযন,incorrect
করতবযকরম,correct
সৎরপরননদ,incorrect
সরবমনবকল,correct
পঠলমহমব,incorrect
মণডলগলর,correct
আসযগরহৎয,incorrect
দঢপরতযয,correct
দখবশৎলর,incorrect
বধনশসতর,correct
ৎরপরসপৎর,incorrect
পরযবকষণ,correct
আমরথবগট,incorrect
সনযধযকষ,correct
ৎহলমনষট,incorrect
কমরবনধট,correct
আকদসকরছ,incorrect
আমনতরতদর,correct
চষরযললন,incorrect
উদধরপরপত,correct
অপমনরদধয,incorrect
ঈশবরজঞন,correct
মনসরগরহৎ,incorrect
মষশবকদর,correct
নমৎযমদরর,incorrect
ছতরছযয,correct
অপরৎশনযগ,incorrect
সধনভজনর,correct
ধবৎরপরষ,incorrect
সমভরমবধ,correct
উজজঞছলৎ,incorrect
ঘরণঝডর,correct
ৎমদররটবও,incorrect
কপটভষণ,correct
কৎপরবসবল,incorrect
বশবসতভব,correct
কবলমহপগল,incorrect
দঙগহঙগম,correct
করছদধযক,incorrect
পরমশবররর,correct
মলযবষঠৎ,incorrect
সরবজযষঠ,correct
রজনবদলঙগ,incorrect
আতমপরকশর,correct
করভষদধদ,incorrect
অনতরদষটক,correct
সনযদশগদন,incorrect
সরবকনষঠ,correct
পরজদরহষদ,incorrect
দরনতপরযণ,correct
করৎযকমরৎই,incorrect
বশবসভঙগ,correct
