stimulus,correct_answer
ཡནརང,incorrect
མགངས,correct
ངསབང,incorrect
ཤངདང,correct
ཡངགརད,incorrect
ཡརཀདང,correct
དངའདའ,incorrect
དངབགང,correct
ངལབསད,incorrect
བསདནས,correct
བཞནཡད,incorrect
གདརདང,correct
ཡཤསཤང,incorrect
ཡནཔདང,correct
དགའཡད,incorrect
བངབདང,correct
མསཕལལ,incorrect
ངསསསཔ,correct
དངའཐབ,incorrect
བགངདང,correct
རམཚའད,incorrect
ཡཀབཀས,correct
མརསགག,incorrect
ངསཞསཔ,correct
མདཡནཔས,incorrect
ཛབསལནད,correct
མཐབརཡན,incorrect
སམཨནདང,correct
སརསའགའ,incorrect
ཁསདབདལ,correct
བཙསམབར,incorrect
མཤཨལདང,correct
དནངསསས,incorrect
དངལདམབ,correct
སཞགགནང,incorrect
ཕཉདསངལ,correct
ངལམཆདནས,incorrect
དའལནདཁས,correct
ངཡསམསནས,incorrect
མདབངཆནཔ,correct
འཆརགཞཡང,incorrect
ཡཀབཀསཁལ,correct
ངསསབཀདད,incorrect
དཚསསསཡང,correct
མངནཔརམཛད,incorrect
ཐམཔཡདཔདང,correct
ཤདམབཅགཅག,incorrect
བདདཀསལནད,correct
རཕནརམསཀང,incorrect
གདཨནགསཁལ,correct
སགནསབརནས,incorrect
ཁསམལབམསས,correct
ངཡསམཐངཡད,incorrect
ལནནསགངསས,correct
ཆངསའརདཀཡ,incorrect
ཁངནདམཔཡན,correct
ཨདམརབསཀང,incorrect
དགངཡནཟརན,correct
ལལརརབསངས,incorrect
ལགགཡམམབད,correct
དརབརའགརར,incorrect
ངཚཞདཀའདག,correct
དའདནའགལཞང,incorrect
སདཚབརམསདང,correct
ནདཔའའདཟརད,incorrect
ཁདཚསདརམསལ,correct
གལཏགངདསངང,incorrect
ལནདདནཨལགས,correct
ཉནཞགགསམཤལ,incorrect
རལཔདཚནཧཏཔ,correct
དཡནམཡངམབང,incorrect
ཀབསསལགསདང,correct
ཨཤཔནཛལཞསས,incorrect
སསཕརརམསདང,correct
ལགཅགལསབདད,incorrect
ཡསབཀསཁངཚར,correct
དབསནཔསཕརར,incorrect
འནཀངཡསབཀས,correct
བཙནཔརམངནན,incorrect
ཁཟསཕནབཟཞག,correct
མགསམབསསཔས,incorrect
གཙབདཀནམཆག,correct
སནདགའབསབཡད,incorrect
ཨཤཀལནསངསཤང,correct
ཨབཤལམཨལཡདད,incorrect
དའབསམསགངསན,correct
ཤསརབཀངམཛདད,incorrect
ཡནཐནགསདབདལ,correct
འཁསནསསངཞསས,incorrect
མཀལབབཞཡདཔན,correct
དཚཁའཐརདའགལ,incorrect
དཚའཡལགརཁནན,correct
ཡཐམདངཨབརམན,incorrect
དཀནམཆགགསཁལ,correct
ངསརལགསགཅགལ,incorrect
ཨམནཞསབརདཅང,correct
དའཕགསསམརཡདད,incorrect
དའལའདབམཛསཤང,correct
ཨཧམལགཁལརའགར,incorrect
ངལསངསརཡནཔདང,correct
སནདསངདགསཟནན,incorrect
ཡཤཨསདབཞནབསས,correct
ཉནདནཁམདཔརབད,incorrect
སཨལལབབཞཡདཔན,correct
ཀགཙབཡནནམཞསས,incorrect
ཁདཚམཛཔརརདདང,correct
དཚབསཐརཐབསམད,incorrect
རབབརགངཡངམདད,correct
སཉདཐགཏསདཀཡད,incorrect
འཕགབཅམབསཔདང,correct
ཁདཀསམཉནཔམཟད,incorrect
ཁདཚརདགའབསཡད,correct
མཨབརགཕདགབདང,incorrect
དལརཕབཆངབགངས,correct
ཁསལབཞནཡདནཡང,incorrect
ཀངའམའབངསརམས,correct
བསནསབསདཡདཅསས,incorrect
ངཡཞབགསནཔརམཛད,correct
ཉནརའལསའགནཡདད,incorrect
དསཚདདསབསསབསས,correct
ཉནཞགབདཔལརབདད,incorrect
དཚཚངམརལཚརའདག,correct
བདནཔཡནཔསསཤསཏ,incorrect
སརདཚརམསརནཡདད,correct
ངལའཆབའཉབརགནས,incorrect
ཁདཀདམཔའརབཛཡན,correct
མསའགནདཁགནསཡད,incorrect
ཨམརཡདངཨཧཏབདང,correct
མཤའབཀའརཚངམའཇག,incorrect
དནསམཤསམཚགསསསཔ,correct
དའརནགསནངམཐངམད,incorrect
དམཔཡནཔརསནཔརབའ,correct
མཆདཁའཞབསཞབབསས,incorrect
ཁལའགགཐབསམབདཅག,correct
ཡངདརཁངནངབཅགམད,incorrect
འནཀངངསདལརབསམད,correct
ཀམརགཔའམཚངམབསས,incorrect
ཀཨསརཨལགམམངརམས,correct
རབསརབའདགཅསཐསས,incorrect
སལདནཧཅངརངཔཡནན,correct
གཟའའཁརནསཐནདགས,incorrect
ངཆདཟསསའགབཞནཡད,correct
ངནཉནཞགགཉའགམདཡད,incorrect
ངནཁདཚའདབངའགཏཡད,correct
མདནཀནལསངམསའཕམལ,incorrect
ངཚཁའརསསའབངསཀམན,correct
ཁའགདངགཙངམདསབསས,incorrect
ཁཡདནལསཞགའཁརཡངང,correct
བཞགསསཔཚཞགགནངབང,incorrect
བཀའཁམསགཞརབཟངལར,correct
བམསདལགསལབརནཏལང,incorrect
སཡངདལབརདནསམའགའ,correct
ངསདཚལངའབཀའཤགཅག,incorrect
རཐརདངའབགསངཁགདང,correct
ལངཔཚངམལརངགནངཞང,incorrect
དཚགཉསཀམདཔརའགརར,correct
ཕགའམམསཕགཞགགསགས,incorrect
སབཞནཔཡམགབཅགཔརབ,correct
ངཁདཚའདཀནམཆགགམད,incorrect
ཁལསརལངསཀཤསབམདད,correct
ཀཧདའཁམསསདགལབསཡད,incorrect
མཞགརངགཕགརབརདནཡང,correct
ཐམཔདཚསཤཟའདདཆགསར,incorrect
ཚངམསཁདལསངབརའགརར,correct
རནདའབལའདདགནངབཞན,incorrect
དལསཁདཚཐརཐབསམདཅང,correct
ཡཤཨདངཨམལགཔའཉམཡན,incorrect
མརངནངའསངམབདནཔཡན,correct
ཤམརནབཅསརའརམརའགར,incorrect
བགངབཞནདརཟདགསཔདང,correct
གསནཔརགནསབསདའདཡན,incorrect
གལསདདའསརཤསནངལསས,correct
འཛམགངའདདཔགངདགསས,incorrect
ཨབདནགགསམལཤནཏཁསཏ,correct
ངསཁངགངསའཁརབབཞནད,incorrect
ཁདཀསདའསརཤསནངལསས,correct
གཌཀསཁངགསངལགསཟརན,incorrect
གདཀརལཔཨཀཤཀརརཕནན,correct
སསངལབགསམཔའམཚནམརང,incorrect
སསལགསདངལལསཀངལགསས,correct
དའཚདངཉནམདརདབཅརནས,incorrect
དའལཕགསསཡདཔའསསམདང,correct
དའཚབལསརཨརནགབགགཡན,incorrect
འགབམསངལཅཞགབདཐབབམ,correct
ཛདགདངདའམཐའའཁརདགས,incorrect
མཆདཁངནསཐགརངདསདཅག,correct
ཤམཨལགརལཔའལསཀཤརལར,incorrect
ལངསནཔསཁངལསདབཏངནས,correct
བདཧནནདངཛབབཡའབབཅང,incorrect
དནཔགསནདརངཔཞགཡནཔས,correct
ཤབརལཔཔཀམཉམདལངསཤག,incorrect
དནཕགསཞནཉརངཀནལསབལ,correct
ཤསརབལནཔའབམཚའཆདདང,incorrect
དཀནམཆགགསནཨལགསངསཔ,correct
ལཝཔཚའཁདབསམདཔརརགས,incorrect
དཚའགསཔའལསལརདཚསབས,correct
དབཞནདནབལགལབཞགདགས,incorrect
ཁདཀསནགབཁགདཚགངདཡད,correct
རཧབམགཨམནནགམཉམཟབས,incorrect
མགཙངབཡནཞསསདརབདགས,correct
ལཨསངནབདཀབཡཧཤཕདདང,incorrect
ཀརལཔཆནཔསཚབརནཔརཤག,correct
དཚའའགམཧདཡནནངའསརར,incorrect
དཚསཁདཀཆམཐངམཁསམལན,correct
དལརམསཀའགམནསདཚརགཡབ,incorrect
ཀབའདབངཚའབམརམསབངཤག,correct
དརསཡཧནནདངགགའཁགསཤག,incorrect
རལཔཧཛཀཡསབཀའགནངབལར,correct
དརཁངནངགཁངཔའརསདཀཡན,incorrect
ངཡལསཔརགཏངརངབརདཟགས,correct
ཨཧཐཕལནརལམནརགཅདབདད,incorrect
དསཁདལཕནཐགསཇལརབངངམ,correct
ཨཛཡསགནརནདབཀསབརདརར,incorrect
ཁཡདགབསཁལནམཡངརལམཐབ,correct
དཚསརལཔརབཀའམལགནངབན,incorrect
ཨདམཔརམསལསངཆངམབདཅག,correct
དལརཚངམའཐགཁརཤམཨལདང,incorrect
ཁངནཚངམབཟབགནངམཁནཡན,correct
སཞགགསདཚལགཐགཏགནངཡད,incorrect
དརབརནསསཔབཞནདའཐབཤག,correct
དརམསདངསམསཅནརམསལབཅ,incorrect
ངའཡབཀསངལསབསནགནངནས,correct
བངབཞགགནངཡངལགམལསཔས,incorrect
རལསམསབདམཁནདགབདམཡད,correct
ཁངཚསཤསཔལརགངཡངསསཡང,incorrect
ཆརབའབབསཔསནསཔདཚརམད,correct
ཡཤཨཐརངསསཞསགསངསརཡང,incorrect
ནམམཁའནསདཀནམཆགགཕཉས,correct
ཧརཞསཔདགངཡདགའསདརགནས,incorrect
སགནསསདསབསདལརབདཐབབམ,correct
སཨལཡའབལརདཚསམསཤགསཅན,incorrect
ཡཧདཔརཁལགཕརདངལཀལགརམ,correct
དཚལཁམསདངདཀརརགབགནངང,incorrect
དཚའཁདདཁངནབཞགསཔརམཛད,correct
ཁསངའདནདཤཕནབའཁརཡངནས,incorrect
དརསསསའཁངཁམདཕརལགབདད,correct
དའརསསངབསལབསགསབཔའཆད,incorrect
ཁཚའཡརརསལམལངབངབའསབས,correct
དནཁའལསཀསནསརངབཏངབདང,incorrect
དལཁདཀབམསཔརབཟགནངབདང,correct
ཁདཚསབལཞངབཟབདངདལགནང,incorrect
དབཞནསདརགསམའདབའམརམས,correct
དངཚཨསརཨལཔརམསདངབལཞང,incorrect
ཧནམགལངགཤངདསསབདགཔདང,correct
དཚསངལབསདནསཟངཁདཚསཤས,incorrect
ཡངནཨརམདངཐམམམགབརདདང,correct
དནངམབཕགདངབཅསཔགཞནདས,incorrect
དནའཕལའགབའཧམབཞགཡནཔས,correct
གསལསཐགརངཡནཔདའཛནབསས,incorrect
མརགསལསདནའབསབགངཡངམད,correct
ཡལདརགནངཡདཔཚལཡངཡདཅས,incorrect
ཨཕརདལདངསངབདལཧམཞསཔའ,correct
ངསསསརགསགསནསཤདཐབཔསན,incorrect
ཤརནསཡངབའརངའཚབདགཔཡས,correct
ཨཤབབནབཅསགཉསཡདཔདངཔར,incorrect
ངབནམདཔའགཙབདཀནམཆགགས,correct
དའཕརའཛམགངཡངམརལངསཤང,incorrect
འནཀངདམཚགམདཔའཆངམབཞན,correct
ཡལའདརསདངཡངསདཡདཔའསབས,incorrect
ངཚའམརམསཡགསམརབཅསཔརབས,correct
མམངགཆདདགཙངབརརསབངསནས,incorrect
བདངདདའགསམསཅནརམསཀསཀང,correct
དའལནདཡམསགཅདབདཕདཀརལག,incorrect
དཀའངལདསསསབསཔརསསགསཡད,correct
རསསནཚབཀམཤསསགནངཡདཔདང,incorrect
དདསངབཙནཁངནངབཅགམདཔདང,correct
བདཔལརསསཔདངདསཀངགནསཡད,incorrect
དབངཡདབཤདཅངངལརལབཞནཡད,correct
ཡརམལངསསབསསརལའངཁངགམད,incorrect
མགལཐལབབགསཏལསཔརརརསགན,correct
དརསཤཨལགསཕགཕལབའཁརཡངང,incorrect
དཚའཤལཙམཡངགནསཔརམའགརར,correct
ཚཡཐངདངཆངསབརཕགཅགཡདདམ,incorrect
གཙབདཀནམཆགགསམཤདངཨརནལ,correct
ཨབནརནཧབརདངནངཁདདབསཤག,incorrect
ངནདཀའངལནངདསདཅརརབཀཡད,correct
ཆསརབའཉནཁལསགལནཔརསཔསས,incorrect
ཁསངལཁཟསཀམཆདཔའབལགཡདད,correct
དཙམམཟདམའཁདལགངཡདཔཡནན,incorrect
གཙབདཀནམཆགལབསདབསགསཤག,correct
ཡགསམཚནམཁདལབསའབལབབདད,incorrect
དངཔའཚབཏདངམནཡལཁམསསངས,correct
ཁདཚའཡལདའནངཤདངརརཕལགས,incorrect
ངཚརདམའའབབསཆཚངབངསངབས,correct
ཞངརམཚའརརམསལཞགའཚལཐབབ,incorrect
ཆངབནསཆཤསབརཚངམསངངཤསས,correct
བདནཕགསལཐགསཁསལནམགཡནཔས,incorrect
མསརཡངམངལདངལནཞངབཞགསསས,correct
དབསནདནཕབསངགངགགབཟསཔདང,incorrect
འཇགརནཀནཏགཟབརདསནཔརམཛད,correct
གཟགསནསཡརཤལམགམགཏགསཞསཔ,incorrect
ངཤསམདཔའམརམསངའའབངསའགར,correct
གགསཔཚསཁདཚའམསཔཡནཞསདསས,incorrect
གསརགཙངམབཟབའསགནསརམསཡད,correct
སཞགགསངལབཀའགངགསབསཆནབཟ,incorrect
ངལཕགསབཞརབསརནསབསདཡདཔའ,correct
པརཛཀབརདཀཡལབའགབནགཙམཡད,incorrect
འནཀངཁངགསསགཞའདནམཚརགནང,correct
ཨནགཌདའརནགགཟམཤགགཏངདགས,incorrect
སངཉནདརངལསལགསཔཡངཞསསསས,correct
དརབམམཆདཁངནངདརགནསསསཔས,incorrect
གསརབཙམསདབརནདམཔཞགབཟསཏ,correct
ཨབཨཛརགརངབདགཔའཕརདསསཤང,incorrect
ཨརཡདརསབསཔའརསསདབདཀསཁལ,correct
ངརལཅནདངབདནཔརཐགབཅདཔདང,incorrect
ཨཕརཡམགམརམསམཉམདའབདཔདང,correct
ངསའབརནཔཡནཔརམསལབཀརབདད,incorrect
དདསཨབརམལབརདཅགདགལནཡདད,correct
ངལཨསརཨལགབརརམཐངཐབཔཡནན,incorrect
གསནཔརགནསཕརཁཟསའཚལབའདས,correct
གངཁརཤརབདངགཅགཡལགམཤགདང,incorrect
ལགདངཕགསཟགནགསཀསམསཅནདང,correct
བགགཞངདངབཅསཔབཀསནཨཧཏབདང,incorrect
ཁསསགནསདའམངལབཐལཞསབཏགསས,correct
མངནརགསརསདཚསཁངཔའནངདབསས,incorrect
དཀནམཆགགསཁངལབསམསཔརམཛདད,correct
ཁངནཇའདརབསབཞགསཔརགཏངརདང,incorrect
ཁངགབཀའཚངམརརསསངཞདགསཔདང,correct
ལགསརདནགལཨདཡལདབངབཟངབསཏ,incorrect
མའདཚསགངསསཔརམསངསཐསབངབས,correct
ཁའརལསདསངཔདངབཐངགམའབངསས,incorrect
དནསཨཧསརསརལཔསབཙནམཨསཐརལ,correct
ཏགཝའབདངརནའབམསརཔཟསཡདཔས,incorrect
སདཤགསཆནཔསཁངལབསདབསགསཤག,correct
ཞགསཔལའགགཡདཔདཚསཤདཟབཡནན,incorrect
ཁདཚསཁཟསགཅགཀངཐངཁརཐབམཡང,correct
ཨབམལགའཁརཡངཡརརཡངབཡནནའང,incorrect
ངཚཁདཀབནགཡགལམསངསརགསགནང,correct
ཀརནཆངསགསབཞརའཁརཤགཅསསསས,incorrect
ལསམཚའའཚབའམཐནརནཚདགམཀཀན,correct
ཆམདཔཞགབངསནསའགའཤསཀརདདམ,incorrect
མཚངམསརངརངསསསའདདཔལརབདད,correct
དཚརམཆདའབལའདདཔའཐབཐངའགར,incorrect
དཚསསནསགགམཆདཔདའངའཁརཡདད,correct
སནརམསནསམཐརཁཚསགངསབཞནཡད,incorrect
གནཔཞགགསལགསབཤདབདསདབདཔད,correct
རཧབམགསརབརདཀགངཁརགསབརདད,incorrect
ཧནགལདགཅརལལནདསབམཐསལབངང,correct
ལགཅགརངལཞངཁལབཟངཔནརགསཡན,incorrect
དཚགཅགགསགཅསལཧཅངབརནཔརསར,correct
སཞགཕལནསདབདསའགའཛནབདགགམ,incorrect
འནཀངདཚསརངགསའདཚརཡངམཆདད,correct
དནགཞངཁསདཐསཏགཙམཞགབརགངས,incorrect
དཚབདནཔདངདངབདནངངགནངབཡན,correct
དཚམཉམདརནངནདབདཀགངཁརཐནན,incorrect
སམསཅནགཆཤསདཁདཚའཡནཔརའགར,correct
དབདཀརལཔཧཛཀཡསབངཆནཔཁགདང,incorrect
འདཚཚངམཁདཀགཡགཔཡཀབཀཡནཔས,correct
ཡཨཤཀབགདཀའགལལམརམསལསདརཡན,incorrect
ངཚགངདཡདཔའསགནསདརངདསདདགས,correct
ངའམངདངམཉམདདམངནནངདའཛལནས,incorrect
ཁསཁམསསལབཞནདདལསངབརབདདགས,correct
རཤལདངནཤགསམཆདཁངནངབཞགསཡད,incorrect
ཧབལབདམཀཟརབའགངཁརདསབསཔདང,correct
ཁངལམཐའབསརབརབགསཤགབཏངནཡང,incorrect
ལགསཀདངསརསཚངམདམབརབཟསཔལར,correct
སགགཅདཀསཁལནམཡངབརདདནཟགབས,incorrect
མསངལབལསངདངབམསབརབསཡདཔདང,correct
ཕརཔརམསཡཧདའསརབསཤགལཁངགདང,incorrect
ངཚསཁདཀསནསརགསཔའཉསཔམངཔཡད,correct
འནཀངདནའགལམཁབཟངཔགསཔམབསས,incorrect
ངསདཚརཉསཆདགཏངབའདསལསབསཡད,correct
ཁརལབཞནངཡསདངཔའཁགཀགཇཡདདང,incorrect
རདལབཅསའཁརནསའབལབཕལགཡདཔས,correct
སནཐགཁགཏཡངདཚསསགནབཟའརདཔས,incorrect
དཚཁདབཀདཔའཉནམརབཟསཡདཔཡནན,correct
ངལམཆདཕལབའསཐསཔའཁགདཟམརངང,incorrect
སགསལགམཆདཔརརཕགཅགཡངའབལནས,correct
དརབཙནརལབདགའདསསཁདསབསཀཡད,incorrect
མཤསཕརཚརབལསནསམསཡངམམཐངབས,correct
ཉནཞགལངནསལདགཔསཡངསལནམགནང,incorrect
ཐགསརཆཁདཀགཏམདརངཚསངསལནཡད,correct
དཚབཤནགརགསརལབནགཡགབདདགསས,incorrect
ངཚལསངམདདའཇགཔམགནངརགསགནང,correct
འནཀངཁངགདངནནཏནཏནཤསསནསཁས,incorrect
ངསབབགངབསསརཨབརཧམནསསསམཡང,correct
མརགསདངཔཇཡནལགསསལམནནཔརམཛད,incorrect
འདསཔའརངཇའདབངབསསཀངམདནཔདང,correct
ཡཧདདངཡངཁལའསཔཚདངབཅསཔརའགར,incorrect
དཉནཁདཚསལསཀགངཡངབདམཆགཔཡནན,correct
གལཏའཐབརལགསངའཕགསགཅགཔཡནཔས,incorrect
ཁངགཡརཤལམདལབཅགཅགརལསདསངསས,correct
དནསརངཚའཡལདའངསཏཁངབངབརམཛད,incorrect
དནསབསཆནདངསརགམརགསཤགཡནཔདང,correct
དམརམཆདཁངཉམསམངནཤསཀཁདདཡདན,incorrect
ལངགཤངདངརབརདཁལདའབབཔརའགརར,correct
དནདངམགརདངཐབལནཔརསབསའགལཞང,incorrect
ཡངལརམསནམའདཀལདམགནསསཞསཞསས,correct
ཁསཐངསགཅགལཁབརངབདནམབདམདགས,incorrect
ཇགབཅམགསརགཏཇགཔའསགལནཔརབདད,correct
ངལདགབརམསགསདཔནནངཁདཚའཕལདན,incorrect
ཨསརཨལཡལདམགརབགཅགཀངམདཔཡནཏ,correct
གནསཚལངའཡལའདལཤཞནབསརབརབཔས,incorrect
འནཀངཁངནསདམདཔཕགམཁནཡལནསདད,correct
ཤངགཤངབརནཔའཐགནསངའགསབསདཡདད,incorrect
ངནཔརསཡའཡལདགཅགཔརལསཡདཔསཕརར,correct
ཁསཁདཚརཡདཔའརལཔཞགགསགསངསབདང,incorrect
དཚཚངམཡཧདའབཤལའརགསབརདནསཡནན,correct
ཁདངཚནངནསགཅགརནཆསགངརདབཞགདང,incorrect
ཁདལསམསགསཆདདངཡགཏམགངམམཐདབད,correct
ནཐནགཕགསགཞགགནངབའམགཏགསམཡནན,incorrect
ངསདཚརཁདཚའའགབདདབསགཞགབདརཡན,correct
ངཚའཐགཏདབདམནསརགསབམཐགཔབརདང,incorrect
ཧགརཁདཀབནམཡནཔསཁདཀདབངའགཏཡད,correct
ཁདཀཨཇཨརནལགསམདམཆནམའངགཞགདང,incorrect
ངསགཙབདཀནམཆགལབརགདཔདབརམནཔས,correct
འནཀངངཚརབའརངགཕགགསནབདམཡངཞག,incorrect
རངཉདབསདཔའགངགགགནསནསདདཔརཤག,correct
དརབཞགརངགགགསཔརཁསངལམམངརམཔཚ,incorrect
ངསསཨལལབསའཁདབདཡངབསམགའདགགམ,correct
འནཀངཨཇབདདམཅསསསམདའཕགསསཕནན,incorrect
རགཔདརམསསམགཨལངརརའནངབཅགདགས,correct
དགངཡདཀནམཆགཁངགགསདསསདསངཆནཔ,incorrect
འདནསཨསརཨལགལགསསལའགཚགསཔཡནན,correct
དབསནསསནཔབཟསཔའཁསལནབསརབརམཛད,incorrect
མཐའམརདཚགཉསཀགནསགཅགཏའགབརབདད,correct
ཁདཚསཤསཕརངནཁདཀབཀའརགནངབའསནད,incorrect
ཁདཀསརམཚའསམསཅནརམསཀམགརམསགཅག,correct
དནསམསཅནདངལགསཟརམསལབཏངབཡནཔས,incorrect
དལརཁདཀསམགསཔཡནནངའཁབམལརའབརར,correct
དནསམམངདཚརངགཕའསའརལདརལགསཔཡན,incorrect
དངཚཁདཀཡལབརདནསགཅགཔའགབརའདདད,correct
ཁདནརམསདངབདནཉནརརལནགའགམདབཞག,incorrect
ལགལབལརགསམབདཔརརངཉདགཅགཔརབདད,correct
ངཡསདཚའཡནཔརངསངསམཁནནསངསཞགཡད,incorrect
དཚསཁདལཉམསདགའཔདངམཚསདཔཞགགནང,correct
ཁདཀསདདའནངགངལམཐངམཐགཏཁབཔབཞན,incorrect
མམངགསཉནནསརངགལམངནཔརམསསངསདད,correct
ཁསརངགབཕགརམསདདསསནསདབཞནབསཔས,incorrect
གཞབཀལབཅགཉསལསབགལབབཅགཉསབཟསཏ,correct
མདམནགགངཁརརགདངསལཁའབབརདརངཡན,incorrect
དཚསཁདཚའཡལདནམཡངདབངའཛནབདམཡང,correct
བགལབའཕནམམངགདཀནམཆགགསའཇལབདང,incorrect
ཞསབནམདཔའགཙབདཀནམཆགགསསསཔཡནན,correct
ཁདཀསདལརབདརཡནཔདངདཀརཔའཁརབཡན,incorrect
དནསམཤསགཙབདཀནམཆགགདངདཕརལགནས,correct
གནསདཔའཆརངདནམགནཔརནཤདབཞནབསས,incorrect
ལནཔའཟབདངཔའཚསདངཔའཉནཆསམཡདཔས,correct
ཀཨསརཨལཔཚའསརབརསསཀངསནཔཤམཡདང,incorrect
གཙབདཀནམཆགགསངལཡངསརབཀའགནངབན,correct
རལཔསཀངདཀནཔབངབའཕརཁདལའབལབདང,incorrect
དཚསངཉནདསཚདའདཙམལའབརཡངཞསསསས,correct
ཁདཀབབརདརལཔའལསངནཔབདབཞནབརབབ,incorrect
ཁདཀགཟབརདརབསཆནསརལདཚསམགརམལན,correct
མནཔའནངབཟངགངབཞངསརམསསབདནཔདང,incorrect
ཁསསགགཅདཔདརདཔཡནནགསདདགསཔཡནན,correct
དཚའམམངལཚགའདབངའགསངདཁམབསརབས,incorrect
ངསཁངལརབནསགནདའཚབདམརངཞསབརདད,correct
འགརབདངསངརའམངནངངལདགའསདནམདད,incorrect
མདམངསརམསལམདནབསདབསཤགཅསསསཤག,correct
དཚམདཔརབདཕརདམགདཔངདངཁངཔདའདང,incorrect
འཆབནསཐརབཚརབཐངནངངསསངརབཏནཡད,correct
དཨགལནལའཇགསཔརསདདབསདནསམཚབནན,incorrect
ངསདཚའདགབརམསདཚའཐགརལདའཇགཔདང,correct
མཉསམདབསཔདངབདནམནཔརགཟགསཀརམལ,incorrect
ཁའབམམཧལདནབཡདཀསངམདངཆངསབརབབ,correct
འནཀངཚངམམཐདདགནགངའདདབདནཔབངང,incorrect
ཨསརཨལགརལཁབལསལགསཔཞགཡདཔཡནནམ,correct
ཡངནརལཔདཤངསཅནལབཟངཔའམལརབསཔདང,incorrect
ངཚའགཙབདཀནམཆགནགངའདའམངའཐངཆཞང,correct
དནསཨབནརདངགངཁརགདགབའགཏམལརབདད,incorrect
དནསབསཤགསཅནདའགརབདངབརནཔརའགརར,correct
མའགའཤསགཅགཀངགསདམབཅའསམདཡནཔདང,incorrect
དགངམརགཙངཔརལནསཕབསཔརམཛདཅསཞསས,correct
ཉསམདཡནཔའདམགམཚརལགཔཡནཞསམཟརཞག,incorrect
ངའཁབམལརཡདཔདངདགཏནདའབརབརའགརར,correct
པརསཡའརལཔཡཧཡཀམལསདགགསདལརཐབབམ,incorrect
ཞསངབནམདཔའགཙབདཀནམཆགགསསསཔཡནན,correct
ཡརདནནསནམཡངམརལངབསནབཟངཔགནངབན,incorrect
ལགརནགལསཚངམརའཁལལརབདབཞནཡདཔདང,correct
ཁདཀསཤསཕརངཡསའདབབམསདབཞནཔམཐངང,incorrect
འནཀངཁདངམཉམདའགའདདམདནཡངམདགསས,correct
ཨཐཨཔཡཔའདམབཅའདསརམསནབཙནཔརའགར,incorrect
བནམདཔའགཙབདཀནམཆགགསསསཔའདལརཡན,correct
དནསདཚཚངམདམགཙངབརབརརངའཚབཀཤའབ,incorrect
རལཔཡཧཤཕདཕབསནསདདགགམདནདབཞངསཏ,correct
ཁངགསཉདདཁངཔའཕམསརནསཁདའགཏངདགས,incorrect
ཁདཀསལགཔརབཅངརལགཡངཡངགཞསབརའགར,correct
ཁསལགདནའདལརཡནནཞསཀནདབངདབངབདང,incorrect
ཤསངབནམདཔའགཙབདཀནམཆགགསསསཔཡནན,correct
ཉམསགསའཕརགངབངརནགཐདཔགསནདཅནཤད,incorrect
དརབརནརལབའསཐསམཐགཏམརགསའདམནདང,correct
ངབནམདཔརབཟརརབདསཁགབཅསཡངདརཡདད,incorrect
མཆདཁངནངརདཔའདབདཆཚངལགསཀགགནངང,correct
དཚའགརམནཨརནཁངནངབཅཡནནམཞསརཡནན,incorrect
ངསདལབལརགསབརདངདརགཏསངསབབརཡནན,correct
དསངརསཁགདཚགཙབདཀནམཆགལངལགཞབཞར,incorrect
ཁམསདབདབཞནརངདངམཉམདབདགཉརགསཤག,correct
ངསརལངའརབམགསབསཔདངའཁགསཔསཚགསད,incorrect
ཁདཀམཛསསགདམརགསཡངསསགགསཔརའགརར,correct
ཁརམསལདམརམཆདདངལནཔརབནསགངཞགགས,incorrect
ཁངལསནནསངཤསཔའམཚསཕནཚནའདགངབདད,correct
མངནཔརམསསཨསརཨལགལནགསབཅརབའདགག,incorrect
འནཀངཁདཚབཁབསརནསངའཕགསསསབསམབང,correct
ཕལཤདཔའགཙབདཀནམཆགགསཁདདངམཉམདདམ,incorrect
དནསདཚསངགཙབདཀནམཆགཡནཔཤསཔརའགརར,correct
མཐསབསཆནའགའཤསསལསརཤལདངཔདསམརཤག,incorrect
སདཚངམལདངལཆཟསསགཏངམཁནདནགནཔཡནན,correct
བལསབདཔངཡམདའརཔལབདཚརཕནདངཕལགསས,incorrect
མཤརབསནཨརའཛགསཏརབདསནཔཞགགསབཀབབ,correct
ཁདཀསཁདརངགརལསབསཡདཔདངའཚམཔརབདད,incorrect
དཚའསགགཉསལནདཁཚརངགཐགཏའཕགཔརའགར,correct
དཚརངཡལདསབམཐབཔཆགསངརཅནརདཔརམཛད,incorrect
ཡཧརམགསདསསཨདམཔསཡཧདཔརངལགབསཔདང,correct
དརཕགཅགསངདགསཔདངངཚགངནསཀངབནཡམན,incorrect
ཁདནཇའདདབངདངདཔལབརདལནཔམཐངདབཅག,correct
ཁཚསངཡསལགསཔའདསཆལའདརགངསསཔརབདད,incorrect
ངསཁའཁདནསཁདཀསགངའདདཔབཞནདབདརཡན,correct
ལརནདངཁམསབདམཁནལཝཔགཞནརམཚའནངནས,incorrect
ཨཧཡལརསཔའརནགསམགལངབརའགརཡདཔཡནན,correct
དནསཨལཡངཨཇབབརདཚདཀའསགབའསའདའདག,incorrect
ཁངགསསཡཧཤཕདཁངགཤལའཛནདརལཔརའགརར,correct
ངཁསམཔརམསནསཤཀམགམཁནམདཔའབརདཡནན,incorrect
སགཆགསགསནཔརརའཤགཔགཉསབརངསཡདཔདང,correct
ཁངགསདཚལསབསཡདསརཕརལགཐབཔརམསཞསཔ,incorrect
ཁསདདའགདམཆདཁའབངཕགསསབསདདགསཔདང,correct
ཁངགདམགདངགཡསནཐགགངཡངཕབསདགངསམད,incorrect
ཡཀབཨཇབནངལབཅབདནགསནཔརགནསཔསཁངལ,correct
དཀའངལརམནཟམཚནགསབབཏངབབཞནཡདཔཡན,incorrect
འདསཁདཀམཆལརརགཡདཔདསཁདཀཉསཔསལཡད,correct
ལསབདཔགཞནརཆའདངསཁདལདདགབརའགརཡནན,incorrect
ངཚཚངམཤནསཨབསལམགཅགཔགསནཔརལསཔཡནན,correct
ཤནཏདགའབའརམཚའའགདཔནརམསཕརའབདགནས,incorrect
དཀནམཆགགསཁདལབནརབསགནངབརཤགཅསསསས,correct
ཁདཚསདཚའཐགཏདངབདནགགསདཚའཉསསནབལཏ,incorrect
ཁངགསཉདཀཆདདའདམསཔརམཛདཔའམརམསདགའ,correct
གལཏཧམའབདདངཁའབརདལགནསསསབཔརམཛདད,incorrect
དརགནསསདབམཁནརམསཁམསའགལའབའཞགཡནན,correct
ཡངཁདཀནངདའཛལཡངབཡངནཁསསའནངདཡདཔས,incorrect
ཧཤབནགམམངནསསགསདའདནཞགཨམདཔརབཟསས,correct
ཁངགསཚའཤགཔགཉསབཅདཔའམཚངམསའཚདཡདད,incorrect
ངནཁདཚའཁདདགནསསདབམཁནཕརལབཞགཡནཔས,correct
ཁདནཧཅངདགའརམརཕབནསབསདཡདདམཞསཞསས,incorrect
གཙབདཀནམཆགལསནསགགདམརམཆདདཆཚངཕལཏ,correct
ཁཚགབཨརའབབསབདཔའསདདཁའརསཔརམསབཅག,incorrect
བསམབམགཏངམཁནཞགགསཀངབསབབལནཔརབདད,correct
ཨཛཡསརལངཚཉསཅནཡནཔརམཛདརརདངམཉམདང,incorrect
བའདངལགགའམརཕགབཅསགཙབདཀནམཆགགཡནན,correct
དནདངཁའམརམསརཁགཏསསགསམདངལགཁསགསམ,incorrect
ཁདཚམངནའདཚའགརནསཐགརངདསངནསལངསཤག,correct
དཚསབསཔའལའམཆདཁའསངདགབདམཐབཔབཟརཡན,incorrect
ཞབསགདནརརཀལགསམབཅསབཞརབདསདབསཔཡནན,correct
དགབསཔའདངསཔརདཤདཟདགསཔདངཁངལགནངཞང,incorrect
དརཁདཀསགངབཤདདགསཔདངསཁདལབསབརཡནཔས,correct
མཨབཀམམངལགཙངཔཡརདནགལངགཤངདགནསརདང,incorrect
སསཀངདནའདདམསཀའབལབའཚལདཁངལའབལམཆག,correct
ཤཨལགསཁནཔའནངདའཛམསཡདསབསནབཀརབདཚལ,incorrect
བམསམདསལབཞནགཙངམཡནཞསཁབབསགསབདདགས,correct
ངཚསཨཇབནསཐནཔཡངབའཡལདདམབཅའགནངཡདད,incorrect
རལཔརཛནབསདནསམམངརམསཀརདབཙནཔརའཁདད,correct
རམཚའཆདདཨསརརཁཤསདངམཚནམཡངགཡདཔཡནན,incorrect
དརབརནངསཨདམཔའམམངལབརམསཔའའཆརགཞདང,correct
དགངདནངའཚལབཞནགཙངམབགསཔའསངབརམཛདད,incorrect
དབཞནམནཤའསརགསཕདཀལརངགབདགདབངདསདད,correct
ཁའཨཆགལཨབཡཐརགརགསབརདདཚཁངམཇལའཕདད,incorrect
ངསཨསརཨལགམམངདངམཉམདདམབཅའཞགབདརཡན,correct
ནཧམཡདངཡཧདའརལརའརབམགཉསདངའདབརསཡད,incorrect
བགསཨཕདདདཔངཔརལངཐགགཉསཀའགམདསགདགས,correct
དནསཁདདངཁདཚརདམདདསགཏནདདཚསདགབའདག,incorrect
ངལཕནཐགགངཡངབངམདཅསངསལནའདབསགསཔཡན,correct
ཀདཀནམཆགདངཁཟསསགསཉདདཁདལགངབངསངཞག,incorrect
དརབརནངསའབགསངདདམབཅའགཞནཞགབཞགཔཡན,correct
པགསནཔའརནཚལདསངམཉམདསརབསམགཞནདསབས,incorrect
གབརདམགའཐམཔའངངདཚརམཐརསདམཛདཔརའགར,correct
འནཀངབཙནམཨསཐརགསཁདཚའཡལགཤནདསབསསས,incorrect
འནཀངམཚནམདརདཀནམཆགགསནཐནལབཀའགནངབ,correct
གཏངརངཞགགསབཀརགསབརདནསམསཀའབལབསདད,incorrect
དསརལཔཨཧབཀཁབཀའཐདམཚམསབརདཁངལཕགནས,correct
དརསཁཚཔཧཧརདནསབལགགསནཔརཐགསདནནངནས,incorrect
བནཡམནགམམངཚསངསབཀཆདདཡརཤལམནསབསཤག,correct
ཡངདཚའདཀནམཆགཡནསབསདལཚངམརཤངགམཛདད,incorrect
དམགའཐབགརགསགསངངརལསརལངསནསབསདཡདད,correct
མཆདའབལཕརབཏནསརཚརགཅདགནངབདངསདགཔའ,incorrect
ངསཁདལདཚའསངདརནངནགཏངབརརབནསཞསམདད,correct
ཁདཚསཤསབདནཔཤདམཁནདསགཔརཐགསརལངསནས,incorrect
ཁདརངཚའསནཨསརཨལགམམངཚལའཐབརལམབདཅག,correct
མགངསགའདལབའརངའཚནརངཚངམསཉནགངམནསས,incorrect
འབགསདདངསརབདགཔདངཆརཔསགསཡངསསའཆདད,correct
ཀདཀནམཆགཁསམལགཉདལདམདཀསནསབསདཡདཅང,incorrect
ཡཧདའསརགསགཅགཔདབདཀབརདཔའརསསའབངསས,correct
མའམཕཡརཡངནསའདཚརསབསརགའདསཚདགངཙམདང,incorrect
ཁསགཙབདཀནམཆགདངལནདབཀའམལཞབའཕརཡནམད,correct
སནདསཤདབདཔའཆདདརབརནབཅསབཟདགསལཡདརང,incorrect
དདངཆབསཅགརངགསནརམསཀགནསཚལགངཡདསརདང,correct
ངཡབརལཔའདམརམཆདཁངགཉདཙགམབརདབསདཔདང,incorrect
བནམདཔའགཙབདཀནམཆགགསབཀའགནངབའདལརཡན,correct
མཐསབསཆནབཟསཔདངཕགསསཁལམདངའཕདཡངབདང,incorrect
གཙབདཀནམཆགགསཁདལརལཁགནངབརའགརཞསསསས,correct
རལགགཏམབཤདནརལཔརབསཔའསརལངརངལགསགནང,incorrect
གངགསལལདཚདརམསགཞངགཁམསསལལརའདགསདགས,correct
ཁདཚནངཚའམཚའསབནཔཞགལམཤཙམབརངནསའབརར,incorrect
ཁདཚསངལརལགངམངབསཀངདསཕནཐགམབངབརའགར,correct
ངཚསསགཞཡངསརབསབསཚརངཔགནངབའཁདམཡནནམ,incorrect
དནསཁངགཨཇརམསཡངསཁངགམདནདཁའབབནསསསཔ,correct
ངསཁདལསརདནཔརམསདབཏངནསཁདཀསངངམཁནདང,incorrect
འནཀངམདངཔཞགགསརངཉདདཀའསགལསགལབརབདད,correct
ཤཁདསདགརམསནགགསདཚཨསརཨལགཡལལཉནཞགདང,incorrect
ངདངངའནངམརམསནགཙབདཀནམཆགརངལསཞཞརཡན,correct
ངངའསངབདངརལཁབཡལགསརབཛཡནསརདགའབཡནན,incorrect
དམགསརབསདཔཚདངམཉམདགནསསདབདཔརའགའཞས,correct
འཛམགངགཟགསདབལཔརཕགམདའགམབཞངསཏངསསབས,incorrect
དམརམཆདཕལབའསམསཅནཚངམའཁགདའསངདབཤསཤག,correct
འབལབཡངསསདདཔབཟརའཐགསལམཆདའབལབསཔའཡལ,incorrect
ངཚསམངདགསཔའདཀའངལགསརལཁདཀསམཁནགསལལར,correct
ཕལཤདཔའརལཔདབདབཞནགངཁརལདངལནཚལནངཡདད,incorrect
གཙབདཀནམཆགགཐགསཉདཀསངལདབངབསརགནངབདང,correct
དཚརསརཡངགཙངམབཟབའཆདཞའབདདགསཔཚངམབསས,incorrect
ངསསགཞདངནམམཁརདབངབསརབདཔའཁམསབཟསཡདད,correct
ཨབནརདངལཟཕརགནགསབནཔདབསདདགའསའངངསདང,incorrect
ཡལདརསསཔའཤངའབསའགའཤསངསཔརདའཁརཡངདགས,correct
དལརའབརབསམབའཁརའགབའསརཐསནསསགཔམཡནཔས,incorrect
བརལདཔངཔརནམབཤདནསམཉསཅནཞགལརགསམབདཅག,correct
དའརསསཡདམཁནདནབདནཔརབཞགཡདཔམཐངབརའགར,incorrect
ཁཡསརངགགསརམསརནཆངཁགལརདམརཔནངདའཁབརབ,correct
ཁདརངཧཅངལལབཅགསསཔརཁངགསརནཚལརངལསསཤག,incorrect
ཁདཀསཁལབརབབདབཞནཡདནཁདཀསཁལབཅནཔརབདད,correct
ཡཧདའའགདཔནཔཚརམཡནགམརམསལསསབསབཔརམསལ,incorrect
ཁདཚའབསནསསདངསཕགསསནསསཕརམསངལབདགཔཡན,correct
གདཔའབགལབདངཨསརཨལཔཚརཐགསཁབམཇལམཐབཔས,incorrect
ཀནདབངཅནགགཙབདཀནམཆགཨསརཨལགདཀནམཆགགས,correct
དཚཞབདའངངདབཀདདལགཞནབརགཏངརངཡནཞསཞསས,incorrect
ཨཇབཔརམསཀའཇགཔའནདརམསཁདཚརའཆངབརམའགར,correct
དཉམསགསཞབསཞབརགསབརདམརམཆདཀངདལརའགརར,incorrect
བནམདཔའཀནདབངལནཔའགཙབདཀནམཆགགསགསངསཔ,correct
ཁདདཀནམཆགགངལགསབའདདའགའཤསཁདལསནའཇགས,incorrect
ངསཁསའཁརཡངབའཨབརཔའམའདངའཁངམགནངཡངནས,correct
ཁཡརངགཆདདངཡངཁལཉདཀཐམགབརམསརནསབསདདམ,incorrect
ཁདཀསགསངསཔའབཀའའགབསབསསབདསཅབདདགསསམ,correct
ཨསརཨལགརལཔནབཀདནཛརགསརལཔསགཛལམའཐབསཔས,incorrect
གཙབདཀནམཆགཨསརཨལགདཀནམཆགགསངལབཀའགནངབ,correct
ཡརཤལམགསཁལསནམའཚའབརལཁནསདསཆནདཚནསམཔར,incorrect
གསམཆགཅགལགངཁརགཕརལདརལགསགསདཔརའགརབདང,correct
འནཀངདནམགགསཔརགནསསལམནནདངཇགབཅམབདཔདང,incorrect
འནཀངདལངསཁདཚལཤདརརཁདཚནངའཕགསསབཁབསརན,correct
སགདངལནབདདགསསརངབཙནདབཟསཔའརསསདགའཔཡད,incorrect
ངསགཙངཔཚའགགརདངརགཆརམསརགསསའཇགརམནཔདང,correct
འནཀངགངའདའཕསལསཔའགཞནནཚསམདངལདངབདནཡན,incorrect
ཁདཚསསནམནསདབདལརངགརལཔརབསའདདབསཔཡནཔས,correct
ཇཙམལསལགཔགཡནཔཤསཔའཆདཨབརཧམགདཀཞགསགནང,incorrect
སགཞའདའཐགདཚནམཡངགནསམའཇགཅསདཚལཤདདགསས,correct
དབསནཁདདངམརབསགནསཔའདམགམའསངམཁནཡནནཡང,incorrect
དཚསདརཡདཔའམམངརམསབསདནསགངཁརདམརབསགསས,correct
ཁགལགམཆདཁའསངནསཁདཚསཁངཧནའཐརརགསཔརབདད,incorrect
མཨབཔསཡཧདའམརགསགཞནཚལརཡནཞསབརདཔའརནགས,correct
བམཡཧཡདསགསབདལབལསཔའཐཁབསནཔབདམཁནགལགས,incorrect
ངསབཟསཔའསགདངལནཔའརགསཐམསཅདམདཔརབབའཕར,correct
དརབརནམཤདངཨརནདངཁའཆདདགཙབདཀནམཆགམགཏང,incorrect
ཁསརལཔའདངདབཅརནསརངགསགངམཐངབདའསརལཞསས,correct
ཁངགསཚངམའའགནདརབསབསམདཔའགསལའནཔཞགཡནན,incorrect
ངསབལབཞནབསདཡདསབསསམསཅནབཞཔཞགམཐངབངབས,correct
ཨསརཨལགརརམཉམདཡདཔའཨསརཨལཔཁདདངམརབསསཏ,incorrect
གཙབདཀནམཆགགསབནཡམནགསརགསལའདམསསགགནངང,correct
ཁཚསའཐངབའརགསབརདནསཡལདརའགཡབསལབདརམཟད,incorrect
ཁངགམཛདཔཐམསཅདབཤདརདནངའཕརཇའདམཚརཆབཡན,correct
དརསཨསརཨལཔརམསཨལཡལམཇལདསཁདལདམགའཐབབསཏ,incorrect
འདཚཀཧདའརགསརསཨརནགམབརདལསདཔའམངའཁལཡནན,correct
དའམཐནགསཕདནསསསཔའགངཁརགམམངལབནརབསསཡདད,incorrect
དའསངཉནམཤསམདམངསཀརདརགརམསའགགསའཇགསབསཏ,correct
དཚསགཞངདནསལངསམངཔའབརམསཔའཉསལབབཞཡདཔདང,incorrect
འནཀངཁསདཐསནསདམབཅའདདགསབརའའགགབབསཔཡནན,correct
འནཀངདཀགམཤསརལགསདམགནཔཚའཁངསནཆངཁགཏབཅག,incorrect
འནཀངརལཔསདཚལརགསཔབརརནསཤགསམདཔརའགརབདང,correct
དཚསལངབསནརམསལསདངནསཀནགཁངགདམབཅའདདདངལ,incorrect
དནསཁསརལཔའཕབངགཁམསཁངགདངཡགགཁངམགདསངབས,correct
བཟངནསའགགམཐབཅསབངམདདགསརདངལགའཕསདསངསས,incorrect
ངསཁཚརབརསམསཆབའརནགསཁཚའདགབརམསལཁསནསཡད,correct
སནདའགཚགསཔདངསངཕགམབངབམཟདདསངརཅནཡནཔདང,incorrect
ཁདཀའདདཆགསདངསདའཚངགབབསསགབསལམངབརའགརར,correct
ཨསརཨལབཚསཡལདརརངརམསའཇགཔསབརནཔརའཇགསཤང,incorrect
ཨསརཨལཔཡངསཀསཁཟསཀམཆདཔའབལསབསདལརབདདགས,correct
གཞནཡངལཕགསཀངམངརའགསམནལམསལརམགཙངབརགནང,incorrect
གཙབདཀནམཆགདབདདངམཉམདའགགགནངམཛདཔའརནགས,correct
ངའསརཤསནཡངབཟདཔརཤགཅསསསསལདའཛམསབདམརངང,incorrect
ཁདཚསཐབཔའདངསཟགབཟངཤསདལསཁདཚསཁངལཕལདགས,correct
དཚསཡངནསཞགལགཔརལསཔཁདཀསངལགསཆདཔསགསངསཔ,incorrect
འནཀངཁངགསཉདཀམའབངསརམསལསངསབམཛདཔརའགརར,correct
མགགསཔཧཤའཀསབམཛདདཕལབའསནལཨལཤདཐབཔའཡལད,incorrect
སཞགགསགཞནགགངངམལགརསནསདབསདཔའམའཚངབཡནན,correct
ཁདལགདངརརཕགཁཁརམསསབསནསགཙབདཀནམཆགགསངད,incorrect
མསངའརངགམམངགཁདདངལདགསམཁརམསཆཚངཡདཞསཔས,correct
ལབནཁའརརའཁདནསརལཔཧཛཨལདངཨཛམཝདདངཛརཡདང,incorrect
ཉམནམམཁའདཀལདགཡའགལམདཔརཉནགངམནབཔརབསདད,correct
དབདཀསབཞངསདཆནཔསགངཞགལསཞཞསཆགསཟནཡདཔཡན,incorrect
ཁདཀསགཙབདཀནམཆགལརལབརཅའཕརབསངནརམགཡདདམ,correct
ངཚའདཀནམཆགགསཨསརཨལམདམཆདཡངགའདནཞསབཏགསས,incorrect
གཙབདཀནམཆགགསཁམསགཅདགནངབའཉནམདནཉབརརནཞང,correct
ཁལཤངརའཁརཡངསསསབཀབསརལཔཧརམགསཁདལགཏངརཡན,incorrect
ཨལལའརགསབརདརམསནཨརདངཧནནཨལདངརཛཨབཅསཡནན,correct
དདངཁམཉམདའབལརའདའཚབདཔའངངགལནསདམཔབཟབདང,incorrect
མཆངགརགཉསབངསནསདརཡཀབཀབབཅགཉསཀམངབརསདགས,correct
ཁདཀསདཚལངནཔའགནསགཅགཀངལསཐགརངསདཚའརསདགས,incorrect
དནསསརཡངཉམབདནསགཔའརསསའངགདཡངཐངཅགབཏངབས,correct
འདནཡནནསརའཞལབཞསརགསགཅགཏབཀའཁམསརམཚསལནད,incorrect
དཚའཁདདསབནགཞནཞགགརལཚབབཟངམཁནཞགཡདཔཤསབང,correct
ཧརམདངམཉམདམཕནཔརམཛདདབཀའགཞནནདསབནཧརབངང,incorrect
ཀགཞརརའམཐའའཁརདལའསའབརམསཀབརནཔའལའབབཡདད,correct
ཁདནམངནགསལདནཡལབརདངདམབཅའསམདཡནནམཞསཟརར,incorrect
རའདམཔའཀབརམསབཅགཔདངལམཨཤརའམཚནམརམསབཅདད,correct
དཚའདཀའངལགངབསཀངཁདཀསསགནསརའཛམསཀསའཁདནས,incorrect
ངསམནསསའསརགསཀམཀརཞསཔའརགསརསལགལཨདསདཔཡན,correct
རངགབནགཡགམགཉསའཁདཡངནདའདའཚརབཡནནདལརའཇག,incorrect
དམནངསཁདདཚམཉམདཡདསབསསཧཅངའཇགདགསཔབཟརཡན,correct
ཁདཚསཁངགསརངགམརམསཁདཀབཀའསགམའཁལཡངསངརམདད,incorrect
ཁདཚའམགགསམདནདཁངགསམཐསབསཆནཔའམཛདའཕནགནངས,correct
དའཕའམངཛརཞསཔདརཉནཞགགསམདལསམགགསལནཔརབཔདང,incorrect
བམརརསངསལནབསཔའའབལབརམསཁརངགསབདགཉརབདཐབབ,correct
ཡཧདཔའརནགསཡཨབདངཁདཀཐགསསརདཞངལསཁམསམདཔདང,incorrect
དརསདདགགསགསརགམཆདཁའསངདརསཁབསསནཔཞགབཏངནས,correct
ཁཚསབལསཔསརནགཁདཚའལགཏགཏདདགལཉནབརགཏངབརབད,incorrect
ངསམམངགངསའབརཇཙམཡདམདཤསའདདའདགཅསབཀའགནངང,correct
ཁངགསཨསརཨལཔཚངམའཐགཏདམགའཐབཀལསའགལབསབཅལཞ,incorrect
འནཀངཁདཀསབཀའཁམསལཉནཔཡནནཁདདཚའརབའགལདཡདད,correct
ཡཧདའལམའགབཅགནསགཞནདངམཨནཐའབཅསཡནཔཤསཔརབད,incorrect
རལཔསགཡལཁདདངགངརམསདངལདམབལབཅཐམཔསདནསཉསས,correct
ཁམདའཁརཡངནསགསངསདཤགསཆགསསབསཀནལབབཏབནསཡད,incorrect
ངགཉསཀསཕནཚནབརལབཞགཔའདམབཅའདབཞནདལངགཉསདང,correct
རལཔཆནཔལགཔཨམབགནངཡདཅསསབསངསཡདཔའརནགསཡནན,incorrect
ཨབརཧམགསནནཧརསདཡལབངཕགསམསཔཊམཡའགངཁརདསངང,correct
ཡཀབཀཡནཞསབརདདརཀམརཔལསབསརལམམཁནཚསངའགཡདད,incorrect
དབཞནངཚའསཞངདངརནཚལཚངམམགཞནགབདགདབངདཤརབས,correct
ཤཕདངཏལམཨབཅསགཙབའམཐབནདངཤམཐཔདངསནགགསམཤལ,incorrect
ཨསརཨལགརལཔཨཧབའདསཔའརསསམཤསཨསརཨལལངལགབསས,correct
དམནམགསརབཤགསཔདངངལརགབརསབསནསསགནསཁངདངརད,incorrect
མཤསའཇགསཏསམསལངསགངབསཔདཚངམསཧགབཞགཅསབསམམ,correct
འནཀངམལབདདངམཉམདདཀགམའགསདམབཅའགངབརམའགརར,incorrect
ངསདཚའརའསངགངཔདཕརལནནསབཀའལཉནཔསངཞགསདརཡན,correct
བབལནཡཔཚསཨགགལཚསརངགམངཤལཙམཡངམལབབཅལཡདཔས,incorrect
མའངསཔནཁདཚའབཕགཚསརའདཚའདནགནདསརལའདརདབདན,correct
མནཧམགསངསཔབཟསཔའལསཤགདངབསསཔཞགབངསཏཚལལདང,incorrect
ཡཤཨསམདནལགསབཅདཔའམརམསནམརབསགསརཔདརམསཡནན,correct
ནརསལགརཔཁདཀསཁལདཡངསདཔརའགརམཁནཞགལངསནཔཡན,incorrect
ཁདརངལམདསནམདབདབརའགཐབཔདངནམཡངའགལབརམབདད,correct
གལཏརལཔསཆསབསཔའམངལཀགཔཁསཐསཔའམརམསལབཏངཡད,incorrect
དམརམཆདའདཚའདཞམགསགཙབདཀནམཆགཐགསམཉསཔརའགར,correct
འབསའམཆདཔཟབདངཡསཁདལདམའའབབསཀངདཚསམཚདཔཡན,incorrect
དཚསནཆངམཛསམཇཡདགངཁརསསརབདམདཀསརཁངདབསསནས,correct
ཀརམལནརསལལགདའཕགནསཐབཔརབདཔཡནནཁདལབཅདགནངབ,incorrect
དའརསལམརནཔའགའཤསཡརལངསནསདརའདསཔའམམངཚརསསཔ,correct
དབཞནཆཚངརརསརངགཕབངགལསདདཚསའབལབའདམཚངསཔརད,incorrect
བབལནདབཞནམརགསཚལའཇགསསགསསཔའམཐངཡལཇའདའགརར,correct
འནཀངཁདལབཀགབཞནཔའསབསསབསལབངཚསའཐངམཁནཨཧམཛ,incorrect
སརཁདཀསགཙངཆནཨལཁརཞསཔའའཁརརགདཡངའཁརནསསངཞག,correct
དཚསརངགབཕགརམསལཆསདཡདཔའདངའགལབའདགགམཞསསསས,incorrect
ཁངགསཁདལཨསརཨལགརལཔརངསའཛནགནངམདཔཡནནཞསསསས,correct
དཚརངའགཏཡདཔའསངལབཙནའཇགསཤངརའཁརལརརའདམསཡད,incorrect
ཁདཀབསའཁརཡངབའརཤངདལསངལའངའགའཤསསརཞགསསཔདང,correct
སགཔཁདཀསལཝཔདསཟའཕལསདདགསབངདའཇགསཔསདཡངརཡན,incorrect
ཨམནགལསབདཔཚསཁངལབསངནགཏངནསཁངལཕབངནངབཀངསས,correct
ཁདཀསཨསརཨལཔཡམམངཚཕརལགབསཔའསརལརལགལནབསཔདང,incorrect
རབའམཐའའཁརགཀབརམསདངལགསགཐགགཕནཚནའབལཡདཔཡན,correct
མརམསཀགཏངནསབངབའཆདདགངགཅགཀངསརཡངངསབཞནཡདད,incorrect
ཁསམཐནའགགསལབརམདབདམཐབཔདངཉསཆདམདཔརཐརམཐབབ,correct
ཞལགཟགསཡངགཏངཟབདགངསབདགཔགངཡངཟགཔརམསདགཔཡད,incorrect
མའངསཔརཁངགམམངརམསནསདཚཚངམགསལཔརརགསཔརའགརར,correct
འནཀངཁངངདངམཉམདཤརའཇགབཞནཡདཔདངབདནཇཡནམརམས,incorrect
གནཐགརགསམཡདཔཞགབཟསནསདཡགཞགསགཅགལསཞགབཟསཤག,correct
སདའཚངམའབརདདངབཞསབགཕལམཁནདརལཔལགབངཕགསཀཡདད,incorrect
ཁངགསའདདཚའསནསཡཧདཔའམམངརམསལསགཔརསའཁདབསཡདད,correct
དནསཁདཚརརལཁགལནཕརཔའནངགསམཤལབཀའགནངབའནསཔདང,incorrect
རལགགམཐའའཁརདཞངཁམལམཀརབདནཅདནལཡདཔའསརཡདཔདང,correct
ཁདལངལགཞབསཕངམགཏགསམདམངསཀནངདནཨལནབལསཀསངསས,incorrect
ངའདངལགཕརཔདབཆངཤསཀཕདགགགསངདངལདངམཉམདབཞགཅག,correct
གཙབདཀནམཆགགསསཨཧཛཁངགཤལའཛནདརལཔརངགཁལསདདགས,incorrect
དབགརདམཔའཆདདགཙབདཀནམཆགལབསསཔའགསརགལདཚདནཀལ,correct
དབདངབཞགསཡདསབསཔཡནཞསབརདསབསསགནསཚལདདནསསསཔ,incorrect
དབདཀམཚསཨབནརགམཁངསནསཡནཔབནཡམནགསརགསལསམགངས,correct
ཀབསསལགསཔསངཚརལམསངསཞབསཆནའདགཅསཤདབདདགསབངང,incorrect
སནདསགམབཅདནསདརསསརཁལདརབཅདདསསནཏགརསམའསགམས,correct
ལའསའབརཚདམདནདབསབཅལབདངཡནཔརགནསརཧལལབགསཔདང,incorrect
དཁདཀསདཀནམཆགལགསཞབསདངབཀའསངབདངསཤསབངགསངསས,correct
ངསཁདལངའརནདའཆབའརནགགཏམརམསགཅདདངཔམནཔཤསཔདང,incorrect
མངནགསབསསབཅཁགགའབལབའཁངསནསངསགངཡངཟསམདཔམཟད,correct
དངསརགསཀལགའཕསདནཁནརམསདརལངསསདདནསའགབསཔཡནན,incorrect
དཚསསདཤགསཆནཔའངངངལགསལབའདབསཀངངསདཚལཉནརམནན,correct
དའསངསབཀའགནངཡསཆཚངབསཔའསལབའདབཞནགསདལརབསབས,incorrect
དརབརནཡཐརསམཤའཆངམཛབཔརསརམཤདངམཉམདམའཁདཔདདང,correct
ཁངགསལསགསཔདཆཚངལནནསདརསདམབཅསགསངསསབསམམབངང,incorrect
ངསགསརདངལཟངལགསནལདམདབཟབལརཁདཚཡངགཙངམབཟརདང,correct
ཁངལསམཆདམཁནགཅབདཀནམཆགགཙབདཀནམཆགཀནདབངཡདཔས,incorrect
ཉནཞགབདནབརདཁདཚའཡལནངསསཀངརངགཁམདཆམནབཞགམཆག,correct
ངཚསགཞནསདསབདཞའཇམགངངདརངཉདཀངཞནལགསཔརའབལདང,incorrect
མཚནམདརཁངགརལམནངགཙབདཀནམཆགགསཞལགཟགསཞགགནངལ,correct
དལརངཁདཚརབསའཁགསསདཁའབནདགའབགསངདསདཆབཤལགཅག,incorrect
དཚའཕམསཀདཀནམཆགགཙབདཀནམཆགལདམརམཆདཕལཐབཔའཆད,correct
ཨཡལནབཟའསསལདབངབསངའསངསབཐབམཁནཁངནངཚརའཕདཔས,incorrect
དནསམཤསགཙབདཀནམཆགལསམསགཏངནསསནལམའདབསཤངཞསཔ,correct
དབསནཁདཚསདཚགཉདཙགམབརབཔརཁདསངལརབགཤའབངཕགསདང,incorrect
ངཚའདཀནམཆགགཙབདཀནམཆགགསངཚརའཆབརཁམསགཅདགནངཡད,correct
སམསཔརམཐངམཁནགམལནཔརམསཀསརལཔཁངདངམཉམདགདགསཤང,incorrect
ཁངགཡམགསནརམསནསཤཀམགམརམསལཁངགཆདདདའསརལསསཔདང,correct
ཁསརངགཁམསགཅདདངཔརསངནསདཚརསདསགསགངགགཞངསརམཛད,incorrect
རལཔདངཁངགདམགམཚསདཚའདཀའལསརབཔའའབསབགངཡངམཐབབ,correct
ངའདགངསཀལམསལགཔརགསནདའསརགསའདསཔཞགབཤམསཔཡནཔས,incorrect
དསནཁཚསཡརདནགནབཕགསསནཕཏལའརབརདཁལདགལལགཀདཤདང,correct
ལཨམམནགལསརམསཀངཡལདའཁདནསགསཀཚབཏདཚསངའའབངཁངས,incorrect
ཁདཚརངགལསརགསརམསདངམཉམདམཆནམའངཡརཤལམདགནསདགས,correct
སབབཟངཔའམདངཕལགགཅགནསགཙངཔརམསདངབརཡངསབམདདདམ,incorrect
ཁངཚསཡསབལཁནཔནསབཏནནསཨཤམཨལཔཚལརནདངལཉཤལབཙངང,correct
ཁངགསཆརཔརདཔསནཔརགནསམཆདཁངགརལགབདནམའངསཔའཇགག,incorrect
འནཀངངསཨསརཨལཔརམསལསདརའཡལདརཁདའགམཆགཞསགསངསས,correct
སབཇའདཞགབཀབཔརབབརཆདགཏངབནསདགསཆདངའབཡནཅསསསས,incorrect
འནཀངངསལགཚསབསརདངདཚལསརཡངབསསབཅསགཏངའཇགརམནན,correct
ཨཤམཨལཞགཔསདའརགཔའསངམཡཀབཀརངགཕའཁངཔབསབཞནཡདད,incorrect
དའཁསལནཕརཔའཁསལལབརཕལགནསཔདམའའདབམབཞནཀགནསཡད,correct
ཡརཤལམདལསཆཤགསཆནཔཞགལཉམསརདརམསབཟངསགངཡངམབདཅག,incorrect
སངཉནཞགཔརཁདགསགབསནསངདངའཕདཕརརབསནཨའརམརཡངདགས,correct
འནཀངཕལཤདཔའརལལནསལཨཇབཔཚསཤདསཔའསནསངའཕནདཕནནས,incorrect
བའདའཡམགཕགའདལསམདཔསརནཁའཡབཀསཁལཤནཏགཅསཔརགནངང,correct
གཙབདཀནམཆགཁངལཅའབལཐབཔརཕནནསཨཤབཤདམཚརཔཞགབངཞང,incorrect
ཀནདབངལནཔའགཙབདཀནམཆགགསཛཀརཡལགསངའཕནའདགནངགསལ,correct
ཨཇབཔརམསགའནངསལཝའརགསཀཁངསནསངལསབསཔབཞནདལབཡནན,incorrect
ཀརཡདཡརམབཅསཀམརགསརམསགནསསདབདཔའགངཁརཁགཏབསབསས,correct
ཁདཀཚངཁངསསལམནགསལགལཨདཡལདརརགཏགནསདརགཐགལཅནཡན,incorrect
ཁདཚཟབབདནཔའཚསབཅལའཉནབསནབཀརགདནདགཅགཏའཛམསདགས,correct
མཚནའཁརམཁནགཙབདཀནམཆགཁངགགསཧཅངཆངབདནཐགམདཔཡནན,incorrect
དཚསཡལཡངསསམགསདགསཔདངཡརཤལམདབཞནཁམསའགལགབཀངཡད,correct
དནསཁསངལམཆདཀདབངའཛནབསཏདབངསལབསསབསཔའབངསདཔཡནན,incorrect
དཚསདབངབསརབདཔའགངཁརགདདངདའཉའགམགགངགསབརམསབངསས,correct
ཨསརགརལཔརཛམདངབཅསཔགསནདདགཔའདངདངངའབནཔརབཟསཔདང,incorrect
ཁདཀམམངཚརགཏནདབདགཔརགནངབའཡལའདརཆརཔགཏངབརམཛདཅག,correct
དཚའའདདཔཆནཔཨལཤའདངདབཅགཔརགཙབདཀནམཆགལདམབརབཟསས,incorrect
ངཚའདཀནམཆགགཙབདཀནམཆགགསགསངགངགནངབདཡངསརངཚསཐསན,correct
ཁདཚའཚབརབསཆནཇའདརབདངདདདངལནཞངཤནཏགནསཔརའགརརཡན,incorrect
ཁདདངཡརཤལམདངཡཧདའམམངབཅསཔསངའཉནབརརདསངབདམདསབས,correct
ཨབནརགསབཅདལནདསཡཧདརགདངགཞནཡངངདངསདའཕལམདཔརའགར,incorrect
ངསདཚའདགབཚརགངཁརའདའརནརཐམསཅདའཕགབཅམབདདའཇགརདང,correct
དརམསཀངའཚགམདཔདཚགསབཞགགསམབཅགབརདབཏངབབཞནབཅདདམ,incorrect
དབསནཡཀབཀམབརདནརངགདཀནམཆགལབབཅལནསཁངགཕགསསལགཅག,correct
ཁདཚའགནདའཚབལའཇགསཔའསརསདངནཔཞགའཁདཕབསཔརམའདགགམ,incorrect
གཙབདཀནམཆགགསཞལབཞསགནངབསབརའརགསཤགཁདལགནངབརའགར,correct
ལགསཀརསསའཇགམརངགསབཀའགནངབགསདའརངཚདམལནཇངཡདནཡང,incorrect
ཁདཚསགཙབདཀནམཆགཁདཚའདཀནམཆགགབཀའལབརསངམཞསཔརབརན,correct
མམངཀནགཁདཚའཁནགཞངཔཚཡསམསནངཡཆདདལནཔའཡལཞགཏའགརར,incorrect
དཚཨཤའབཔལཏཡདངནརཨདངརཕཡདངཨཛཨལབཅསནསསའཁདབསཡདད,correct
ཁངགསཡསདའསདཚབབལནཡཔཚརདཚབལསགནསདནལལམལངབརའགརར,incorrect
བགགགཞནཞགཧཅངཆནཔདངཤགཔཡངཆནཔདངསམངཔཡདཔཞགཀངཡདད,correct
འནཀངངའམམངབཟངལནངལངལགཞགགསངཚའརལསདསངསབཀའགནངང,incorrect
མབཟངཔའཕརདངསངརཅནདངདནཅནདངདངཔའཆདདམནཔརའདའཚརར,correct
དཚསཨབརཔདཚསབསམམངཚའབམསགཕརམཆདབསཔལརབདབཅགརཡནན,incorrect
དཚའགསརཡངནདངལགསགཙབདཀནམཆགདདགལཐགསཁསབསསབསམཐབ,correct
ངཚཁདམཉམདའགཞབཀདམགམའསམཚམསཔའཡལདགནསཡངམསདགཔརབད,incorrect
བཐལདཁསབཞངསཔའམཆདཔའབལསཚརམཆདའབལགཆདདབམརམསབཞགག,correct
ངཡརཤལམདལབདནཁརངཡདཀའངལདསཤངསསཔཚངམའཆདདསངབདསངང,incorrect
དརངསཉནབདནརངབསདནསངསཇལརམཐངབདངཐསནསངའཐམཔརའགརར,correct
དངཚའཇགསཔརཕགསསབསགཞགབསགངརབསསཔའཁམསརའསམལཀརམདང,incorrect
ཁངགསའདསརམཆདཔརབཅསཀསརལངསནཔརམསཀརལརབསནངབཀདཡདད,correct
ཕཉམཨཀལདའཁངཔམབསཔའརབའསབཤཤབཛརཟརབཨཧའརགསརསཀལནད,incorrect
དཨབརཧམདངཨསགདངཡཀབཀདཀནམཆགགཙབདཀནམཆགགསརཚརལགཅག,correct
ཡདཨལབཅསཔཡངམའདམགཏགསམཡདཔནསཕརའབདའཁརརམསབསགསདང,incorrect
གཙབདཀནམཆགགསངཁདཀདབངའགཏགནངབཡནནའངཁདཀསངབསདམབང,correct
གཙབདཀནམཆགགསགསབསསགཙབདཀནམཆགལཉནརརཁསལནབདཐབཔཡདད,incorrect
སགནསདརཞལམཇལགནངབའགཙབདཀནམཆགལཨབརམགསམཆདཁཞགབཟསས,correct
ཤམཨལནཤལརབསརནསདཚའཡལའདརགཡབརལནལམརམསདའནངདབཅརནས,incorrect
རནའབམགཆགཔདནལདདགསཔསརགཔགཅགགཁརམགཉསཀསའཁརདགསབངང,correct
དཚབསསངསསརསསཨརནགབཡཤཨལགསདཚརཐབཐབམཁནམངཔབསནསསཀང,incorrect
དལམསདཚགནསནགཔརའགརཡདཔསདནདབསཕནམདདའགརཡདཅསགསངསས,correct
རལཔཨགརངགཞབསཏགཔངའམཆདཁའརནརགངལགསནཡངརདཔརའགརབདང,incorrect
སརགཙབདཀནམཆགགསཁདཚདངཁདཚའམསཔརམསལསབསགགསགནངབའཕར,correct
ཁདཀསདལདགབཅདཟནཔའརནགསགཙབདཀནམཆགཁངལབགཐཔའསངབརབད,incorrect
དནམའཕབངཞགམནཔརདཀནམཆགགཙབདཀནམཆགགཆདདམཆདཁངཞགཡནན,correct
ཆནངཐམསཅདམཆགགཅགཔའམདནདཁདལངསཡདསབསཔརདདམཞསདསཔདང,incorrect
དབགརདམཔའནངགམཆདཀངགཆདདཁསརཔའསམབཟངཤསཤགའཁརཡངདགས,correct
དའབདབཞནསབམའཚབབསམཛདའཕནགསལསཡནཔའརནརརམསབསཔཡནཙང,incorrect
སགདངལནཔའསམསཅནཐམསཅདལསཕམཆརརཡངནཨདངམཉམདགའནངཕནན,correct
རལཔཁདཀམདནལགསམདགབརཆདདཞབསབདབཞནཡདཔམཐངབསདབརབདད,incorrect
བམཚདངལངསནཔཚདངམམངརམསནསངསམཆདཁངནངདལརབཤདཔཐསཔདང,correct
ངལསགསདགསཔདངལགསབཅགཔདརངབཏངབགནངབདངཁངགགཟབརདརམསལ,incorrect
དཚའཁམབཅམཔདངདཚའཆངམརམསལབཙནགཡམབདཔརའགརཞསབཀའགནངང,correct
འནཀངདལབའདབསསམརམསཀཐགཏསརབརབཞནདཡདཔཚངམསངཞགཅསསསས,incorrect
ཨསརཨལཔའམསཡངསདངདཚའཁདདཡདཔའཕརལབབཅསལསགསལཐབཔརའགར,correct
ཁསབཟསཔའགནསསདབདཀདངདདའགདམདཔའདབཚངམགསགསབསགཞགནངས,incorrect
ངཚཡལཕགསགངདཕནརངམརགསཚངམའདཀལནསཁངགསངཚལསངསབགནངབང,correct
རལཔཆནཔསསནཅནདངདཚལཕརསགབདམཁནཁདཉདནངའམསངདསའཁརཡངང,incorrect
ཨསརཨལགབསནསསརམསདངདདའགརམསཀསནསསཕགཕརམསཚངམངའཡནཔས,correct
ཡཧདཔརངནགཚཔབཏངཞངདཚསགཙབདཀནམཆགརངཡདཆསམགབགསམཔརཤག,incorrect
ཁའསནདགངཚབཅགཅགཡདཔདངཁསཞངམཐའམའགངཚཅགགསརབཞནཡདཔདང,correct
ཁདཚསཀངཁདཚའསངའབཀའཡསརནཚལཁགཏམརམསརངཡལདཕརལགབསཔདང,incorrect
མགཅགཀངམབསདཔརསསཕགསཐནབདསབསདཚཚངམརངདངམཉམདའཁདཕནན,correct
དཐནདངབདནཔའཐགགཟརགགསམནསཨལཤགངསནསདལདསངནདལབཞགབངང,incorrect
དའཆཤསཤགལབསསབཀབཡདཔདངདའལགའཕསརམསགསརསསདགགགཡགཡདད,correct
ཨསརཨལཔཚཐནསབསའབལབདགཉརབསཔངཚའམརབཞགདགསསམསནསལངསས,incorrect
སམཚམསཁགདངདམགའཐབལདགའམཁནམཨབཔཚའརཙརམསམསབསགཔརབདད,correct
ཡཧདའའབངསདངརངཔརསསསའདལདསངལཁདཚཡརདནརལབའམམངནཔཞསས,incorrect
ཨསརཨལཔཚའརལགསབསདཔལསསརབསབརངསནསཤབའམའཁགངསམངབབངང,correct
རལཔསགཛརདཕལཤདརགསཔཚངམབསདཔརའདདཔགནངམཨབཔའདགཅསསསས,incorrect
དཚཚངམགཅགཏབསསནསཡཤཨདངཨསརཨལགཐགལདམགའདནཔརཁམཐནབསས,correct
སསཀངསགགཞསལབཀལནསརགསབསནསརམའབལནསདརངདངའཁསངལདདལངང,incorrect
དབདཀངཕལཤདཔའདམགམརམསདམགགསགསནསབསདཡདཔའཕགསསརགསཕནཏ,correct
སབཞགགནངམཁནཚསངནལསཆལརརབཞནགནངདགནསསདམརམཆདཅགཅསསསས,incorrect
ཁསའགདཔནབདནཅཐམཔའདབཀངབསཏདབགརདམཔའམཐའའཁརདལངསབཅགག,correct
ཉནབདནཅདནལདཕརཔརམསནགངགལཕགསསའགཞངགཁམསརམསརངམཐནབསས,incorrect
ཁདལརགསབདཔའཕརསརགསརརལསརགསརསསསརའགདཔནརའདམསསགབསཤག,correct
ངསཁདཚམའཇགགཉསགངདཡངམཁནཀལཡའབལབདཕརལགཕབསདགའབའརནགས,incorrect
ཁངགསཕགརགསཀཆདདགསགབདཡདཔའསམསཅནཚངམརཁའཚཁགསསརབཟསནས,correct
སསཔཚངམཁངགཡབསལགའབལབའདསལསརཆནའདཚསསལཡངཐརཔགནངབརཤག,incorrect
ངསཞལགཟགསརམསདམཐངནསསམསནངའཇགསསངདངདངངསཚབསཆནཔབསདད,correct
ཁངགཐགཏགཏདཔནཔའབཚའརདརགཞསཆགསམརམསལདབངསཀཚངམབསཔཡནན,incorrect
ཁདཀདམགམལདམགསནགཏངལཚརཡངནསདམགའཐབབསཤགཅསབརདརཡནཞསས,correct
ངལལགགཞགབསཡདཔརམསཀསབམསཔནབཀདནཀནལརལསདབཞནདརལཔརའགར,incorrect
གངཁརདནབནཡམནགརལསནསསརརལསརངཔཆགསསརཟརསཞསཔའརལསབརདང,correct
དཚགཅགཔརདགབནསབངཕགསསམཚམསསཡཨཧཛཡའབཡཨལབརདལཞལབཞསགནང,incorrect
དཁདཕནནསཨསརཨལདངཡཧདའམརམསཀགངསའབརརསབཤརགསཤགཅསགསངསས,correct
ཁའརངཔའཕགསསཐནཐབཀའདནཆབསདལབཙནའཕགབཅམབདཔདངདམཔའརབརད,incorrect
ངའདཀནམཆགགཙབདཀནམཆགགམཚནམཐངཆདངསམཆདཁངཞགབཞངསའདདཡདད,correct
དདངམཉམདཀརགངཁརཞགཏབཟརསབདཔའཕརརལབསནབཀརསགསབདཔལསསབས,incorrect
དམགམནགཞནཚསདམགའཐབཀསའཁདབསཔདངདའརསསཨསརཨལཔའདམགམཡངང,correct
འནཀངསཧནགཧཤབནཡལཡཧདཔཐམསཅདགསགཔསལབཔབཞནངལགསཞབསཞཞབད,incorrect
ཁངགསཨསརཨལགསབདཔནལཝཔགཙབདཀནམཆགལབསབཚརསབསནའདལརགནངང,correct
དཚའརངམཐངཅནགམཛདཔརདམརམཆདརརཐགཚདབསསསཐབསཀནལསཕལཔཞགལ,incorrect
གཙབདཀནམཆགགསཁདཚའརངཔརདགདཀའཞངནགཟགསལནཔའརསགངབརམཛདད,correct
ངཚཡཧདའགལཕརཁདཚརདགབའབབཐམསཅདཁདཚསངཕརདདརཏནཏནའསཔཡནན,incorrect
ནབཕགསསཡདམཁནརམསནསགཙབདཀནམཆགཇལརརབསཆནཡནཔའསརབརདཔདང,correct
ཁདཨསའཡནཞསབརདགཙངམམངཚངམརབསའབལབསནབདསདགའངམཅནགགདཔན,incorrect
འནཀངཁདཀསཁའཕའསགཔའརནགསབསཅལསགབསལམངམདགསསམཞསདསཔཡནན,correct
ཁདཚའབཀདཁབཔརའགརརམསསསབསངཆངབདམདའསགབསལདསགཡལའགབཅགཅག,incorrect
ངཚའདརའཁདཡངདགསདནནསནདངཚའཕདགགནངདངལཕརལགབསཔའརནགསཡནན,correct
དནསགསཞབབདཔའགངཁརདབཞགཅསབཀའའགགགནངབཞགཔདགངཡནནམཞསཔདང,incorrect
མགཞརབདངདགགསབརམཐབཔའཚདནདལསགསཔའནདགཞདགཔབཅསའཁརཡངརཡན,correct
ཨསརཨལཔཚའཐགཏགཅནགཟནཚསདཚརསནརགསབརདགབཅཕརལགཕབལསབསཐརར,incorrect
གཙབདཀནམཆགགསཞལབཞསགནངབའཡལདསབསཔའརསསཁདཚསདསསནདསངདགས,correct
འནཀངདསངཞགབལདནཧཅངདམརམཆདཕལཐབཔའདབལགནསསརབནསམརངབདགས,incorrect
འནཀངགནསཚལགངའདཞགཡནརངངའབལསགནསདརཕརལགམའཁདཅགཅསགསངསས,correct
ངསདབརབནསཐནཏཆའའགཏགནསཔའདཚསཁཟསདདགགདངདནཅནགཞབསཕཞདགས,incorrect
ཁདཚསཤངསངརམསལམཆདཔདངལམརདམཔརམསའདབསཔདལའགདཔབསདཔརའགར,correct
བདམརངབདངགརཁབཅསལའཛནདཨརནརགསགནངཡདཔསཁདལསབསགཞགབདནབད,incorrect
ངསརངགགཟབརདདངམཐསབསསནཔའཕརདབབལནདརངགརལསབཟསཔཡནཞསསསས,correct
མརགསརསསཤམཨལདངཛཀརདངཁངཔདརདམགནངརཡནཔརསཞགཐརབརཡནབརདང,incorrect
ངབནམདཔའགཙབདཀནམཆགགསདཚརསརདངངསཇལརསསཔརམསདཚསབདཔརའགར,correct
ངསཁདཚའཐགརལཁབཚསཀངགངཡངམབརརབཀའཁམསརདངལངབའཤསརབགཏངདགས,incorrect
གཙབདཀནམཆགཀནདབངལནཔའདཀནམཆགགསཨདམགསརལབཀའགནངབའདལརཡནན,correct
དབཞནམམདལངསནཔཡཤཡསརལསབརའགརནསབངབཡནཞསཞསཔའཐལབསབརམསའཆ,incorrect
སབསདརཤམཨལནརསཀཆསགསཤགགནནསགཙབདཀནམཆགལབསནབཀརཞསཤངགནསས,correct
དནཨམརཔཚསཨསརཨལགམབརདབངབཟངབསཏཁངགཐགསདགབའམསངབརམཛདདགས,incorrect
ཀམརགཔའསབབབལནཡའརལཔཁནརལགདངམཉམདཡངཐབཔའལམགཉསལརགསརབཅག,correct
ཁགནསའདའལསདནགངསཅནརམསནགཕབངགའགམདཤབའསརགཕརཔདམརགདདགནས,incorrect
ངཁདདངམཉམདའགདགསབསམནསརངགགཡགཔལབངབརསརབརགསབསཤགཅསསསཀང,correct
མརདཀཡམཚནཞགསམཅསབཀའགནངཡདཔའམདལགསརགསཀདནནགཅགགསགསབདཔདང,incorrect
ཁསཔའསམབསསཔའགཞབདདགཚལམཐནབཞནདའབའམཆདཔརགཤམགསལལརའབལདགས,correct
མཤསབསའགལབསདབསཔའསབའདསཤགདངངསཁདཚའཕསགཅགཅསགསངསབརབདདགས,incorrect
རལཔཡཤཡསརའཀབརམསདམབརབཅགཔདངལམཨཤརལབསབའསའདརམསལབཅགཔམཟད,correct
དའསགབསལབདརརཐགསཁབམཞབརཁདལབསདབཞནསནམཡངགནསནསམམཐདནསཐནཏ,incorrect
ཧདདཨཇབདགནསསབསདབདའདསཔདངདམགདཔནཡཨབཡངའདསཟནའདགཅསཐསཔདང,correct
ཁསརངགཡནགསངཚཉནཁལསངརགནངབདསདབདནཔམམཐདཐབཔའདངདབགལབཟམརང,incorrect
དའདསངཙངངསདཀནམཆགལསསབདགཡལཞགལསལགགཞནམཆདཁངཇལརབཞངསནསསམ,correct
ཤམཨལཞསཔགཉསདངརབནགསརཧལགསཡནཐནགསདཚརགཙབདཀནམཆགགཞནགསགངས,incorrect
ཨསརཨལཔཚསགཙབདཀནམཆགདཚའདཀནམཆགགསའགགཆགནངབའརགསཐདགབསཔདང,correct
དབསངསབསགནངབགསམའམགའསདརའཁདནསཀསདཚའཁངཔཚདངསངརབའདདའགརར,incorrect
ཁདཀཕཡདཀནམཆགགགཡགཔངདརམསལབཟདཔབཞསཤགཅསལནའདའབརནསཡསབངསས,correct
དམགའཁགསཤངའདབདསདབདམཁནཚའལགཏགནསཔའབབདཚལརདའཚམསཆནཔབངམཡང,incorrect
ཁདཀབདམདརམསདངཕགརམསབབལནཡཔཚའསརའཁདཔདངཁདཀངདཚལསཐརབརམའགར,correct
བམདཚའཁདདགནདའཚབཏདངརམངགསའཆབརའགརབའགངཁརཁཁསམཔཞགབཏངམཡངང,incorrect
ཁསདཚདམགའཐབཕརཡངབའམཞབདཕརཡངབཡནནའངགསནཔརའཇསཤགཅསབཀའབཏངང,correct
འནཀངཁསཡཧདའསརལདངརའཕལཞངམངའཐངཆགཔཡནནཁངནབཞགརགཡངཞསསསཔདང,incorrect
གངལགསཟརནངསཁདཚའདཀལནསངརལཅནདངམཐའདདབདམཁནཚངམཕརའདནབདརཡན,correct
ལདསམསཐངཞགཏརསཔའཉདཀསངཚའརསསརངགབཔའསགནསཡངབའསནཐགཚངམལསསཔ,incorrect
ཡནཐནདངཡདཨའདསཡནརངལལཝཔདངབམརམསཀནངམགཙབཁགགམངཐཞགབཞགཡདཅང,correct
གཙབདཀནམཆགགདནབཞནདབཅགདཚསགདཨནདརའབཀའཁམསབཟངལརཁངགརརའཁརལ,incorrect
འནཀངཡརཤལམགཡལམརམསནཉནཁགངཡངམདཔརགངཁརནངདབརནཔརགནསཔརའགརར,correct
དལསངརསསངམབདཅངསསཔདངཆརརནསཁའགཡསགསཡདཅསནདཚསདའདཡནཔདསངསས,incorrect
དཚཚགསཁགཅགརངབའཚརཕགསདངགཞནདརངབའཕརཕགསསཕནཚནཁསདབདནསབསདད,correct
དའམཐའབསརཞངའཇགརནཡདདའངབརའགརབསབསཔདངགསརཞརབཅསཆགའབའཚགསས,incorrect
དནསཨསཐརགཞལཏམརམསདངཉགརམཔཚསཁངལམརདཀཡསགངབདབཞནཔའསརལཞསཔས,correct
ངའམམངརམསསངསཏདམརམཆདཕལབའསནཚཤཀམདངམའལསརམསལངགཤངདཕརལགཡན,incorrect
དཚསཨབནདབཀཁམནསདམབཅའསམདའཁརཡངནསཤངརའཁརལགསརཔཞགགསངདབཞགག,correct
ཉསཆདངའདབངསནསཤལམནགསནསཨཧཏཕལནརལཔསཨལནསམཆདཁའཁམཚངནགངདཡད,incorrect
ངསངའམཚནཆགསགསའཇགབཡལདམཛདསའབདཔདངངཁབའསབསསངསདཚམརབཏནཔཡན,correct
ཁདཀསདཔངགགསམཤལགསངསཔདངངརདཔརབངཆནདཚཁམབསརབརམནཔའདཔཞགབཟསས,incorrect
ཨབམལགགགཡགཔརམསཀསཁནཔཞགའཕགཡདཔའསརཨབརཧམགསཨབམལགལསནབརདབསས,correct
ཡངསརགསཡནཔཨཧཡདངཡཤབཧསདབཅགརངལསགཔགཏངདགསདནབགརདམཔའགནསཀཡད,incorrect
ལངསནཔཡརམཡསགཙབདཀནམཆགགབཀའརམསགསངསཔལཉམཆངགསགསནབཞསགནངམདད,correct
ཡངནཁདཚའཐགཏངཚའརམངཚའདགའསདབཐནབཞནདདཚརཕནཐགལགསངགཕགསསའགརར,incorrect
དམཟདངལམཆདཔའབལདགསཔའསགནསའདརངསདམབཅའགསཔའམཆདཁངའདཡངསངབརབ,correct
ཁདཚསལགཞནནདཕརའཐནཔའལམངནབདཔའགངཁརནངསདམནགསཀཕདགགནངཡངབཡནན,incorrect
ཁསརངགསཇབདཔཤསནསསགཔབརམཚམསའཇགཔསཁངསགཏནམའཆབརམམཐདའཚབརའགར,correct
ཡཧདདངཡངསངབའསནལམའདབངཆབརནཔའརལཔསཧནལཁདཀསརངདངམཉམདཡདཔའསབས,incorrect
གསངའཕནའདནཤལཏཨལགབཡཧདའསདཚབཛརབབལདངཡཧཛདགགབབཆནཡཤཨའཆདདཡནན,correct
ཆམདཔབཟགནངབདངདའམམངལའཕགརམསའཁགཏའགརབདངགངཁརདའཚམཞསཔའཡལནདང,incorrect
ཁངགསདགབརམསགངཕནདསདམཁནདངབཅསཔརདཚའལསདངབསནནསཉསཆདགཏངགནངཡང,correct
དཚཞབདའངངདངམཉམདམཆདཁའཁརའགལཡདཀམགབདམདཚནཉམཆངཁངདརནཤངབཏགསས,incorrect
དལརགཙབདཀནམཆགགསམཤལབཀའབསསཇལརགནངབབཞནཨསརཨལཔཚསདབཞནཚངམབསས,correct
ཀཤདངབགངསཔའཁགངསཡངསརདམགདརཚདབལགནདའཚགཏངརཡནཔལསཕརའབདབརདནཡང,incorrect
ཁདཚའསམཚམསརཆརབསཔའརསསདསསནགསམགརངལསསཀངཁདཚའཡལདབཙནདབངབདམཡང,correct
འནཀངཁངགམདནདཁདཚསདཕགཚནམཕརལགབདཕརདངལཟངལགསངསདབདཔརབཟརཡནཔདང,incorrect
ཡཤཨསརལཔདདགདངདཚའཡལཚངམརདསསབསགཅགརངདདམགའཐབབསཏདབངདབསསཔཡནན,correct
རནཤསཨརནལསརནམདརངགཁངམགཚནམཀརགཉསལསསདམགསཚསཁདལཞགཡནཔཤསཔརའགར,incorrect
མསཨལཡལསངཉནདསཚདའདརངལཁདཀསལངསནཔཚརཇལརབསཔལརངསཁདལབསམཐབཔཡནན,correct
ངཚལབསཀངདལདཀརབཚསདཚམཐངབརཤརལལནནསགངགསངཡལམདདརངལརསཔའསདནལགས,incorrect
མཆདཁདནསརགཙབདཀནམཆགགཞབསཏགཔམཤསཨསརཨལཔརམསལབཀའགནངབབཞནབཞངསཏ,correct
རལཔསལམནགགནསསདབནགཡགདངའདབགརདམཔདསདའཚངམའམདནདཡངགབཞསའཇགསཔཡནན,incorrect
དལརཨསརཨལགམམངཚསལཝཔཚརསདཔའཕརགངཁརཁགདངདའམཐའའཁརགརཁབཅསམཉམདསདད,correct
ཁཁདལཐགབསརརརའཁདཡངཞསདགསསཀངདགབཔརམཚམསལདམརམཆདཁངགརམསབཅདདསསཔས,incorrect
ཁདཚསརངགཆངམདངདམབཅའབསཔརམསམའགལཞངདམཚགབརནཔརགནསཐབཔངསཔརདབདདགས,correct
ཡཧདདངམདརསསབཀངནསབསདཔདངདམགསརབསཔའཕརརམཚཆའཁལབའསགཞདངརལཔརརངདགས,incorrect
ཚངམལསདཔའབརབསཆནཚདངཨཇབཔཚའཕགསསའཐབམཁནཚསཨཇབཔཚལའཆཡལདདགའབསཞབདང,correct
དབདཅངཡདབདམཁནཡདཔའརདངའདབགཔབཞནདགཙབདཀནམཆགགསངཚརགསརམསརལགངཤསཔས,incorrect
དབགརདམཔའསལབལསནཔདངམམནདངདམརཔབཅསལསབཏགསཔའཀཤཀའརསསསདགགཡལབབཟསཏ,correct
ཡཧཡཀམཡཧདཔའརནགསའཇགསསངབཏནརདངལཀལགརམསཡརཀཉའགམགམངབསཀནནསབསཡདདམ,incorrect
ཡཧདའརལཔཛདཀཡསམལཀཨའབཔཤརདངམསཨའབབམཛཕནཡངའསརའདལརསབསའཇགཞབརབཏངང,correct
ཁདཀདམབཅའབསཔའཉསཆདདཆཚངམབསམརགསཤགཐབམཡངཞསངགཙབདཀནམཆགགསབཀའགནངང,incorrect
གཙབདཀནམཆགཁདཚའདཀནམཆགགསའདམསཔགནངབའམཆདའབལབདསའསགནསགཅགཔདརཕནནས,correct
