stimulus,correct_answer
ладе,incorrect
боца,correct
кхах,incorrect
кхио,correct
кхий,incorrect
цӏан,correct
шуби,incorrect
леца,correct
ладо,incorrect
шера,correct
хӏам,incorrect
йише,correct
маде,incorrect
ӏана,correct
цаво,incorrect
леча,correct
маро,incorrect
вале,correct
шалш,incorrect
палм,correct
бане,incorrect
чӏеш,correct
къехь,incorrect
бухур,correct
пелан,incorrect
тосуш,correct
гелан,incorrect
яьхна,correct
пхерч,incorrect
говза,correct
сацца,incorrect
вехна,correct
лудан,incorrect
зетам,correct
нукха,incorrect
еччул,correct
назан,incorrect
лазам,correct
сийла,incorrect
жӏара,correct
якхам,incorrect
сецна,correct
ӏаниг,incorrect
къечу,correct
алийн,incorrect
ховшу,correct
зуьга,incorrect
вешан,correct
ийзаш,incorrect
япияӏ,correct
забда,incorrect
нисво,correct
юхаби,incorrect
ӏуьно,correct
вагар,incorrect
богӏу,correct
уьйту,incorrect
патар,correct
уьтта,incorrect
сахьт,correct
вийне,incorrect
нохье,correct
толад,incorrect
дитто,correct
гӏира,incorrect
могуш,correct
ӏанот,incorrect
кхето,correct
гибар,incorrect
кошан,correct
акхаш,incorrect
ейтта,correct
сашор,incorrect
ӏияйм,correct
астар,incorrect
шашех,correct
мадин,incorrect
машах,correct
гӏарх,incorrect
дуьйш,correct
йийци,incorrect
дезий,correct
сурсаш,incorrect
яххана,correct
шамрад,incorrect
детташ,correct
лохула,incorrect
стенна,correct
дӏадих,incorrect
дӏаяха,correct
ваьхни,incorrect
нисбеш,correct
товраш,incorrect
товина,correct
стиган,incorrect
дерриш,correct
вагара,incorrect
шадерг,correct
гулъян,incorrect
гулдан,correct
ӏейнан,incorrect
яханчу,correct
хаьржо,incorrect
стеран,correct
хӏарел,incorrect
хӏинан,correct
сийсах,incorrect
цӏеран,correct
тедарш,incorrect
мубани,correct
манехь,incorrect
ведира,correct
накъош,incorrect
вогӏур,correct
талхой,incorrect
кечъеш,correct
хӏайда,incorrect
къоцин,correct
ӏиллий,incorrect
йиллий,correct
говрат,incorrect
гурана,correct
дӏабуц,incorrect
дӏаван,correct
уьттан,incorrect
ӏабдин,correct
яхӏдин,incorrect
мохехь,correct
сийсас,incorrect
еллера,correct
хӏадан,incorrect
баххаш,correct
ӏадана,incorrect
ӏабайд,correct
хьанех,incorrect
деллий,correct
ткъачу,incorrect
къинна,correct
йийсас,incorrect
шаршуш,correct
маьхьо,incorrect
маларо,correct
довлид,incorrect
соцура,correct
халойн,incorrect
сийнна,correct
боллин,incorrect
леллий,correct
цкъахь,incorrect
яздийр,correct
олхале,incorrect
тарлур,correct
юкъарш,incorrect
болчух,correct
хуьйту,incorrect
юушший,correct
мовлий,incorrect
ишхьин,correct
сагӏий,incorrect
ялхочо,correct
сегӏан,incorrect
моьтту,correct
ахьано,incorrect
адамах,correct
дурсаш,incorrect
ластор,correct
варраб,incorrect
йисаре,correct
хьалон,incorrect
хьаьтт,correct
уллоху,incorrect
эскарш,correct
аданаш,incorrect
кӏажаш,correct
юкъаре,incorrect
хетарг,correct
чуьраца,incorrect
леринчу,correct
тӏаккхе,incorrect
тӏаьхьо,correct
яьстича,incorrect
яьстина,correct
валарчу,incorrect
валарна,correct
стагӏех,incorrect
уллорчу,correct
байрачу,incorrect
байракх,correct
майракх,incorrect
майрачу,correct
экханиг,incorrect
эдинарг,correct
тхьаммо,incorrect
зебахьа,correct
стигахь,incorrect
гойтучу,correct
варралц,incorrect
бохийра,correct
геркате,incorrect
корнила,correct
жийначу,incorrect
магийра,correct
коканиг,incorrect
тхевнна,correct
ӏазалла,incorrect
йохалла,correct
сатийна,incorrect
ӏаббалц,correct
уьстага,incorrect
йогӏура,correct
галилас,incorrect
яьллера,correct
лелашна,incorrect
заманца,correct
боганан,incorrect
диснарг,correct
ӏаданаш,incorrect
малийта,correct
лийрачу,incorrect
лиъначу,correct
хабархӏ,incorrect
нигатца,correct
ӏийсаза,incorrect
юкъарчу,correct
сегӏара,incorrect
ливанин,correct
гӏелъяр,incorrect
мареман,correct
елхийра,incorrect
довлура,correct
баьхнех,incorrect
бехказа,correct
сатийра,incorrect
сацамна,correct
цахилла,incorrect
аьхкина,correct
дакъара,incorrect
даьхнех,correct
баларчу,incorrect
байтина,correct
хӏетабе,incorrect
векалца,correct
масакхт,incorrect
тӏамехь,correct
зуьйтур,incorrect
гӏишлош,correct
урамаза,incorrect
вирзира,correct
ӏамалла,incorrect
баланех,correct
диттабе,incorrect
юьттучу,correct
гӏепаза,incorrect
верзина,correct
сагӏант,incorrect
неӏаран,correct
мостана,incorrect
мурдана,correct
жийнера,incorrect
чудеара,correct
летийне,incorrect
дегнаша,correct
бӏаьржо,incorrect
четаран,correct
эргӏато,incorrect
тускарш,correct
хилараш,incorrect
хиллачо,correct
дӏагӏде,incorrect
хеннахь,correct
шелумин,incorrect
дошлойн,correct
пхьаьна,incorrect
сийначу,correct
аьллара,incorrect
хезнарш,correct
духарчу,incorrect
теттира,correct
цӏарара,incorrect
вуьсучу,correct
хаьтташ,incorrect
бахийта,correct
хӏалгӏа,incorrect
кхоьрур,correct
бацинна,incorrect
йирпиал,correct
хаийтий,incorrect
ӏупалан,correct
кхоллуш,incorrect
хьолехь,correct
ӏийсачу,incorrect
чӏагӏйо,correct
тийсага,incorrect
туьлучу,correct
таматаш,incorrect
генашна,correct
тоьллин,incorrect
биллина,correct
пайдадо,incorrect
латтайо,correct
тамалел,incorrect
пхьагал,correct
йожарий,incorrect
дебийла,correct
стагӏий,incorrect
римхойн,correct
басарна,incorrect
баганца,correct
сагӏара,incorrect
леларан,correct
агӏонца,incorrect
эдомехь,correct
ахӏаташ,incorrect
дисинчу,correct
дуьххье,incorrect
чувосса,correct
хӏуьтта,incorrect
муьшаца,correct
цӏарехь,incorrect
хьаьгна,correct
хӏаршца,incorrect
дезарна,correct
ӏехамаш,incorrect
долчара,correct
теманан,incorrect
хийрачо,correct
циллачу,incorrect
шилунхо,correct
стагӏчу,incorrect
лелориг,correct
хилланг,incorrect
саннарг,correct
тӏераша,incorrect
воллура,correct
ӏодашка,incorrect
аьрзнаш,correct
этӏийне,incorrect
инжираш,correct
нийсага,incorrect
жижигах,correct
яьссале,incorrect
ницкъах,correct
гӏенийн,incorrect
хьаьрса,correct
паччалц,incorrect
зуламан,correct
бузарий,incorrect
йовлакх,correct
дегӏаба,incorrect
назархо,correct
язданго,incorrect
олахойх,correct
дехкада,incorrect
махьила,correct
рогӏена,incorrect
юучунна,correct
лакхаха,incorrect
хьийзор,correct
назарал,incorrect
шекхале,correct
хаданаш,incorrect
дозанаш,correct
нарамаш,incorrect
хьийзаш,correct
ӏамаста,incorrect
кхаьрда,correct
кхинчух,incorrect
кӏорнел,correct
емалойн,incorrect
кийрара,correct
лелонна,incorrect
леллехь,correct
дӏатехь,incorrect
берзина,correct
гӏаларш,incorrect
йогӏург,correct
боссийн,incorrect
шаппира,correct
мамареш,incorrect
кӏуьрах,correct
къинчух,incorrect
онданиг,correct
хьанийн,incorrect
беламна,correct
масерад,incorrect
хьерчош,correct
бахьати,incorrect
декхарш,correct
веанийн,incorrect
ӏасанаш,correct
массани,incorrect
дийнато,correct
моьттина,incorrect
ӏоьттина,correct
йиттийла,incorrect
йиттинчу,correct
доьнашна,incorrect
совсазчу,correct
совгӏина,incorrect
ваьллера,correct
хедаршка,incorrect
жагӏанна,correct
суьртачу,incorrect
ӏоьттира,correct
хаьттачу,incorrect
йисинарг,correct
шамранаш,incorrect
довзийта,correct
ярхьаммо,incorrect
баийтина,correct
ӏуцӏадат,incorrect
сибатехь,correct
кхоьллуш,incorrect
хьоьгахь,correct
маьлхачу,incorrect
чухчарин,correct
эланашка,incorrect
зударшна,correct
хьалкхех,incorrect
кхетийла,correct
къевлира,incorrect
къепалца,correct
бакъошна,incorrect
хӏоранца,correct
ураттаде,incorrect
эхангаца,correct
мусагахь,incorrect
кортошна,correct
хӏокхучу,incorrect
баьпкаца,correct
хьуьйтуш,incorrect
дахкийта,correct
гергашна,incorrect
пулатера,correct
сийлашка,incorrect
яздинехь,correct
белахьчу,incorrect
ваьхначу,correct
лесторца,incorrect
чугӏурту,correct
гӏоьрмаг,incorrect
тӏоьрмаг,correct
лакхашна,incorrect
кӏоргачу,correct
хаьхкира,incorrect
цаьпцалг,correct
седаршца,incorrect
ливанаца,correct
хьовсаза,incorrect
кхиъначу,correct
даьттина,incorrect
таррашца,correct
даккхача,incorrect
воккхачу,correct
нагахьан,incorrect
хӏинцале,correct
кхаччахь,incorrect
яхьиалан,correct
кхочунна,incorrect
даьхнина,correct
декъашца,incorrect
догӏарна,correct
пхийтина,incorrect
новкъахь,correct
шолгӏане,incorrect
яздинарш,correct
цӏенашка,incorrect
кӏантаца,correct
халайман,incorrect
долчарна,correct
шекхарчу,incorrect
дехьарчу,correct
лаьттучу,incorrect
цӏеранаш,correct
бахьалха,incorrect
тобанийн,correct
дакъонаш,incorrect
курачийн,correct
вижинаша,incorrect
гӏишлойн,correct
стагӏний,incorrect
ваханера,correct
сагӏалла,incorrect
берашний,correct
месийнан,incorrect
моггӏара,correct
масалера,incorrect
дайинехь,correct
яшимутал,incorrect
тийжаран,correct
седажадо,incorrect
бӏаьвнна,correct
беттанна,incorrect
ялийнарг,correct
карахьаш,incorrect
яккхийта,correct
тхьамате,incorrect
олхазарх,correct
стагӏийн,incorrect
хилийтар,correct
яххьалла,incorrect
секхаӏад,correct
нагахула,incorrect
меженийн,correct
хуьлуьйш,incorrect
тобанехь,correct
заьӏахка,incorrect
дозаллин,correct
моханера,incorrect
лоьлийла,correct
шуьйрана,incorrect
деллачух,correct
вуьстачу,incorrect
даьхкича,correct
нагахьаш,incorrect
стигалел,correct
тӏамалла,incorrect
гӏортахь,correct
ӏадиллин,incorrect
долуьйту,correct
хьаьрчче,incorrect
яхӏуяриб,correct
йоабахти,incorrect
йоуьйтур,correct
чӏоггӏуш,incorrect
массеран,correct
тайрачун,incorrect
шуьшинна,correct
даккхене,incorrect
керланиг,correct
мацӏанде,incorrect
гичхьана,correct
парсиман,incorrect
воцчунна,correct
гӏаьтташ,incorrect
хӏуманан,correct
сагӏарол,incorrect
мархашка,correct
меттигал,incorrect
юьхьигаш,correct
тешнашка,incorrect
керташна,correct
хетийнан,incorrect
къизалло,correct
битинайн,incorrect
татинайс,correct
тӏаккхин,incorrect
йоӏаршка,correct
наханахь,incorrect
кхетамна,correct
уьшацара,incorrect
хьацерут,correct
юкъахула,incorrect
жӏаьлеша,correct
гӏаламаш,incorrect
хиллачун,correct
йохуьйсу,incorrect
гӏепашна,correct
доккхаво,incorrect
хӏиттайо,correct
нукхаран,incorrect
ардангаш,correct
цупаймна,incorrect
боданехь,correct
дӏахархо,incorrect
дӏаяйира,correct
бавеларш,incorrect
меженаша,correct
ахьалхар,incorrect
сийлалле,correct
йоккхина,incorrect
ӏалашвен,correct
ахьланаш,incorrect
вийкъира,correct
ахайкхор,incorrect
ахдекъан,correct
тӏаккхий,incorrect
хаамашка,correct
яккхарой,incorrect
юахьазан,correct
къилбасе,incorrect
виркхела,correct
сингаттар,incorrect
сингаттам,correct
цӏергарчу,incorrect
къаьстира,correct
хӏоттарчу,incorrect
стерчашца,correct
маьхьалха,incorrect
гӏишлошна,correct
вежарийла,incorrect
тӏорказца,correct
дуьхьалха,incorrect
доьзалшка,correct
коканаӏан,incorrect
зебаххьий,correct
цаьргашка,incorrect
уьстагӏех,correct
буьрсацам,incorrect
дохаллехь,correct
гуттарехь,incorrect
стигалшна,correct
цӏестанаш,incorrect
лурбоьлла,correct
вежарийра,incorrect
тӏорказан,correct
бекхаршка,incorrect
дустаршца,correct
къилбемах,incorrect
миччанхьа,correct
хӏорамехь,incorrect
беллачийн,correct
цӏестанан,incorrect
синкъерам,correct
пачхьалха,incorrect
кховдийна,correct
мусагатде,incorrect
шораллехь,correct
тӏаккхина,incorrect
кхоьручух,correct
вовшийнан,incorrect
чудуссура,correct
хӏалгӏачу,incorrect
ӏаьвдинчу,correct
цадеззачу,incorrect
бесбесара,correct
цигаранаш,incorrect
ойланашца,correct
кхаччахьо,incorrect
йохуьйтур,correct
даллакхна,incorrect
даккхийде,correct
ӏийсархой,incorrect
кхеташоне,correct
соцучарна,incorrect
доцучарна,correct
яьхкинехь,incorrect
дахийтахь,correct
ялхочушде,incorrect
куьйгашца,correct
цахиллачу,incorrect
вохуьйтур,correct
ломанашна,incorrect
воьхкинчу,correct
шалаймхой,incorrect
шамранхой,correct
чаккхахой,incorrect
бӏогӏамна,correct
цаьргашна,incorrect
вукхуьнга,correct
шуьннашка,incorrect
буьххьера,correct
декъалале,incorrect
доуьйтура,correct
дуьйгалхо,incorrect
кхечаьрга,correct
даьхьалха,incorrect
къаьрхьин,correct
делахошна,incorrect
кхечаьрца,correct
хӏоттийла,incorrect
кхайкхахь,correct
кхиаланех,incorrect
хьешбонан,correct
къапалеса,incorrect
берстинчу,correct
дуккхахой,incorrect
доьхкийла,correct
нуьцкъале,incorrect
яхӏудхойх,correct
молийлира,incorrect
хьесапехь,correct
гӏуллакбе,incorrect
яхӏудхочо,correct
йохалларш,incorrect
ладугӏура,correct
мусацамца,incorrect
чӏоггӏачу,correct
ладогӏмаш,incorrect
доьзалийн,correct
буьйранна,incorrect
охьаэгара,correct
ӏийсаршна,incorrect
тӏехьарчу,correct
пенашкахь,incorrect
волчуьнга,correct
тосучунна,incorrect
меттехула,correct
бакъоначу,incorrect
даккхийчу,correct
зиярташца,incorrect
миняманан,correct
декхамарш,incorrect
шелумиала,correct
хӏазалера,incorrect
къийсамаш,correct
мукъаноша,incorrect
талорхойх,correct
галӏададе,incorrect
дийцинчул,correct
байтӏанаш,incorrect
ӏалашонаш,correct
висийтира,incorrect
синайлома,correct
хьокханех,incorrect
кхоллархо,correct
пайхамаше,incorrect
гӏудалкхо,correct
карийрачу,incorrect
дӏахаийла,correct
кхедаршка,incorrect
баьццарчу,correct
адамийраш,incorrect
уллорачух,correct
хаьттаран,incorrect
кхойкхура,correct
оьгӏазарш,incorrect
хилийтира,correct
хьаьнццал,incorrect
кхочуьйту,correct
хеттамера,incorrect
буьхьигаш,correct
йоӏарипан,incorrect
къуббанан,correct
кемсийнат,incorrect
эмгаралле,correct
дебийлаха,incorrect
дузуьйтуш,correct
еллашкахь,incorrect
яхӏуяхина,correct
наӏанашка,incorrect
надибяхӏу,correct
ворхӏалин,incorrect
кипрерачу,correct
паргӏашна,incorrect
сашортехь,correct
бӏаьркхаш,incorrect
хӏуманаша,correct
дуьхьалкх,incorrect
паччахьел,correct
адамашийн,incorrect
дӏакхелха,correct
холчуьнца,incorrect
лакхахула,correct
нагахулин,incorrect
пайнехьас,correct
керлачунна,incorrect
тоьшаллина,correct
деношкарчу,incorrect
сонтачунна,correct
бӏаьржинаш,incorrect
хуьлуьйтуш,correct
доьзалийта,incorrect
галӏадхойн,correct
лелийнаташ,incorrect
хилийталаш,correct
тӏаьхьалха,incorrect
гӏайгӏанаш,correct
неӏалтаала,incorrect
уллорачара,correct
йостуьйтуш,incorrect
лоттуьйтуш,correct
чудуссийта,incorrect
дахьийтина,correct
кӏелхьарчу,incorrect
чуваьлларг,correct
саннашкахь,incorrect
ишттачарна,correct
корторанна,incorrect
олахочунна,correct
сахиллачул,incorrect
сатийсарех,correct
соьгаралла,incorrect
вахархочун,correct
магийнаташ,incorrect
бовлийтина,correct
аьллачарна,incorrect
аьллачунна,correct
исбаьхкина,incorrect
харцонашна,correct
пайхамарис,incorrect
пайхамарна,correct
хиллачийта,incorrect
беллачеран,correct
буржаллина,incorrect
таьллангаш,correct
элиӏаланаш,incorrect
тӏемалочун,correct
дуьхьариба,incorrect
кхелахошна,correct
меттигнарг,incorrect
жимачуьнца,correct
шекхалорхо,incorrect
назартарчу,correct
баьрчарахь,incorrect
цӏаданхойн,correct
сахьтубина,incorrect
кӏоргенехь,correct
кхаьржиран,incorrect
бохийначул,correct
буьйлучара,incorrect
доьхкаршца,correct
хӏаданашца,incorrect
ваьккхинчу,correct
сагӏийлахь,incorrect
гӏаролхочо,correct
мехканаӏан,incorrect
мархашкахь,correct
дерзочеран,incorrect
кхочуьйтур,correct
цӏеххьарчу,incorrect
доьналлица,correct
гадаийтира,incorrect
малхбалера,correct
ӏайижарийн,incorrect
балийтахьа,correct
магдалехьа,incorrect
вуьрхӏитта,correct
матушалайо,incorrect
тӏубияхӏуй,correct
гӏертахьпа,incorrect
кхайкхорца,correct
цхьамданах,incorrect
юьхьӏаьржо,correct
ницкъийсас,incorrect
буьртигийн,correct
хӏуманейра,incorrect
хьекъалчаш,correct
цигарчиган,incorrect
яхӏунадаба,correct
хадийннахь,incorrect
гӏиллакхаш,correct
доьхкуьйга,incorrect
шабаршибар,correct
йоккхуьнца,incorrect
гӏаланашца,correct
жуьгтийнат,incorrect
нуьцкъалчо,correct
гобахьалха,incorrect
тӏехуларчу,correct
кхерчийнат,incorrect
пхьаьрсаца,correct
дехьарибан,incorrect
лакхенгахь,correct
ӏасаийзаво,incorrect
тӏехъоьхур,correct
цкъаллашна,incorrect
ховшийнера,correct
цӏоькъучул,incorrect
ладогӏахьа,correct
хьалкхерах,incorrect
ворхӏаннах,correct
вериггенар,incorrect
пачхьалкхе,correct
бисинчуьнга,incorrect
бисинчаьрга,correct
тархьарлера,incorrect
хӏаллакьхир,correct
цаьргашкахь,incorrect
бевллачарна,correct
ялийначунна,incorrect
даьллачунна,correct
галӏадаккха,incorrect
мискачаьрца,correct
хьаьвдинчух,incorrect
хьаьвихошна,correct
тӏегӏашкахь,incorrect
санхьарибан,correct
кхаьржинаша,incorrect
кхахӏатхойн,correct
ворхӏаллара,incorrect
хӏоттийнарг,correct
кхабанхошца,incorrect
гӏаролхошка,correct
довзийтинчу,incorrect
даьккхинарг,correct
хьостагӏина,incorrect
къапалгашна,correct
гӏуллакьхир,incorrect
гӏовгӏанехь,correct
куьйгӏирсаш,incorrect
гергарчарна,correct
тӏубааданин,incorrect
балуадданан,correct
дакъостийна,incorrect
кхахьпаллин,correct
баьлланчаша,incorrect
доккхуьйтуш,correct
сагӏийлалла,incorrect
оьгӏазлонан,correct
доьалгӏанаш,incorrect
хӏиттийнера,correct
сатуьйсанна,incorrect
чугӏоьртира,correct
завадийначу,incorrect
ахаймахкахь,correct
масалаллица,incorrect
гӏарбашашна,correct
кхолламгӏим,incorrect
ӏуьргашкахь,correct
хедархьаммо,incorrect
могӏаршкахь,correct
ӏейпаӏаткъа,incorrect
даьккхинера,correct
хатталгӏачу,incorrect
духкучаьрга,correct
тӏаьххьарий,incorrect
хьаькамашка,correct
буттийнаташ,incorrect
нунавгӏалин,correct
мазахийтина,incorrect
баӏалбартан,correct
бухахьаналц,incorrect
бахийтинарш,correct
хозуьйтӏана,incorrect
пихӏахьират,correct
хӏоттуьйтур,incorrect
таршашгӏала,correct
тӏекхалхойн,incorrect
хьакхолгана,correct
возаллакхех,incorrect
ладугӏучара,correct
килабэпрайм,incorrect
эгӏазаллица,correct
довлийлалла,incorrect
кхачийтахьа,correct
тӏаьхьалкхех,incorrect
тӏаьхьалонна,correct
мешаӏяхӏунда,incorrect
вагавойтучул,correct
бевддералашо,incorrect
бепигдоттург,correct
цхьаьжжинарг,incorrect
исраилхошний,correct
доккхучуьнга,incorrect
тайпанашкахь,correct
тӏехуларалла,incorrect
лаьмнашкарчу,correct
хиллараматаш,incorrect
гергарчаьрга,correct
цӏеххьарлера,incorrect
доьгӏначарна,correct
кӏоргенарчаш,incorrect
хьекъалаллех,correct
массаьргашна,incorrect
дагадаийтахь,correct
шамрияхӏусам,incorrect
баировтхочун,correct
сингатталгӏа,incorrect
бӏаьргашкахь,correct
старгӏадатех,incorrect
пачхьалкхера,correct
яздинехулара,incorrect
дӏахьовсийра,correct
бепигдоттачу,incorrect
уьссалгӏаниг,correct
дӏахисатасар,incorrect
аданицадакха,correct
исраилманухь,incorrect
воккхачуьнца,correct
дамашийналла,incorrect
байтлахамхой,correct
шайггаларара,incorrect
лелийначунна,correct
хьайостуьйсу,incorrect
хинкеманашца,correct
даллакхоллах,incorrect
пахьатмуабин,correct
тӏаьхьалхарчу,incorrect
кхоьллинчунна,correct
хьевронаймехь,incorrect
баьккхинчунна,correct
даллакхийтина,incorrect
лелийтархьама,correct
ярмияхӏудхойн,incorrect
мусапайхамаро,correct
синкъерамашка,incorrect
турпалхочунна,correct
пхоьалгӏантах,incorrect
зайтдаьттанна,correct
стелаӏадовлуш,incorrect
хьолахочуьнга,correct
куьйгалхончаш,incorrect
буьйлабеллачу,correct
бекхаччахьана,incorrect
ӏамалекхахоша,correct
яхӏудияхӏунда,incorrect
пӏелаштамхочо,correct
тӏаьхьародане,incorrect
тайпанашкарчу,correct
балакхломахьа,incorrect
довлийтахьара,correct
хенахьбуӏатин,incorrect
нуьцкъалаллин,correct
дийрахьединан,incorrect
паргӏатдохург,correct
хьаболабанаша,incorrect
цӏадукъяхӏуна,correct
ӏийсазвохуьйш,incorrect
дӏабахийтахьа,correct
