stimulus,correct_answer
сине,incorrect
ятӑр,correct
авал,incorrect
инҫе,correct
усӑн,incorrect
пине,correct
тарх,incorrect
тӑни,correct
чере,incorrect
вери,correct
темӗр,incorrect
антӑм,correct
сулах,incorrect
сулса,correct
шатӑп,incorrect
левие,correct
тӗнчи,incorrect
алӑка,correct
пурнӑ,incorrect
илтӗм,correct
самӑр,incorrect
леҫнӗ,correct
тимле,incorrect
тимӗр,correct
карах,incorrect
пачӗҫ,correct
умлӑх,incorrect
кипра,correct
хӑшпа,incorrect
юлтӑм,correct
такан,incorrect
ӑсӗпе,correct
шелле,incorrect
еммор,correct
сӗнех,incorrect
утмӑл,correct
ҫурал,incorrect
чарӑн,correct
хӑвне,incorrect
илтӗҫ,correct
канӑм,incorrect
тусам,correct
пухӑн,incorrect
шарла,correct
пӗрлӗ,incorrect
тарас,correct
яшкал,incorrect
крисп,correct
аташа,incorrect
лекни,correct
макӑр,incorrect
ятсум,correct
чӑтӑм,incorrect
чавса,correct
канӑн,incorrect
илчӗи,correct
масан,incorrect
масар,correct
вӗҫли,incorrect
тапӑр,correct
тӗрле,incorrect
кӗтнӗ,correct
хисем,incorrect
ҫӳлте,correct
еплеме,incorrect
ывӑлӑм,correct
асилет,incorrect
ҫиессе,correct
сӑпачӗ,incorrect
паянах,correct
чӑтӑми,incorrect
кӑмӑлу,correct
ҫухрӑр,incorrect
тупсан,correct
кисрен,incorrect
архипа,correct
сӑнчӑн,incorrect
питлӗр,correct
кӗреки,incorrect
кӗртӗҫ,correct
татать,incorrect
умӗнхи,correct
тӗнчӗҫ,incorrect
ҫуртӑр,correct
юратӑп,incorrect
лартрӗ,correct
сӑлтах,incorrect
ялхула,correct
уртсӑр,incorrect
кӗперӗ,correct
темида,incorrect
тупрӗҫ,correct
ӗмӗтсе,incorrect
ӗмӗтӗр,correct
тӗттӗр,incorrect
еврейи,correct
асласа,incorrect
ӗҫӗмпе,correct
ҫӑлтӑк,incorrect
мӑшкӑл,correct
сӑрлӑх,incorrect
суялӑх,correct
пӗртен,incorrect
килтӗм,correct
юрӑхла,incorrect
ҫылӑхӗ,correct
епленӗ,incorrect
яланхи,correct
арсене,incorrect
кипрпа,correct
салать,incorrect
илетӗп,correct
тӗркӗч,incorrect
алӑсӑр,correct
калант,incorrect
йышӑнӗ,correct
неффай,incorrect
яшсене,correct
хӗсӗре,incorrect
сурӑхӗ,correct
сӗртӗр,incorrect
яратӑн,correct
салати,incorrect
сарӑлӗ,correct
хӑрӑша,incorrect
чунӑра,correct
ӑнлант,incorrect
аркатӗ,correct
ватӑра,incorrect
сасӑпа,correct
ҫӗрӗшес,incorrect
ҫӗрӗсем,correct
савӑнпа,incorrect
финикра,correct
ҫывӑрла,incorrect
хапхана,correct
хӑтлӑха,incorrect
пахарах,correct
хуҫинчи,incorrect
парӑмна,correct
итленес,incorrect
улталӑр,correct
пӗрлесе,incorrect
шутласа,correct
чурасси,incorrect
хӑварма,correct
аванран,incorrect
инҫетри,correct
тарӑннӑ,incorrect
ҫитӗннӗ,correct
пӑраххи,incorrect
ылханӑр,correct
таракан,incorrect
сутнине,correct
ҫавӑнар,incorrect
хӑвӑрта,correct
хӑпарне,incorrect
силлесе,correct
ҫывӑхла,incorrect
каҫарса,correct
урлӑхпа,incorrect
йывӑҫӑн,correct
хӗреллӗ,incorrect
хӗрӗсем,correct
ҫавӑнӑр,incorrect
хӑватне,correct
тавӑрӑм,incorrect
кӑларас,correct
йӗтемӗн,incorrect
хунисем,correct
сасӑрах,incorrect
лекесси,correct
ҫапласа,incorrect
вӗсемех,correct
юратсем,incorrect
лартрӑм,correct
саманни,incorrect
каҫарнӑ,correct
ҫарӑннӑ,incorrect
хӑюсене,correct
хирӗҫли,incorrect
тивӗҫӗм,correct
упранах,incorrect
иосийӑн,correct
пулайма,incorrect
илтеймӗ,correct
мӑнаҫҫӗ,incorrect
тытакан,correct
вӑррине,incorrect
йӗннине,correct
пӑрӑнӑҫ,incorrect
пӑрӑнӗҫ,correct
юрӑхсем,incorrect
илмелле,correct
кӗтессе,incorrect
ҫутинче,correct
юлмарӑр,incorrect
хуларах,correct
ӗҫмессе,incorrect
тӑхӑнса,correct
чарӑнчӗ,incorrect
кӗресси,correct
тавӑрӑх,incorrect
тӗрмери,correct
тухатар,incorrect
аннемӗр,correct
ҫисемпе,incorrect
тӑхӑнӑр,correct
ҫутарас,incorrect
кӗртрӗҫ,correct
ҫавӑнӗҫ,incorrect
пӗлетха,correct
ҫапакан,incorrect
саваҫҫӗ,correct
хуллиех,incorrect
шутӑмпа,correct
хӑвӑнса,incorrect
пулнипе,correct
пӗрлеме,incorrect
чӗрӗлнӗ,correct
кӗменни,incorrect
пымасӑр,correct
хӑрасси,incorrect
сӑнарне,correct
чуралнӑ,incorrect
тасалнӑ,correct
самарӗҫ,incorrect
хуласем,correct
аҫӑрсен,incorrect
ашшӗсен,correct
пӗринчи,incorrect
чӗринчи,correct
вӑрӑннӑ,incorrect
каҫхине,correct
тӑварни,incorrect
тӑрайми,correct
ҫавӑрӑн,incorrect
пӗлекен,correct
сумлӑхӗ,incorrect
ӗҫтерет,correct
кӑрашнӑ,incorrect
сионран,correct
саккӑра,incorrect
ирӗкпех,correct
ытларан,incorrect
шанчӑка,correct
тарӑрха,incorrect
кӗллипе,correct
тӑватса,incorrect
тӑванне,correct
хӑвалах,incorrect
лартман,correct
суллаши,incorrect
кӑкарса,correct
ҫӑмӑлӑм,incorrect
улшӑнни,correct
хрисене,incorrect
критран,correct
каланах,incorrect
йышӑнӑр,correct
пӗререн,incorrect
шывӗнче,correct
вӑрӑнне,incorrect
вӑтанӗҫ,correct
вырӑннӑ,incorrect
ӗлкӗрнӗ,correct
ҫӗрмере,incorrect
ямашкӑн,correct
греклӗх,incorrect
йӗркипе,correct
курасем,incorrect
кураймӗ,correct
парасчӗ,incorrect
терӗмха,correct
уҫӑмсен,incorrect
пӑхӑрха,correct
уҫайман,incorrect
пӑсасси,correct
парӑнӗҫ,incorrect
кӗлетне,correct
тӑраҫҫи,incorrect
ӳкӗнсен,correct
тимӗрӗн,incorrect
палӑрнӑ,correct
аталанӑ,incorrect
ӳстерсе,correct
кӗлетӗр,incorrect
ҫумӗнче,correct
пухӑнас,incorrect
ӗҫтернӗ,correct
марччӑр,incorrect
никӗспе,correct
пӗтетӗн,incorrect
кӗрттӗр,correct
иссахал,incorrect
тӗтӗмпе,correct
каларах,incorrect
ҫӳрерӗм,correct
пуласем,incorrect
чӗремре,correct
кӗлетӗп,incorrect
шывсене,correct
пурӑнми,incorrect
текенӗн,correct
пӗрленӗ,incorrect
таврана,correct
тӗлӗшӗн,incorrect
пытӑмӑр,correct
чирӗсен,incorrect
тытаҫҫӗ,correct
еплессе,incorrect
курӑпӑр,correct
хӑватӑп,incorrect
чуптунӑ,correct
иккӗлет,incorrect
хуҫисен,correct
юнӗнчех,incorrect
ярӑттӑр,correct
пурӑнне,incorrect
ҫапӑҫӑп,correct
ытларӑн,incorrect
айӑплӑр,correct
еплекен,incorrect
вӗрекен,correct
урлӑхун,incorrect
хисепне,correct
чарӑнне,incorrect
трофима,correct
филирен,incorrect
тӑнисем,correct
утласах,incorrect
пуҫланӗ,correct
сирӗнче,incorrect
санпала,correct
хамӑнне,incorrect
вырӑнти,correct
чӗнмелле,incorrect
юланутҫи,correct
пуҫланма,incorrect
пуҫланса,correct
ҫавӑнчӗҫ,incorrect
хӑйӗншӗн,correct
корейсен,incorrect
хризолит,correct
йышӗсене,incorrect
йышӗнчен,correct
пурнӑран,incorrect
илтнӗшӗн,correct
ҫавӑнать,incorrect
пурӑнтӑм,correct
ҫухалӑха,incorrect
ҫухалман,correct
пухманха,incorrect
пухмасть,correct
патӑнине,incorrect
тӑвасшӑн,correct
савӑнтан,incorrect
юлташӑма,correct
салтанхи,incorrect
тумланнӑ,correct
ҫитӗнчен,incorrect
пӗтмелли,correct
ӑшӗнчере,incorrect
ҫинченех,correct
тӗпписӗр,incorrect
вифинине,correct
нушаланӑ,incorrect
пайӗсене,correct
ҫӗленчен,incorrect
чӗтретӗп,correct
чӑнчӑрпа,incorrect
юраманни,correct
пултарах,incorrect
кунӗнчех,correct
ҫимӗҫрен,incorrect
пахчаран,correct
ернинчен,incorrect
килӗнчен,correct
юратулли,incorrect
итлемест,correct
калӑртса,incorrect
хальлӗхе,correct
сахальхи,incorrect
павелран,correct
ҫантарах,incorrect
хускалӗҫ,correct
хистесен,incorrect
тирпейлӗ,correct
тасалмон,incorrect
ӗҫсенчен,correct
лайӑхран,incorrect
димитрий,correct
илейӑран,incorrect
пуҫтарӑр,correct
шӑплаять,incorrect
тухнӑччӗ,correct
тавлашне,incorrect
шӑлӗсене,correct
хӗррисем,incorrect
тытмаҫҫӗ,correct
кӗлтернӗ,incorrect
ернисене,correct
урӑхнипе,incorrect
шыратпӑр,correct
тивлетнӗ,incorrect
тӗрӗслӗх,correct
йӑлӑнӑҫа,incorrect
чӗрӗлӗхӗ,correct
чашӑкрах,incorrect
вавилона,correct
ӳкмӗҫисе,incorrect
чупачупа,correct
аптӑрать,incorrect
ӳсӗрӗлсе,correct
мӑшкӑрса,incorrect
ревеккӑн,correct
чарнӑччӗ,incorrect
тӗпчетӗр,correct
пилленхи,incorrect
ҫитменха,correct
кӑштарма,incorrect
тепринче,correct
йӗркисем,incorrect
дамаскра,correct
хуҫинчех,incorrect
пулӑшсах,correct
ҫыранипе,incorrect
тӗпчерӗм,correct
майсемпе,incorrect
канмалӑх,correct
пӗрленчӗ,incorrect
салтакӑн,correct
кӗленсем,incorrect
тарҫӑран,correct
курӑнӑҫа,incorrect
куратӑри,correct
хапхарам,incorrect
тимлӗрех,correct
мухтанах,incorrect
иисусӗпе,correct
сыхланах,incorrect
арҫыннӑн,correct
патӑрать,incorrect
ирттерес,correct
тӑватсен,incorrect
ӑссӑрсем,correct
тӗттӗмӗр,incorrect
чӗтренме,correct
кӗлетӗри,incorrect
тӗрӗслет,correct
аякрисем,incorrect
аллисене,correct
пӑрахрах,incorrect
кӑмӑлӑма,correct
пӗлтерем,incorrect
пӗлтерӗн,correct
пултӑрне,incorrect
пултарӑр,correct
тискерсе,incorrect
выҫлӑхпа,correct
кӑлартрӗ,incorrect
суйларӑм,correct
выртакам,incorrect
татӑлсах,correct
аслатпӑр,incorrect
чӗринчен,correct
таврашнӑ,incorrect
ҫырлахса,correct
чӑтманни,incorrect
виҫҫӗшне,correct
ытларать,incorrect
ӑстасене,correct
ҫавӑнсах,incorrect
ҫавӑрсан,correct
сармалла,incorrect
тӑкмалла,correct
артемиҫе,incorrect
рульсене,correct
ҫаплисем,incorrect
пынӑпынӑ,correct
пымастӑп,incorrect
ӑсхалтан,correct
ҫавӑртрӗ,incorrect
тӑвасран,correct
тивӗҫмен,incorrect
анчахрах,correct
урӑхӗнче,incorrect
ӳпкевсӗр,correct
йӑпӑлтах,incorrect
пусмӑрта,correct
аркашать,incorrect
уксахсем,correct
танатпӑр,incorrect
пӑснӑран,correct
курмарӑр,incorrect
нимӗнрен,correct
ларчӗсем,incorrect
татмаҫҫӗ,correct
куратсем,incorrect
тытаттӑм,correct
итлеттӗм,incorrect
упранипе,correct
хӑватать,incorrect
ҫутаттӑр,correct
хӗсӗрлӗх,incorrect
хӗсӗрлев,correct
асларӑна,incorrect
каламали,correct
ыйхӑрмав,incorrect
еврейсем,correct
пулӑртса,incorrect
ӗненеҫҫӗ,correct
вырӑнать,incorrect
йышӑнмӗҫ,correct
хӑтӑмлӑх,incorrect
вифагипе,correct
ашшӗнчех,incorrect
укҫаллах,correct
чӑнчӑклӑ,incorrect
ҫулҫӑллӑ,correct
ӗҫместӗп,incorrect
паллинче,correct
парӑмҫке,incorrect
кӑмӑлсӑр,correct
ӳкӗнекен,incorrect
панисене,correct
пултӑрпа,incorrect
хыҫҫӑнхи,correct
тытаймӗҫ,incorrect
атталине,correct
хӑвӑлсем,incorrect
кӗреймӗҫ,correct
платаҫҫӗ,incorrect
влаҫсене,correct
таласрах,incorrect
вӑхӑтчен,correct
ытарлӑхне,incorrect
ытарлӑхпа,correct
ҫакӑнсене,incorrect
хурсассӑн,correct
еткесемпе,incorrect
ӳпкелешме,correct
рувимӗсем,incorrect
юлташӗсем,correct
хӑвӑраххи,incorrect
пурӑнасчӗ,correct
генниксем,incorrect
упӑшкисем,correct
кӗҫӗнелнӗ,incorrect
тымарсене,correct
чылайччӑр,incorrect
ҫӑлӑнччӑр,correct
вӑхӑтланӑ,incorrect
илӗртӳсем,correct
вырӑнаҫҫӗ,incorrect
айӑплакан,correct
ӗҫӳсентӑр,incorrect
хӑюллӑрах,correct
тӑватӑлнӑ,incorrect
урӑхларах,correct
пӗлменник,incorrect
курӑнаҫҫӗ,correct
кулленсем,incorrect
асилтерес,correct
йӗрсемшӗн,incorrect
пулманччӗ,correct
ытларатӑп,incorrect
вӗрентӗвӗ,correct
ҫуккинчен,incorrect
тӗллевсӗр,correct
пулмастӑп,incorrect
ыйтсассӑн,correct
умӗнчешӗн,incorrect
сывлӑшран,correct
палӑртсен,incorrect
ирсӗрлӗхе,correct
мӑшӑртать,incorrect
ҫӑлӑнӑҫӑн,correct
кӳмеллипе,incorrect
ясарланса,correct
курнӑҫлӑх,incorrect
тивлечӗпе,correct
тавӑрнине,incorrect
кӑтартрӑн,correct
илӗртӗннӗ,incorrect
ӑссӑрсене,correct
хутаҫӗсем,incorrect
антарнине,correct
маларӑннӑ,incorrect
пулӑшнине,correct
курнӑҫлӑн,incorrect
хӗрринчех,correct
патӗнчери,incorrect
чараймарӗ,correct
килетӗпха,incorrect
ҫутӑласпа,correct
канӑмсене,incorrect
пухӑвӗнче,correct
йӑхтӑрччӗ,incorrect
хыптӑрччӗ,correct
ахлатасси,incorrect
хӳрисемпе,correct
урӑхсемпе,incorrect
ӑслӑлӑхпа,correct
ытларакан,incorrect
ӳкӗтлевҫӗ,correct
галилеймӗ,incorrect
йышӑнатӑн,correct
тӑватлана,incorrect
тӑрӑхӗнчи,correct
тухӑпарса,incorrect
савахфани,correct
ҫавӑнӑҫра,incorrect
ҫуралаҫҫӗ,correct
тӗлӗкавар,incorrect
алӑкӗсене,correct
кӗрленсем,incorrect
хыҫалалла,correct
пӑталатӑп,incorrect
пӑталасан,correct
тӗрлеччӗр,incorrect
кӗртекенӗ,correct
ҫӑлтӑрччӗ,incorrect
мӑнукӗсем,correct
унтаранах,incorrect
юратмасть,correct
иксӗмӗрхи,incorrect
хатӗрлеме,correct
турӑлӑхпа,incorrect
хуҫалӑхне,correct
сутнинчен,incorrect
илемлетнӗ,correct
йышӑнаҫлӑ,incorrect
ӳтпӗвӗрӗн,correct
вырттарса,incorrect
киленкаян,correct
сарлатсан,incorrect
шӑплансан,correct
йӑхӑраххи,incorrect
пултарӗши,correct
кӗлтӑванӗ,incorrect
пӗлтерсен,correct
туяҫҫӗиха,incorrect
купаланса,correct
темидӑшӑн,incorrect
канашӗнчи,correct
шанӑрсене,incorrect
парнелӗхе,correct
тумлантӑм,incorrect
хурлаттӑм,correct
сӑнасшӑни,incorrect
ҫырнинчех,correct
ларттарса,incorrect
грекланнӑ,correct
турататӑп,incorrect
йӗрӗнетӗн,correct
тирӗмӗрлӗ,incorrect
тухмашкӑн,correct
тунишӗнче,incorrect
темеллеха,correct
аттарӑнне,incorrect
вилместӗн,correct
унӑннисем,incorrect
усаллисем,correct
вӑйранпах,incorrect
пуҫласран,correct
кунлӑскер,incorrect
ҫитнӗскер,correct
пурлӑхупа,incorrect
пулсанччӗ,correct
куҫӑмӑлӑр,incorrect
палӑрӑпӑр,correct
варахатӑп,incorrect
тӑварланӑ,correct
еплентеке,incorrect
кӗрешекен,correct
кӗртменник,incorrect
кӗртместӗр,correct
кӗлтунӑшӑн,incorrect
кӗлтӑваҫҫӗ,correct
ирсӗрлӗхлӗ,incorrect
назаретран,correct
сывлӑшӗнчи,incorrect
мухтавӗпех,correct
курнӑҫлӑхӗ,incorrect
таврашӗнчи,correct
сыснасемпе,incorrect
аскӑнлӑхне,correct
усаламалли,incorrect
усалсенчен,correct
сывлӑшасси,incorrect
уйӑрӑлаҫҫӗ,correct
ҫӑлӑнӑҫран,incorrect
тӗрӗслетӗр,correct
хунямӑшӗпе,incorrect
сыпписемпе,correct
тискерсене,incorrect
выльӑхсене,correct
ҫаптарнине,incorrect
кайичченех,correct
тумтирӗсех,incorrect
хуптарнине,correct
вырӑнасшӑн,incorrect
мухтанаҫҫӗ,correct
мухтасатас,incorrect
хыпарласси,correct
караппайлӑ,incorrect
хӑтӑлмалла,correct
галилеймен,incorrect
шухӑшлатӑп,correct
текеннелле,incorrect
вӗлернӗшӗн,correct
хавхалалла,incorrect
тупаймасть,correct
пӗрлемеҫҫӗ,incorrect
парӑмлӑччӗ,correct
сосипатран,incorrect
элекҫӗсене,correct
хуланатпӑр,incorrect
илессинчен,correct
кайӑрханӑр,incorrect
никӗссӗрех,correct
каяканскер,incorrect
хӑтланаҫҫӗ,correct
кӗлтӑвӑрах,incorrect
елисаветӑн,correct
виҫҫӗмӗрне,incorrect
тарҫисемпе,correct
унашкаллех,incorrect
пухӑннӑран,correct
аркатаятӑп,incorrect
тымарӗсене,correct
йышланӑччӗ,incorrect
тӑваканшӑн,correct
вӗрентерет,incorrect
йӑхӗнченех,correct
пӗтернинче,incorrect
ҫитертӗмӗр,correct
курӑнӑҫрӑм,incorrect
ҫитермелӗх,correct
ҫыртаканни,incorrect
пурнӑҫлать,correct
вӑхӑтӑмлӑн,incorrect
ӑссӑррисем,correct
пурнӑҫлӑха,incorrect
пултарасса,correct
малараканӗ,incorrect
калаҫаканӗ,correct
ҫӗнтермене,incorrect
ӑссӑрлӑхне,correct
ӗненсенчен,incorrect
иккӗленмен,correct
юрататӑкне,incorrect
юратулӑхпа,correct
калаттарса,incorrect
арӑмӗсемпе,correct
илтӗмӗрлӗх,incorrect
ҫитӗннисем,correct
ушкӑнӗнчен,incorrect
уйрӑммӑнах,correct
хӑваттисем,incorrect
тӑрӑшрӑмӑр,correct
сӗрменейпе,incorrect
килйышӗшӗн,correct
хӑпарнесен,incorrect
йӑвашшисем,correct
выҫлӑхӗнчи,incorrect
кӑтартаҫҫӗ,correct
ӳтпӳлӗмӗпе,incorrect
кураймарӗҫ,correct
пулӑттӑмӗш,incorrect
тӗпӗйӗрӗпе,correct
ларӑмӑрсем,incorrect
йӑлӑнмасть,correct
чӑнчӑрлама,incorrect
пулнӑранпа,correct
килтӗртсен,incorrect
пӗтереймӗҫ,correct
тапӑнасшӑн,incorrect
систернипе,correct
сисӗнмелли,incorrect
синедриона,correct
тейӗреймӗҫ,incorrect
каварӗсене,correct
чухӑннӑччӗ,incorrect
пӗтеретчӗҫ,correct
хӑрусӑрсем,incorrect
тухӑҫӗнчен,correct
хӑлхисепле,incorrect
ватӑсенчен,correct
итлентекен,incorrect
ҫӳренсемпе,correct
канӑҫламӑр,incorrect
синагогӑри,correct
тытаттарма,incorrect
чирлисемпе,correct
тантӑшсене,incorrect
саркаланса,correct
турӑлмалла,incorrect
тӑраймасть,correct
тӑнлӑхӑмпа,incorrect
курнӑҫасса,correct
ырӑлӑрахим,incorrect
хӑйӗнченех,correct
кӑтартатта,incorrect
тиркеменни,correct
кайӑпланта,incorrect
кӗреймесӗр,correct
пуҫтарӑнсем,incorrect
пуҫтарӑнать,correct
кулянмашкӑн,incorrect
палӑрмашкӑн,correct
чӗнекенӗсем,incorrect
юланутҫӑсем,correct
ывӑлӗсемшӗн,incorrect
хӑватсемшӗн,correct
курнӑҫлӑхне,incorrect
чӗркуҫленнӗ,correct
тискерсемпе,incorrect
суккӑрланса,correct
кӗтмеллипех,incorrect
ҫутаткӑҫсем,correct
илтнӗрентнӗ,incorrect
илтместӗрим,correct
пӗтерместӗр,incorrect
тӑрӑшмастӑн,correct
мухтавлашне,incorrect
мухтавлӑхна,correct
тӗлӗнменрен,incorrect
кӑтартнисем,correct
ҫывхарнисем,incorrect
хӑтартӑрччӗ,correct
малтанатпӑр,incorrect
вӗрентесшӗн,correct
чунӑранипех,incorrect
чунӑмӑрсене,correct
шутлантарса,incorrect
пурӑннисене,correct
тӗтӗрекенсе,incorrect
хуралҫисене,correct
мухтавлашса,incorrect
айӑпламалла,correct
сисӗнмешкӗн,incorrect
капитанӗсем,correct
ӳкӗтленеҫҫӗ,incorrect
йӑхӗнчисене,correct
тертӗмӗрсен,incorrect
тархасларӑм,correct
вырнаҫтарас,incorrect
мӑнкӑмӑллӑх,correct
галилейччӗр,incorrect
ырӑлӑхӗсене,correct
илӗттӗмленӗ,incorrect
самофракине,correct
яраканашкал,incorrect
асапланакан,correct
сурӑхӑватлӑ,incorrect
пӗрлештерсе,correct
пулмарӑмӑра,incorrect
курмастӑрим,correct
пафродиадӑн,incorrect
усламҫӑсене,correct
илтрӗмӗрлӗх,incorrect
картишӗнчен,correct
сывлӑшӑвара,incorrect
айӑпланатӑн,correct
хуланаҫҫӗим,incorrect
ҫӗкленменха,correct
тухрӑмсемпе,incorrect
пулӑшаканни,correct
тупасшӑнччӗ,incorrect
вӑрӑхурахне,correct
уҫиччӗшӗнне,incorrect
гражданинне,correct
тумашкӑншӑн,incorrect
ҫыннисемшӗн,correct
лӑпламӗччӗр,incorrect
ӳстермешкӗн,correct
ирттернӗччӗҫ,incorrect
ирттерсессӗн,correct
ҫутӑлнӑҫемӗн,incorrect
ҫуратманнине,correct
асӑнарнелӗхе,incorrect
малтанхинчен,correct
шутлаттарсан,incorrect
вӗлерекенсем,correct
ҫапланассине,incorrect
хӑвармасӑрах,correct
тӑрӑхӗнчерен,incorrect
тӑванӑмӑрсем,correct
ҫавнашкаллех,incorrect
шӑммишаккипе,correct
йӗркенӗсемпе,incorrect
асӑрхаттарса,correct
ӑслӑлӑхӗсене,incorrect
ятлӑсумлисем,correct
чӗрӗлтӗмӗрне,incorrect
шутлакансене,correct
калантарайми,incorrect
илменскерсем,correct
чунчӗмлисене,incorrect
асаплантарнӑ,correct
хӑлхасӑрханӑ,incorrect
чӗлхеҫӑварӑм,correct
айӑплантаран,incorrect
вӗрентекенӗр,correct
уҫӑмсӑрринчи,incorrect
пресвитерсем,correct
кӑтартӑмӑрим,incorrect
асӑрхаттарчӗ,correct
халӑхӑналанӑ,incorrect
пӑхӑнтаратӑп,correct
чунӗнҫӗрӗнче,incorrect
пулаймасӑрах,correct
ырлӑхӑмӗнчен,incorrect
ялхуласенчен,correct
каламланасса,incorrect
вӑрӑхурахсем,correct
каймасӑрханӑ,incorrect
ӑнланайманни,correct
пулмашкӑнран,incorrect
йӑлайӗркешӗн,correct
айӑпламаскра,incorrect
ҫирӗплетнипе,correct
тупмасӑрханӑ,incorrect
тупаймасӑрах,correct
тӗлтернинчен,incorrect
тыткӑнрисене,correct
айӑплантарма,incorrect
ушкӑнӗнченех,correct
ӳкӗтленсенче,incorrect
пултаратӑнах,correct
пророксемшӗн,incorrect
итлесемӗрччӗ,correct
тавӑрӑнӗсене,incorrect
хӗсӗрлекенни,correct
хурлӑхӑмӗсем,incorrect
хуйхисуйхипе,correct
ҫӑлӑнӑрхасан,incorrect
вилӗмлисемех,correct
капӑрлавҫӑпа,incorrect
авланнӑҫкеха,correct
пуҫтарӑнусем,incorrect
саддукейсене,correct
пӑталасассӑн,incorrect
ҫамрӑккисене,correct
хапханатӑрти,incorrect
пӗчӗкскерсем,correct
хӗстерсемччӗ,incorrect
тӑваймастпӑр,correct
пулӑрхансура,incorrect
шырамаҫҫӗиха,correct
айӑплантартса,incorrect
пыракансемшӗн,correct
сывлӑшакансем,incorrect
пилхушусенчен,correct
аслӑрахӑҫлать,incorrect
ҫитейместӗпха,correct
хӑвӑрахнинчен,incorrect
тумланакансем,correct
пирӗнтермелле,incorrect
пӑхӑнтарасшӑн,correct
ирттерекенӗсе,incorrect
пултараймарӑм,correct
саккунӗнҫӗрӗн,incorrect
кастаричченех,correct
тӑвантарнинче,incorrect
йывӑрлӑхӗсене,correct
хӑлхаллӑсемпе,incorrect
хавхалантарма,correct
ятлӑсумлӑхӗпе,incorrect
тӑракансенчен,correct
лайӑххӑрмӗшне,incorrect
ӑнлантаратпӑр,correct
тымарсӑрахнин,incorrect
синагогӑсемпе,correct
каланӑрсемччӗ,incorrect
ларакансенчен,correct
айӑпламасанах,incorrect
юратулӑхӗнчен,correct
кӗпӗрленчӗҫши,incorrect
намӑсланмасӑр,correct
ӳтпӗвӗрӗнетсе,incorrect
курӑнаканнине,correct
тӑваттӑрлаччӗ,incorrect
иртенҫӳренсем,correct
тупайманнишӗн,incorrect
синагогӑрисем,correct
ҫӑлӑнасшӑнчӗҫ,incorrect
ӑнланмастӑрим,correct
хыҫалтариччен,incorrect
пӗрремӗшӗнчен,correct
ӗмӗрлӗрентрӗм,incorrect
ӗнененекенсем,correct
пурлӑхпалашне,incorrect
хӑваракансене,correct
сывлӑшӗллӗмре,incorrect
вӗренекенӳсем,correct
пӑталантарнин,incorrect
пурнӑҫланмарӗ,correct
