stimulus,correct_answer
medh,incorrect
wonn,correct
tern,incorrect
gorf,correct
rynn,incorrect
plos,correct
dyer,incorrect
ewik,correct
gavy,incorrect
evav,correct
dhyw,incorrect
nagh,correct
skwa,incorrect
pynn,correct
lysi,incorrect
urim,correct
dhek,incorrect
dhes,correct
edho,incorrect
pleg,correct
menes,incorrect
tevys,correct
bronk,incorrect
kordh,correct
trius,incorrect
tewel,correct
kovas,incorrect
karas,correct
neshe,incorrect
kaspo,correct
vordh,incorrect
galar,correct
menys,incorrect
gwynn,correct
nagon,incorrect
gwayn,correct
arvos,incorrect
hwrav,correct
zebub,incorrect
trest,correct
laked,incorrect
maday,correct
iswra,incorrect
skorn,correct
boska,incorrect
bosra,correct
makka,incorrect
walgh,correct
lowav,incorrect
brena,correct
wardh,incorrect
mayni,correct
ugher,incorrect
worth,correct
ynder,incorrect
ynnon,correct
hynsek,incorrect
yeunis,correct
parnas,incorrect
gwrons,correct
gentri,incorrect
pystik,correct
tormel,incorrect
omlesa,correct
bolonn,incorrect
gampya,correct
grysow,incorrect
rydhhe,correct
seghys,incorrect
bondow,correct
barsys,incorrect
hwibon,correct
teyler,incorrect
wovyon,correct
fynnys,incorrect
ladhsa,correct
pathas,incorrect
melyas,correct
bennas,incorrect
trigas,correct
omvadh,incorrect
tonnow,correct
tiryon,incorrect
dislel,correct
rynnow,incorrect
dinewi,correct
travys,incorrect
wrella,correct
hynsys,incorrect
gudhsa,correct
eretow,incorrect
gravys,correct
dresow,incorrect
hwillo,correct
lodhes,incorrect
thylda,correct
dellma,incorrect
lovrek,correct
gowyon,incorrect
feliks,correct
ketter,incorrect
skapya,correct
bredhi,incorrect
terras,correct
sevewi,incorrect
gwelys,correct
gommow,incorrect
vestes,correct
hemmys,incorrect
hedhis,correct
bellys,incorrect
keunys,correct
bodhav,incorrect
methek,correct
rewlel,incorrect
nansow,correct
demmys,incorrect
agessi,correct
trevel,incorrect
trevas,correct
tendys,incorrect
nameur,correct
olifaz,incorrect
skubys,correct
maghus,incorrect
metydh,correct
mynnis,incorrect
beghas,correct
bethus,incorrect
fethus,correct
kwardh,incorrect
yedhow,correct
dremed,incorrect
kleves,correct
kenedh,incorrect
servys,correct
hemmyn,incorrect
blonek,correct
bestel,incorrect
tiskwa,correct
tegenn,incorrect
garrek,correct
sorrva,incorrect
krogas,correct
gwenya,incorrect
marwen,correct
tressi,incorrect
gorher,correct
wardya,incorrect
gervya,correct
vydhys,incorrect
worryn,correct
offrys,incorrect
glewav,correct
bedhon,incorrect
gethes,correct
benons,incorrect
gerdyn,correct
beghik,incorrect
medhek,correct
trigor,incorrect
gerens,correct
lemmys,incorrect
favour,correct
anedho,incorrect
keudhi,correct
tylles,incorrect
iselhi,correct
godredh,incorrect
garregi,correct
kolleth,incorrect
kowlwul,correct
goetter,incorrect
traytas,correct
avellys,incorrect
synsons,correct
wordhow,incorrect
gorowra,correct
follons,incorrect
templow,correct
rolleth,incorrect
prisner,correct
koetter,incorrect
beudhys,correct
dydhydh,incorrect
junyans,correct
oghenna,incorrect
yaghhes,correct
pretons,incorrect
groadur,correct
herewgh,incorrect
kavsons,correct
vydhyow,incorrect
fydhons,correct
digolow,incorrect
plynsys,correct
lowewgh,incorrect
glander,correct
worhemm,incorrect
tremena,correct
rebeles,incorrect
keudhys,correct
kollens,incorrect
fystiga,correct
greghys,incorrect
milliga,correct
gwither,incorrect
eskarek,correct
gravyth,incorrect
thochya,correct
geveris,incorrect
karadow,correct
synsyow,incorrect
ithryas,correct
nimshay,incorrect
olifans,correct
trydhen,incorrect
hevelin,correct
diwosta,incorrect
gromman,correct
dannvro,incorrect
styryow,correct
kesiagh,incorrect
kelubay,correct
abester,incorrect
awoeles,correct
maaziel,incorrect
rameses,correct
paradow,incorrect
drokpes,correct
dhallum,incorrect
woethus,correct
bethlon,incorrect
ertajys,correct
renkyas,incorrect
removas,correct
sevisya,incorrect
esedhow,correct
dristya,incorrect
hylghya,correct
hymenel,incorrect
lonchya,correct
koyntys,incorrect
memukan,correct
ombronk,incorrect
omlegri,correct
thaddon,incorrect
byssons,correct
geverel,incorrect
tegoedh,correct
gorment,incorrect
flatyow,correct
vydhyek,incorrect
ladhons,correct
dardhes,incorrect
stadion,correct
mollens,incorrect
difeyth,correct
deudhik,incorrect
kodriga,correct
ownnenn,incorrect
kowdarn,correct
attensi,incorrect
shallum,correct
lehemia,incorrect
paynyas,correct
deveris,incorrect
touryow,correct
rannvon,incorrect
meuredh,correct
draghys,incorrect
pelatia,correct
stevysi,incorrect
grysyas,correct
gorhemm,incorrect
gonvedh,correct
pennder,incorrect
dewlder,correct
hammwra,incorrect
pathros,correct
skenten,incorrect
kusulya,correct
golleth,incorrect
gwayans,correct
myrghek,incorrect
fondyas,correct
dredhes,incorrect
dreveth,correct
leverow,incorrect
niverow,correct
kommenn,incorrect
neppell,correct
enoryow,incorrect
laghysi,correct
fornell,incorrect
dreylya,correct
dregyns,incorrect
arabyon,correct
grammon,incorrect
denladh,correct
kenedha,incorrect
fysadow,correct
seythys,incorrect
porthas,correct
ganowgh,incorrect
sevowgh,correct
dhedhys,incorrect
chasyes,correct
vernour,incorrect
brykkys,correct
prenyow,incorrect
koelyas,correct
gerdhek,incorrect
goettho,correct
wodhyow,incorrect
beghons,correct
artanys,incorrect
dinatur,correct
kerdhya,incorrect
herdhya,correct
welassa,incorrect
lavurus,correct
yavanow,incorrect
yeshaia,correct
brenkya,incorrect
grontya,correct
hemmynn,incorrect
iselhes,correct
spadhes,incorrect
thoella,correct
yntrans,incorrect
malkiel,correct
skorrep,incorrect
kressys,correct
yekoyas,incorrect
guhudha,correct
poenyon,incorrect
torthow,correct
erethys,incorrect
gronkya,correct
dhenyek,incorrect
poblans,correct
niveryn,incorrect
berthes,correct
dhegsys,incorrect
hanamel,correct
ahwerys,incorrect
abishur,correct
dispren,incorrect
omwolgh,correct
lehabia,incorrect
pashhur,correct
gorrenn,incorrect
tybrydh,correct
worment,incorrect
pysewgh,correct
dhrosow,incorrect
naturel,correct
ortholl,incorrect
eskesys,correct
devedha,incorrect
godriga,correct
sevelin,incorrect
framyow,correct
brastel,incorrect
dhiwarr,correct
asennro,incorrect
kalessa,correct
dhynyow,incorrect
dhiwedh,correct
myghtys,incorrect
borthav,correct
eledhel,incorrect
hordhes,correct
kemmedh,incorrect
gelwydh,correct
ytholya,incorrect
obereth,correct
unnsevi,incorrect
dhehwel,correct
seythis,incorrect
kawghti,correct
ragonan,incorrect
furvyas,correct
kowllyo,incorrect
woestel,correct
lemmysk,incorrect
wrylliv,correct
yimnath,incorrect
oholiab,correct
pandrys,incorrect
purheor,correct
fordhya,incorrect
mantell,correct
dillemi,incorrect
rydhhes,correct
ahashan,incorrect
shashak,correct
kledhyw,incorrect
akontys,correct
skattel,incorrect
aswonno,correct
dreheves,incorrect
drehevis,correct
omdhiver,incorrect
omdhivas,correct
govynnsa,incorrect
govynnys,correct
peskwedh,incorrect
skryptor,correct
diwettho,incorrect
diskudha,correct
dreylyow,incorrect
dremensa,correct
vernakel,incorrect
menelaus,correct
arlydhen,incorrect
varchons,correct
fateller,incorrect
gemmerav,correct
skoedhon,incorrect
skoedhya,correct
valghenn,incorrect
omuvelhe,correct
gwaskama,incorrect
gwastyes,correct
meurgern,incorrect
prysboes,correct
skryjyon,incorrect
shaalbim,correct
splannow,incorrect
kuhudhys,correct
glewisas,incorrect
glewowgh,correct
tevrinek,incorrect
gwyrghes,correct
eksander,incorrect
epifanes,correct
labolenn,incorrect
dhustuni,correct
hunrosel,incorrect
awottavy,correct
deverell,incorrect
skwattys,correct
drigoras,incorrect
hwrussys,correct
livresel,incorrect
groglenn,correct
nikasyon,incorrect
gethneth,correct
gwahalal,incorrect
kudynnow,correct
govadhow,incorrect
konjorya,correct
seloryon,incorrect
garoryon,correct
vashtaol,incorrect
sklandra,correct
ankovarn,incorrect
hashabia,correct
goverons,incorrect
godrevow,correct
aragonan,incorrect
klewewgh,correct
lesksons,incorrect
degeewgh,correct
hedhywgh,incorrect
beghosow,correct
ynnowydh,incorrect
gwynnder,correct
seythtir,incorrect
tewlewgh,correct
warbarim,incorrect
tremenes,correct
trevelin,incorrect
kanoryon,correct
allathan,incorrect
distruis,correct
gedorras,incorrect
ankenyow,correct
kennowgh,incorrect
skaryoth,correct
mernakel,incorrect
galargan,correct
yntrevow,incorrect
kadonyow,correct
vyghtyas,incorrect
servyons,correct
worhemma,incorrect
woslowes,correct
ledyewgh,incorrect
tennewgh,correct
brassyes,incorrect
gryssons,correct
vronsons,incorrect
hwrugavy,correct
drehevin,incorrect
hwrylliv,correct
yllydhen,incorrect
shekania,correct
dheuthow,incorrect
wormello,correct
dhynseth,incorrect
dhywolow,correct
moryster,incorrect
purheans,correct
vyrghyas,incorrect
negysyow,correct
gammhyns,incorrect
omwovynn,correct
dhinwask,incorrect
dhaspren,correct
bethusek,incorrect
bethbasi,correct
dristyas,incorrect
devoryas,correct
lieshake,incorrect
withowgh,correct
alamitys,incorrect
yoshafat,correct
sentredh,incorrect
divroans,correct
dhannvro,incorrect
gonedhys,correct
howlsedh,incorrect
elifelet,correct
dalmaner,incorrect
hendasow,correct
torthons,incorrect
dyghtyer,correct
rekemysi,incorrect
gonsumya,correct
veurgern,incorrect
blegsons,correct
gwellyas,incorrect
strivsys,correct
maghtern,incorrect
aghskrif,correct
sevigyon,incorrect
gwelynni,correct
brewynsi,incorrect
bysowsel,correct
devedhes,incorrect
lowenhas,correct
unnekter,incorrect
treussys,correct
gemallum,incorrect
skolkyen,correct
jatellys,incorrect
distrusa,correct
doutyans,incorrect
dibreder,correct
ertanyon,incorrect
hevelebi,correct
lemmigow,incorrect
fynnglow,correct
sefathys,incorrect
kekemmys,correct
bolonnek,incorrect
nehushta,correct
pibowsav,incorrect
huramabi,correct
devedhel,incorrect
provians,correct
ynmedhsa,incorrect
dhyskydh,correct
hathyans,incorrect
rebukyas,correct
wennowgh,incorrect
hoelanek,correct
myghteth,incorrect
gollenow,correct
rannasow,incorrect
tollwara,correct
hyttyans,incorrect
hostrels,correct
aglevysi,incorrect
habakkuk,correct
lemmynna,incorrect
justifia,correct
nerthens,incorrect
palesyow,correct
bynnadow,incorrect
teuvewgh,correct
anedhlow,incorrect
lewyader,correct
semlanha,incorrect
keschanj,correct
ynwedhen,incorrect
gwerthes,correct
ethughel,incorrect
dewufern,correct
gemmewgh,incorrect
leverons,correct
anodhons,incorrect
hwansons,correct
spadherag,incorrect
bagghides,correct
pregoryon,incorrect
vreusewgh,correct
bodredhow,incorrect
gadarenys,correct
kolovenek,incorrect
iswragedh,correct
kolonnons,incorrect
wovynnsys,correct
diskweyth,incorrect
henedhlow,correct
kevonsons,incorrect
mentenour,correct
berthybis,incorrect
teuthewgh,correct
kettelles,incorrect
maglennow,correct
brassyria,incorrect
bethsaida,correct
besydhyow,incorrect
gonvedhes,correct
ynterkans,incorrect
pathrusim,correct
skwattyli,incorrect
vollothek,correct
kaslewyon,incorrect
perizzysi,correct
asherewgh,incorrect
ashtaroth,correct
gyllydhen,incorrect
justisyow,correct
herwydhen,incorrect
aswonnydh,correct
gordenant,incorrect
skryptors,correct
erbynnans,incorrect
kemmersyn,correct
keffrynno,incorrect
demetrius,correct
tyllenwel,incorrect
koedhewgh,correct
tofethyon,incorrect
tiyskynna,correct
gorhemmys,incorrect
devnydhys,correct
threvowgh,incorrect
omdhivarv,correct
dhyghtern,incorrect
geswesyon,correct
mestrekys,incorrect
gweskewgh,correct
yndannvon,incorrect
ledyoryon,correct
yokebeder,incorrect
divoetter,correct
klegeredh,incorrect
mordonnow,correct
tabithiel,incorrect
pelethysi,correct
adamarita,incorrect
desiradow,correct
trigeryow,incorrect
adhelergh,correct
ganstelas,incorrect
omgurunas,correct
arloedhow,incorrect
omsettyas,correct
forneliud,incorrect
treylyons,correct
dasverysi,incorrect
diwskoedh,correct
oberowder,incorrect
hwerowder,correct
typprysya,incorrect
esdraelon,correct
keredhomm,incorrect
kemmynnys,correct
drokhenna,incorrect
kabelgoes,correct
ptolethys,incorrect
akordyans,correct
kontrevas,incorrect
tregeredh,correct
tyskonsel,incorrect
omvadhyas,correct
molennath,incorrect
hordennow,correct
woslowarn,incorrect
gonedhysi,correct
wodhvolas,incorrect
woslowons,correct
welesigow,incorrect
gerdhsons,correct
dhrehabia,incorrect
dhyghtyas,correct
antryghik,incorrect
omhwythys,correct
golovenek,incorrect
ankoffens,correct
genestrif,incorrect
venysters,correct
wohydhyow,incorrect
diogeledh,correct
plemanyow,incorrect
ewnhynsek,correct
orthusyon,incorrect
jydhweyth,correct
mildiryon,incorrect
mengleudh,correct
hashubael,incorrect
enesigeth,correct
fatellens,incorrect
tremenyas,correct
wartesens,incorrect
brosweyth,correct
tabernyow,incorrect
helghyons,correct
trigelmys,incorrect
holodhyon,correct
dhyghteth,incorrect
anaharath,correct
makkabell,incorrect
kehevelys,correct
adhervysi,incorrect
adhiworta,correct
genedhomm,incorrect
vlewennow,correct
taberthas,incorrect
roesweyth,correct
fyllenwel,incorrect
bryjyewgh,correct
pygemmedh,incorrect
blasfemys,correct
ortholyas,incorrect
bethnimra,correct
ynwedhwes,incorrect
anlaghedh,correct
ughesigow,incorrect
krysopras,correct
ladhaswul,incorrect
goedhanes,correct
dihevelin,incorrect
kenizzysi,correct
fordhowgh,incorrect
tertullus,correct
abervewgh,incorrect
efesianys,correct
drehevesi,incorrect
ombrederi,correct
vyrghenna,incorrect
astelewgh,correct
ethedhyas,incorrect
howrvergh,correct
ynwedhras,incorrect
gwelhevin,correct
blydhenna,incorrect
ginnethon,correct
rakhennys,incorrect
kukumbrow,correct
dremenegi,incorrect
trehetthi,correct
dhisplekhe,incorrect
dhisplegya,correct
disenoryon,incorrect
diwysykter,correct
pygemmeres,incorrect
tegemmeres,correct
arloedhons,incorrect
kuntellons,correct
kessydhyow,incorrect
skentoleth,correct
pygemmeras,incorrect
wowleveris,correct
nowodhvedh,incorrect
grodhvolas,correct
worhemmysk,incorrect
myghternes,correct
flammonysi,incorrect
helghoryon,correct
gwalghenna,incorrect
wovernours,correct
tabervedha,incorrect
solempnyas,correct
eskaroryon,incorrect
goelyogyon,correct
dewlagasow,incorrect
prevyansow,correct
aghskrifys,incorrect
dhustunier,correct
diwweythis,incorrect
omgemmeras,correct
ugheloryus,incorrect
ughelhewgh,correct
kerdhelirv,incorrect
gwynnennow,correct
dhiskweyth,incorrect
dhistruans,correct
myghtethys,incorrect
fistenewgh,correct
ynwedhyans,incorrect
gemmersens,correct
gwedhwenek,incorrect
treyllyons,correct
goslowenep,incorrect
erviransow,correct
plethiopia,incorrect
welesigeth,correct
pubdydhyow,incorrect
dispresyas,correct
diwvronsow,incorrect
diwreydhys,correct
eretonsyow,incorrect
perfydhhes,correct
ynwedhywgh,incorrect
gemmerewgh,correct
dhiwdhorya,incorrect
dhiwskoedh,correct
dhalloesek,incorrect
hanaforyon,correct
pympkorras,incorrect
kanstellas,correct
konvedhomm,incorrect
wrowedhydh,correct
ternedhlow,incorrect
gormelewgh,correct
klavorogys,incorrect
downderyow,correct
drehevisya,incorrect
daskorrans,correct
goskennens,incorrect
kommendyas,correct
galarganas,incorrect
borthoryon,correct
keffrynnow,incorrect
foenvotter,correct
dhiworthow,incorrect
dalghennes,correct
dineythres,incorrect
tiskwettho,correct
worthughel,incorrect
meshezabel,correct
kweskerens,incorrect
tresorvaow,correct
yndannvens,incorrect
keskowetha,correct
tiryonedhi,incorrect
fleghigyow,correct
gansolemia,incorrect
mestrynses,correct
warlerghis,incorrect
kennerthys,correct
rehobothow,incorrect
anannedhys,correct
maystratus,incorrect
gwithyades,correct
didhannvro,incorrect
girgashysi,correct
synsipatys,incorrect
dresorvaow,correct
fedhaspres,incorrect
gathrimmon,correct
genestrysi,incorrect
kammledyas,correct
dowrowedha,incorrect
thregeredh,correct
leverellos,incorrect
dhehwelliv,correct
warlerghes,incorrect
denledhyas,correct
anedhyskas,incorrect
esyongeber,correct
abernansow,incorrect
shabbethay,correct
dydhyskans,incorrect
fydhyansek,correct
vestewlysi,incorrect
weythoryon,correct
lemmyskynn,incorrect
hwovynnydh,correct
kuntelliow,incorrect
tehwellens,correct
oberedhons,incorrect
shumathysi,correct
wlaskorras,incorrect
kowlwrians,correct
peghosogyon,incorrect
boghosogyon,correct
gwelesigyon,incorrect
golonnekter,correct
vanterloedh,incorrect
avoutroryon,correct
foenvottend,incorrect
netofathyas,correct
myghternour,incorrect
ughelderyow,correct
sowdhannvon,incorrect
kusulyoryon,correct
kalettelles,incorrect
kaletteryow,correct
gwinlanndir,incorrect
woslewsowgh,correct
selvenniges,incorrect
hembrenkyas,correct
eliffronnow,incorrect
ammishadday,correct
niverydhses,incorrect
omdhefolsys,correct
blydhewisys,incorrect
thresorvaow,correct
divoettella,incorrect
diyskynnysi,correct
howethhoglu,incorrect
pystrioryon,correct
dhiworthybi,incorrect
kessydhyans,correct
ynyaldeanys,incorrect
anwiryonedh,correct
nagolloryon,incorrect
gorweloryon,correct
kaptenyowgh,incorrect
wovynnsowgh,correct
dallethinim,incorrect
hessydhyans,correct
gwelesyriek,incorrect
fostowdaras,correct
maystrivydh,incorrect
dhegemmeres,correct
dhisklerder,incorrect
anewnderyow,correct
gwriansolem,incorrect
omdhrehaffa,correct
prenewennow,incorrect
bennkoloven,correct
dydhynyowgh,incorrect
adhiworthis,correct
unnsevyanso,incorrect
dhegemmerav,correct
yndannvenek,incorrect
dhispresyas,correct
blydhenvyth,incorrect
gordhyoryon,correct
edhommolenn,incorrect
dansolifans,correct
hirgernyans,incorrect
adhiworthyn,correct
hepfordhowr,incorrect
ynkyslestri,correct
dhewansowgh,incorrect
brofessyans,correct
drefennsita,incorrect
bennternedh,correct
drefennasow,incorrect
professyans,correct
ahwerthybis,incorrect
doellwiskas,correct
dalederwydh,incorrect
dhisakrowgh,correct
eylweythves,incorrect
kerweythyow,correct
gwerthybsys,incorrect
dhiskwedhav,correct
synsyowboes,incorrect
donsyoresow,correct
henedhywolok,incorrect
breselyoryon,correct
orthughelder,incorrect
towlbrennyer,correct
amaleksandal,incorrect
howldrehevel,correct
ynmedhommenn,incorrect
gowlwrussens,correct
kessydhyskys,incorrect
gammdremenas,correct
trodregeredh,incorrect
hentrevogyon,correct
truedhewisys,incorrect
ynkleudhyans,correct
droggusulyas,incorrect
omgovskrifas,correct
hantellesour,incorrect
dhallathsons,correct
abervedhsens,incorrect
godhvydhewgh,correct
kanstelivrys,incorrect
bethlehemyas,correct
omdhegemmedh,incorrect
threuspassow,correct
manterlemmyn,incorrect
kenedhlogeth,correct
arloedhogyon,incorrect
dhiwysygneth,correct
erbynnerthiv,incorrect
kovnotyansow,correct
seythresowgh,incorrect
gammweythres,correct
divoethusyon,incorrect
baalshalisha,correct
dhedhasprenn,incorrect
dhavasvenydh,correct
ythoryonedhi,incorrect
gederwydhenn,correct
awtoritanyon,incorrect
hasorhadatta,correct
