stimulus,correct_answer
biet,incorrect
gast,correct
ernt,incorrect
jagt,correct
stel,incorrect
gabe,correct
erin,incorrect
haar,correct
hake,incorrect
bebt,correct
folg,incorrect
zieh,correct
rich,incorrect
frag,correct
ange,incorrect
wege,correct
heut,incorrect
nord,correct
fach,incorrect
sack,correct
kale,incorrect
hebt,correct
ster,incorrect
holt,correct
rach,incorrect
pass,correct
hung,incorrect
wäre,correct
eite,incorrect
lema,correct
imme,incorrect
fiel,correct
enke,incorrect
bach,correct
ante,incorrect
held,correct
mona,incorrect
pack,correct
fehl,incorrect
wagt,correct
asen,incorrect
most,correct
offe,incorrect
baut,correct
rieg,incorrect
wahl,correct
gere,incorrect
ölen,correct
harz,incorrect
half,correct
hüll,incorrect
puwa,correct
akaz,incorrect
egal,correct
asch,incorrect
bote,correct
aben,incorrect
nahe,correct
eige,incorrect
woge,correct
pilz,incorrect
ehrt,correct
nich,incorrect
freu,correct
mens,incorrect
back,correct
esch,incorrect
ofra,correct
reis,incorrect
kore,correct
ders,incorrect
löst,correct
kedes,incorrect
ritzt,correct
keziz,incorrect
kajin,correct
rezer,incorrect
milka,correct
fenst,incorrect
zeder,correct
netan,incorrect
phöbe,correct
immen,incorrect
neuer,correct
dings,incorrect
sitze,correct
hämme,incorrect
zibon,correct
zuste,incorrect
halbe,correct
zitte,incorrect
griff,correct
stung,incorrect
stolz,correct
peits,incorrect
joach,correct
wahrt,incorrect
jenen,correct
ohner,incorrect
ähren,correct
verst,incorrect
schau,correct
erobe,incorrect
waffe,correct
freit,incorrect
stern,correct
andem,incorrect
levis,correct
genan,incorrect
gefäß,correct
meind,incorrect
obere,correct
erlei,incorrect
beugt,correct
ansch,incorrect
links,correct
zwill,incorrect
wende,correct
loses,incorrect
plagt,correct
langt,incorrect
rings,correct
leuch,incorrect
hasst,correct
aufer,incorrect
lebst,correct
gesto,incorrect
heiße,correct
mengt,incorrect
gebet,correct
polis,incorrect
pfahl,correct
erkan,incorrect
abgab,correct
auchs,incorrect
leber,correct
zeich,incorrect
todes,correct
schah,incorrect
braus,correct
zuden,incorrect
alarm,correct
sches,incorrect
briet,correct
hellt,incorrect
backt,correct
imrit,incorrect
gajus,correct
euert,incorrect
hohem,correct
becha,incorrect
hafen,correct
ersch,incorrect
pries,correct
erweg,incorrect
gieße,correct
gemel,incorrect
indem,correct
mattir,incorrect
mattat,correct
minden,incorrect
rekems,correct
gewies,incorrect
gefügt,correct
düsten,incorrect
düster,correct
hyazin,incorrect
hyänen,correct
dalien,incorrect
mefaat,correct
peninu,incorrect
fahren,correct
zerfen,incorrect
sehnen,correct
schaha,incorrect
schatz,correct
vernis,incorrect
plagen,correct
richts,incorrect
öffnen,correct
dassen,incorrect
fragst,correct
panzen,incorrect
pagiël,correct
gegann,incorrect
brüste,correct
gefang,incorrect
beginn,correct
gartet,incorrect
garten,correct
kibrot,incorrect
wochen,correct
anfert,incorrect
anzahl,correct
verung,incorrect
hervor,correct
dingst,incorrect
dingen,correct
wieden,incorrect
feiern,correct
vorben,incorrect
danken,correct
unüber,incorrect
gejagt,correct
einweg,incorrect
eingab,correct
zwisch,incorrect
pfähle,correct
erscht,incorrect
träumt,correct
versam,incorrect
schoss,correct
wester,incorrect
üblich,correct
insten,incorrect
kehats,correct
verges,incorrect
schrei,correct
behand,incorrect
gelebt,correct
tilger,incorrect
titius,correct
flüste,incorrect
netofa,correct
flohes,incorrect
grenzt,correct
antreu,incorrect
kehlen,correct
rehabt,incorrect
beerot,correct
dessel,incorrect
gegner,correct
hallum,incorrect
talmai,correct
zeitig,incorrect
ziehst,correct
seitig,incorrect
schaut,correct
frauer,incorrect
kleine,correct
zedeks,incorrect
passen,correct
kindet,incorrect
kluger,correct
ohnern,incorrect
ändert,correct
hautet,incorrect
erwarb,correct
fander,incorrect
grenze,correct
schnet,incorrect
klauen,correct
gegoss,incorrect
behüte,correct
edomit,incorrect
zypern,correct
wicher,incorrect
jachin,correct
schila,incorrect
weißer,correct
gartig,incorrect
plätze,correct
händig,incorrect
rühren,correct
verlich,incorrect
vergiss,correct
getanja,incorrect
prahlst,correct
jeherrn,incorrect
bemühen,correct
befiele,incorrect
beraubt,correct
geblich,incorrect
regnete,correct
erscher,incorrect
träumte,correct
trockel,incorrect
predige,correct
müsselt,incorrect
thronst,correct
erfalle,incorrect
geweckt,correct
lehnung,incorrect
gewicht,correct
bisheit,incorrect
wartete,correct
hielter,incorrect
hinters,correct
erbrand,incorrect
erlässt,correct
geramim,incorrect
genubat,correct
widerte,incorrect
makkeda,correct
beherrn,incorrect
belohnt,correct
gekleid,incorrect
gefolge,correct
heilbar,incorrect
wohnort,correct
geschuf,incorrect
geschah,correct
mauerte,incorrect
geister,correct
triffen,incorrect
ölbäume,correct
ermassa,incorrect
erlangt,correct
töricho,incorrect
fischer,correct
fängnis,incorrect
elnatan,correct
stungen,incorrect
stoffen,correct
erschön,incorrect
genauer,correct
schieht,incorrect
schrien,correct
heimnis,incorrect
dankbar,correct
lässige,incorrect
gleiche,correct
verwalt,incorrect
schwere,correct
wortete,incorrect
tischen,correct
wächtet,incorrect
zittern,correct
zeiches,incorrect
hindern,correct
jetzten,incorrect
brachen,correct
geschön,incorrect
gehörst,correct
treiden,incorrect
gebirge,correct
jericht,incorrect
jeroham,correct
westeht,incorrect
tummeln,correct
kennung,incorrect
abgeben,correct
rehaben,incorrect
gezeigt,correct
querten,incorrect
quellen,correct
entlich,incorrect
sprecht,correct
gestung,incorrect
wildnis,correct
standes,incorrect
trennte,correct
jetzter,incorrect
konntet,correct
bundern,incorrect
müssten,correct
riefert,incorrect
trauern,correct
spanger,incorrect
größter,correct
getaufe,incorrect
begriff,correct
gemager,incorrect
bewerfe,correct
umschah,incorrect
blanker,correct
finders,incorrect
findest,correct
umbrach,incorrect
lärmten,correct
geweils,incorrect
gewinnt,correct
eselste,incorrect
strenge,correct
elmajim,incorrect
gaditer,correct
namente,incorrect
mächten,correct
redenen,incorrect
wachsam,correct
veräche,incorrect
schützt,correct
zuhalte,incorrect
anrecht,correct
westers,incorrect
erfahrt,correct
zweifer,incorrect
schläfe,correct
nichten,incorrect
offenes,correct
kuschte,incorrect
polster,correct
damiten,incorrect
ruderer,correct
verrich,incorrect
schande,correct
wasselt,incorrect
beweint,correct
erriege,incorrect
mahalat,correct
dichtig,incorrect
strauße,correct
echtete,incorrect
psalmen,correct
außerer,incorrect
dachten,correct
jedenen,incorrect
fließen,correct
entgang,incorrect
springt,correct
landelt,incorrect
schluck,correct
imsteht,incorrect
zwängte,correct
durchte,incorrect
netanja,correct
handert,incorrect
gedankt,correct
abwasch,incorrect
gekauft,correct
anderum,incorrect
treibst,correct
zerfahr,incorrect
abgaben,correct
tateten,incorrect
stadion,correct
feuernd,incorrect
krieges,correct
gewäche,incorrect
besorgt,correct
ansches,incorrect
spotten,correct
dächtet,incorrect
sklavin,correct
lëummim,incorrect
zählten,correct
gemelder,incorrect
gemeldet,correct
träuchen,incorrect
frisuren,correct
geretter,incorrect
betrüger,correct
geeignis,incorrect
geeignet,correct
palasten,incorrect
pflanzte,correct
gesegnen,incorrect
gewiesen,correct
schädigt,incorrect
schmückt,correct
befessen,incorrect
gestoßen,correct
erschied,incorrect
anschlag,correct
wochenkt,incorrect
umfassen,correct
gemorden,incorrect
betkerem,correct
schieder,incorrect
vergisst,correct
liefsten,incorrect
schnüren,correct
festimmt,incorrect
kriechen,correct
gefragen,incorrect
erfährst,correct
waffnete,incorrect
eunuchen,correct
ankommen,incorrect
kesullot,correct
ausdrück,incorrect
hälmchen,correct
abhänger,incorrect
abtreten,correct
geführer,incorrect
bewegten,correct
geworder,incorrect
gerichte,correct
erschwer,incorrect
trocknen,correct
worteten,incorrect
gleicher,correct
gelinger,incorrect
geringer,correct
unfrucht,incorrect
eröffnet,correct
beschafe,incorrect
beweisen,correct
gesalböl,incorrect
geblasen,correct
inzwisch,incorrect
kostbare,correct
fraueren,incorrect
könntest,correct
weihtest,incorrect
trennten,correct
auszeich,incorrect
probleme,correct
ließlich,incorrect
tiefsten,correct
fruchten,incorrect
bezahlte,correct
schiener,incorrect
schwerer,correct
seiterne,incorrect
verziert,correct
unbrauch,incorrect
gezögert,correct
finderen,incorrect
sprachen,correct
lachtete,incorrect
sechsten,correct
bedürfen,incorrect
absaloms,correct
sorgenen,incorrect
erkennst,correct
männeres,incorrect
töchtern,correct
beiderte,incorrect
berührte,correct
sündeten,incorrect
arbeiter,correct
zusammes,incorrect
abwendet,correct
feindere,incorrect
östliche,correct
prunkeln,incorrect
zuwendet,correct
philemot,incorrect
männchen,correct
rechtete,incorrect
festigen,correct
wissheit,incorrect
festsaal,correct
kenntnis,incorrect
libniter,correct
erfreund,incorrect
erwählte,correct
zähligen,incorrect
springen,correct
bestigte,incorrect
streiten,correct
anfeinde,incorrect
erwartet,correct
geschwer,incorrect
geschenk,correct
listerte,incorrect
tiberias,correct
gewaltet,incorrect
berichte,correct
kinderes,incorrect
nächster,correct
früchtig,incorrect
fertigen,correct
erbalken,incorrect
erbautes,correct
nachrift,incorrect
schobach,correct
leiderte,incorrect
lauerten,correct
beschier,incorrect
besseres,correct
gefaller,incorrect
gewissen,correct
genommer,incorrect
gelegene,correct
einandem,incorrect
einziger,correct
anlagern,incorrect
zuführen,correct
ganzenen,incorrect
kriegern,correct
halteste,incorrect
handelte,correct
getreits,incorrect
gelassen,correct
preister,incorrect
belastet,correct
warnunft,incorrect
fürchten,correct
kleidigt,incorrect
fließend,correct
knechtig,incorrect
arbeitet,correct
niederum,incorrect
bekennst,correct
tascheid,incorrect
rutschte,correct
versches,incorrect
vergesst,correct
amasasja,incorrect
stricken,correct
geistung,incorrect
erliegen,correct
dagegebe,incorrect
erinnere,correct
morderte,incorrect
täubchen,correct
namensch,incorrect
amoriter,correct
bestätte,incorrect
baalmeon,correct
vaternen,incorrect
hügelige,correct
geschafe,incorrect
geheißen,correct
geschlug,incorrect
gesundes,correct
geschnen,incorrect
gestillt,correct
rechnell,incorrect
zugesagt,correct
stricher,incorrect
anfingst,correct
leutende,incorrect
adonikam,correct
überheit,incorrect
schammai,correct
jemander,incorrect
spiegelt,correct
greifach,incorrect
leistung,correct
königste,incorrect
verwandt,correct
auchstes,incorrect
verbirgt,correct
eroberei,incorrect
ereignet,correct
gegendwo,incorrect
wucherte,correct
diesenst,incorrect
dienerin,correct
aschbarn,incorrect
entlarve,correct
nichtete,incorrect
christin,correct
durchbor,incorrect
schaltet,correct
nichtung,incorrect
schimron,correct
unrechne,incorrect
bediente,correct
nichtbar,incorrect
schlimme,correct
glaubnis,incorrect
eljoënai,correct
erbarmher,incorrect
ermahnung,correct
verbrecht,incorrect
vergessen,correct
begleicht,incorrect
berührten,correct
erfähiger,incorrect
bekleidet,correct
besprecht,incorrect
geblieben,correct
anblickte,incorrect
ermutigen,correct
umgericht,incorrect
zehnfache,correct
schnissen,incorrect
verliehen,correct
gerechern,incorrect
bewachten,correct
thessalon,incorrect
aramäisch,correct
nämlichen,incorrect
östlichen,correct
rückliche,incorrect
festliche,correct
oberhalte,incorrect
persische,correct
gerisiter,incorrect
gestohlen,correct
verfleist,incorrect
verleiten,correct
nichteten,incorrect
äußersten,correct
prahlster,incorrect
geschützt,correct
herzehrer,incorrect
schweigen,correct
priesteht,incorrect
prophetie,correct
getrösten,incorrect
begräbnis,correct
getreiben,incorrect
gewaltige,correct
geordnung,incorrect
leoparden,correct
besterben,incorrect
trauerten,correct
kräutigte,incorrect
kehatiter,correct
fleischen,incorrect
phönizien,correct
beschlich,incorrect
geschickt,correct
nichtbare,incorrect
lebendige,correct
jehuschen,incorrect
errichten,correct
einzufang,incorrect
schleppte,correct
suchteten,incorrect
empfinden,correct
standeren,incorrect
verbrannt,correct
feinderen,incorrect
erfüllten,correct
endlichen,incorrect
römischen,correct
geflocken,incorrect
wenigsten,correct
bekennung,incorrect
trompeten,correct
mühselnde,incorrect
blutungen,correct
arpachtum,incorrect
umringten,correct
anzuberei,incorrect
umgekehrt,correct
abzufügte,incorrect
anbrechen,correct
brachenkt,incorrect
streiften,correct
keniteren,incorrect
gelähmter,correct
völligtum,incorrect
verehrung,correct
mächtlich,incorrect
mutigsten,correct
unreinige,incorrect
abbringen,correct
meindeten,incorrect
zweierlei,correct
draußeres,incorrect
törichter,correct
sebachten,incorrect
anrichten,correct
gewesende,incorrect
trockener,correct
bittelbar,incorrect
streifzug,correct
beweihung,incorrect
bewohnbar,correct
gedankbar,incorrect
unfassbar,correct
öffnetete,incorrect
offiziell,correct
reicheren,incorrect
hindernis,correct
nehmerzen,incorrect
schlingen,correct
regierdet,incorrect
kostbarem,correct
königsten,incorrect
schleusen,correct
anversche,incorrect
wichtiger,correct
bestillst,incorrect
geweigert,correct
sonstigte,incorrect
verkürzen,correct
untreiben,incorrect
unendlich,correct
königenes,incorrect
schichten,correct
friedlung,incorrect
samariter,correct
throniter,incorrect
spotteten,correct
fehlerlor,incorrect
tachpenes,correct
sprechtem,incorrect
jiftachel,correct
nichtenen,incorrect
aufgeregt,correct
götternes,incorrect
niemandem,correct
ertraußer,incorrect
unbemerkt,correct
beschillen,incorrect
beschwatzt,correct
oholibanon,incorrect
pamphylien,correct
ließlicher,incorrect
verbrecher,correct
jenseitete,incorrect
erkundigte,correct
anverschen,incorrect
anvertraut,correct
kleidigten,incorrect
offenbaren,correct
verbundere,incorrect
verkündete,correct
schädigung,incorrect
verdammten,correct
absalonier,incorrect
zimperlich,correct
lippdachte,incorrect
hartnäckig,correct
feierliere,incorrect
feindliche,correct
meindruckt,incorrect
übernommen,correct
pekachsten,incorrect
flüchtigen,correct
eroberhält,incorrect
abrechnung,correct
unheiligen,incorrect
haggadolim,correct
inseligion,incorrect
erschlagen,correct
lassenheit,incorrect
reichtümer,correct
gebirgesst,incorrect
bestrafung,correct
bestandere,incorrect
gebildeten,correct
folgenährt,incorrect
persönlich,correct
unbedingen,incorrect
nikolaïten,correct
sportleren,incorrect
spaltungen,correct
schandwerk,incorrect
querbalken,correct
drittelbar,incorrect
gültigkeit,correct
freunderen,incorrect
belagerten,correct
erschwäger,incorrect
beschworen,correct
lagerechen,incorrect
levitische,correct
vorjahrend,incorrect
weiblichen,correct
geschlache,incorrect
beschwören,correct
einigunger,incorrect
verwickelt,correct
teichnitte,incorrect
zwillingen,correct
anzuersten,incorrect
nachfolger,correct
verschehen,incorrect
verbannten,correct
vergeblieb,incorrect
verwurzelt,correct
früherebja,incorrect
zugestoßen,correct
nichtbaren,incorrect
bestellten,correct
begeheimat,incorrect
bedrängten,correct
lasserteil,incorrect
bitterkeit,correct
muschienen,incorrect
auszubauen,correct
festundere,incorrect
euretwegen,correct
gläubigtan,incorrect
bedrängnis,correct
ajalonicht,incorrect
nördlicher,correct
schulteres,incorrect
verwitwete,correct
dieselsten,incorrect
zuschnappt,correct
opfertigte,incorrect
abschlagen,correct
geschbazar,incorrect
eingeprägt,correct
landspanik,incorrect
rückgängig,correct
mittelpaal,incorrect
besprengte,correct
wahrheißel,incorrect
natürliche,correct
völligkeit,incorrect
geradewegs,correct
nichtbarer,incorrect
besonderer,correct
umringesät,incorrect
mazedonier,correct
ganzestere,incorrect
zeltstücks,correct
dreschützen,incorrect
dreschplatz,correct
geschwesten,incorrect
geschwister,correct
erbarmengel,incorrect
prächtigste,correct
sidonizeder,incorrect
unfassbaren,correct
nachristern,incorrect
kennzeichen,correct
behauptwege,incorrect
gelegenheit,correct
gehorsammer,incorrect
ausgelöscht,correct
wirklichtum,incorrect
gebliebenen,correct
jemandantel,incorrect
abteilungen,correct
künstlereit,incorrect
ehebrechern,correct
jedeschwert,incorrect
bestreichen,correct
vorbildenen,incorrect
dankbarkeit,correct
priestellte,incorrect
kräftigsten,correct
glatpilesen,incorrect
schmutzigen,correct
längenommen,incorrect
lästerungen,correct
sonderenike,incorrect
ankündigung,correct
grenzunehmt,incorrect
gratulieren,correct
fangenezars,incorrect
totschläger,correct
irschrister,incorrect
sukkotbenot,correct
priesigener,incorrect
oberhäupter,correct
untrecklich,incorrect
aufzuhalten,correct
niemanderer,incorrect
umzustimmen,correct
wünschtarot,incorrect
eroberungen,correct
kriegeltung,incorrect
vernichtung,correct
gesanbrücht,incorrect
quadratisch,correct
olivenhajil,incorrect
thronsessel,correct
ließlichenkt,incorrect
schlachteten,correct
ließlichkeit,incorrect
vernünftigen,correct
begangeschen,incorrect
gekreuzigten,correct
beiderliehen,incorrect
beschneidung,correct
tausbrüchter,incorrect
festgesetzte,correct
lauferstören,incorrect
ausgewählten,correct
abschebammen,incorrect
gleichnissen,correct
glaubereitem,incorrect
menschlichem,correct
bewirkennung,incorrect
bemächtigten,correct
forschmieder,incorrect
verschwunden,correct
hüftgelebten,incorrect
abgeschlagen,correct
geschlichend,incorrect
befehlshaber,correct
vergaschehen,incorrect
verabscheuen,correct
brüchtigkeit,incorrect
abelmizrajim,correct
werderunrein,incorrect
beschuldigst,correct
abzuletzunge,incorrect
misshandlung,correct
bildlichkeit,incorrect
nachforschen,correct
hungrigentum,incorrect
entwürdigten,correct
groberhäuter,incorrect
aufzuspielen,correct
nichtigerede,incorrect
gegenseitige,correct
müsseneraten,incorrect
entschuldigt,correct
marscheulich,incorrect
ursprünglich,correct
anfangespannt,incorrect
bedeutendsten,correct
schlägersonen,incorrect
verkrüppelten,correct
gefratastrick,incorrect
prostituierte,correct
knechternicht,incorrect
kriegerischen,correct
ewigenezareta,incorrect
schreckliches,correct
gepriesterben,incorrect
handgreiflich,correct
muschuldigens,incorrect
verabschieden,correct
girgascheiden,incorrect
kadeschbarnea,correct
