stimulus,correct_answer
އވނށ,incorrect
އވނނ,correct
ގއނނ,incorrect
ހތށވ,correct
ލވގނ,incorrect
ނރގނ,correct
މއކނ,incorrect
މއރގ,correct
ދކވނ,incorrect
ދމގތ,correct
ނއޅއ,incorrect
މބހއ,correct
ނނނށ,incorrect
ކނކށ,correct
ގއދނ,incorrect
ބސވޙ,correct
ސހލއ,incorrect
ބރޢތ,correct
މސޙއ,incorrect
މރއވ,correct
ވނއގ,incorrect
ހރއރ,correct
ކކމއ,incorrect
ލމސލ,correct
މނނކ,incorrect
އރތއ,correct
މނއގ,incorrect
ފލއނ,correct
ވރވފ,incorrect
ވރވނ,correct
އސއނ,incorrect
އތތނ,correct
ޔނތއ,incorrect
ވޑގނ,correct
ނފލވ,incorrect
ނފޒއ,correct
ސއރފ,incorrect
ކބއހ,correct
ދމނގ,incorrect
މރއކ,correct
ރހނކ,incorrect
ވގނގ,correct
ޢއނއ,incorrect
ޖލޔސ,correct
އކޅވ,incorrect
އމދނ,correct
ރދއށ,incorrect
ގގގއ,correct
ގސދގ,incorrect
ފހމނ,correct
ފއކށ,incorrect
އކޔނ,correct
ކޅވފ,incorrect
ވޅމދ,correct
ހރމއ,incorrect
ފނތގ,correct
މތކއ,incorrect
އއވނ,correct
ލމތގ,incorrect
ކފއނ,correct
ތރކމ,incorrect
ފރމށ,correct
ގޅގތ,incorrect
ކޔއފ,correct
އދނނ,incorrect
އދމދ,correct
ހނވމ,incorrect
ސފސދ,correct
ބރދރ,incorrect
އއނގ,correct
ނވހއ,incorrect
މއކގ,correct
ރނފށ,incorrect
ހރތނ,correct
މރއގ,incorrect
މނކރ,correct
ފދފއ,incorrect
ނވލއ,correct
ލރދނ,incorrect
އގބޑ,correct
މތކރ,incorrect
މތނކ,correct
ފލވދ,incorrect
ވއތށ,correct
ކރއއ,incorrect
ފނއއ,correct
އބއއ,incorrect
އގތއ,correct
ކތކރ,incorrect
ނޅނނ,correct
ތރވނ,incorrect
ދނޏއ,correct
ވރކމ,incorrect
ހމރގ,correct
ނކމގ,incorrect
ރއސށ,correct
ފނނއ,incorrect
ދރނމ,correct
މރނގ,incorrect
ނތދނ,correct
ނކށއ,incorrect
ހދޔސ,correct
ކރއނ,incorrect
ތރއގ,correct
ރނމތ,incorrect
ދއޖލ,correct
ވއޓތ,incorrect
މރލށ,correct
ގވރނ,incorrect
ހތޔރ,correct
އނނއ,incorrect
ސފކރ,correct
ފއޗކ,incorrect
ދއތރ,correct
ގތމއ,incorrect
ދރބގ,correct
ރވނތ,incorrect
ރޅއއ,correct
ފޅމއ,incorrect
މދނޔ,correct
އލވއ,incorrect
ހކތއ,correct
އކތކ,incorrect
އދޔއ,correct
ފލއގ,incorrect
މނވނ,correct
އބހއ,incorrect
ދތކނ,correct
ދއމއ,incorrect
ބނއރ,correct
ނކމއ,incorrect
މގނދ,correct
ނބއމ,incorrect
ނކރއ,correct
އވށކ,incorrect
އފލގ,correct
ކނބރ,incorrect
މހއނ,correct
ބއނތ,incorrect
ނނކމ,correct
ނތނވ,incorrect
އއލއ,correct
ރހތކ,incorrect
ބއތއ,correct
ފލގއ,incorrect
ޖމޢވ,correct
ގނތކ,incorrect
ބނކރ,correct
މއޗކ,incorrect
ލއވހ,correct
ހމއގ,incorrect
ހތގނ,correct
ކށޓކ,incorrect
މގރނ,correct
އއނތ,incorrect
އއބފ,correct
ވނހއ,incorrect
އރސތ,correct
ބފއނ,incorrect
ވޒރވ,correct
އޖނވ,incorrect
އޙސސ,correct
އދލއ,incorrect
ތބރގ,correct
ގވނތ,incorrect
މކރގ,correct
ހޅއވ,incorrect
ކޑއނ,correct
އކރވ,incorrect
އހވލ,correct
ފރނނ,incorrect
ކނބއ,correct
އދތކ,incorrect
އނވނ,correct
މވނތ,incorrect
ކޔމވ,correct
އކގތ,incorrect
ދނމތ,correct
ގނޑވ,incorrect
ވއތރ,correct
ސޕނޖ,incorrect
ޤޠރތ,correct
ދޔއކ,incorrect
މސއރ,correct
ސތކގ,incorrect
ސހރނ,correct
އލމނ,incorrect
ލއވށ,correct
އޗއސ,incorrect
އޝދދ,correct
ވހއމދ,incorrect
ވހއމނ,correct
ހދނޖހ,incorrect
މތނފނ,correct
މނތކގ,incorrect
މނތކށ,correct
ވއޔށވ,incorrect
ދވމށވ,correct
ބއސލއ,incorrect
ހނރއކ,correct
އސކރގ,incorrect
އސކޅއ,correct
ނބނނއ,incorrect
މނމއކ,correct
އއކމކ,incorrect
އއކޅށ,correct
ހނނމދ,incorrect
ދރނހރ,correct
ހނގނވ,incorrect
ގނދނނ,correct
ލވމއށ,incorrect
އލކމށ,correct
ފނނކނ,incorrect
ފނނގތ,correct
ކއމށއ,incorrect
މދލއގ,correct
ދފރތގ,incorrect
ޖބއނނ,correct
އލއކށ,incorrect
އގކރނ,correct
ބސދއވ,incorrect
ނތދފދ,correct
އވށއވ,incorrect
އވށކށ,correct
ވއސރނ,incorrect
ކއނތގ,correct
ނއއބލ,incorrect
ފގޑއއ,correct
ރހނއށ,incorrect
މރވއވ,correct
ނހނނގ,incorrect
ނފސށވ,correct
ސލމގއ,incorrect
ޒނމދރ,correct
ދނމއއ,incorrect
ލބމކށ,correct
ތނވސވ,incorrect
ނކނނނ,correct
ހނފޅވ,incorrect
ކރތކއ,correct
މނޒރއ,incorrect
އސކޅގ,correct
އސލއވ,incorrect
އތގތށ,correct
މރއފދ,incorrect
އޅކމއ,correct
ނގނނއ,incorrect
ސދމއށ,correct
ސރޔގއ,incorrect
ތދބރއ,correct
އނމދވ,incorrect
އނގމކ,correct
ރހބއއ,incorrect
އޅކމގ,correct
ވނނނށ,incorrect
ފރގނވ,correct
ޖނނއވ,incorrect
ދއކމކ,correct
ކށލމވ,incorrect
އޅކމށ,correct
ނކނޑގ,incorrect
ބއދއވ,correct
ގނގޅއ,incorrect
ގނއމގ,correct
ރހމނނ,incorrect
ރތވފއ,correct
ޖއލއވ,incorrect
ބލދއއ,correct
ވޅތކށ,incorrect
ކޅކޅށ,correct
ތނކށތ,incorrect
އއޗކނ,correct
ނކއނތ,incorrect
ދރހއޓ,correct
ނނފޅވ,incorrect
ކލނގއ,correct
ނމނނށ,incorrect
ފރއގނ,correct
ކނކނގ,incorrect
ދނވރނ,correct
ލމއއކ,incorrect
ލމތގއ,correct
ހއދތއ,incorrect
ތކއޖގ,correct
ޢދދކށ,incorrect
ހތމކށ,correct
ކބތކއ,incorrect
ނލކރގ,correct
ވއޓއގ,incorrect
މރލމގ,correct
ވލއކމ,incorrect
މމރއށ,correct
ސނދވސ,incorrect
އރމނގ,correct
ހރގނވ,incorrect
ކނފތދ,correct
ބވތއވ,incorrect
ނސހތކ,correct
މޅކމއ,incorrect
އރރމށ,correct
ކލއކނ,incorrect
ހމރގއ,correct
ލފކރވ,incorrect
ފސސތކ,correct
ބލތކކ,incorrect
ކއފނނ,correct
ކލނކނ,incorrect
ކލނއވ,correct
ގނނނޔ,incorrect
ކލއށވ,correct
ކކޅމއ,incorrect
ދހފހރ,correct
އނކރކ,incorrect
އނކއށ,correct
ހނނނސ,incorrect
ކރމށއ,correct
ހވދނވ,incorrect
މކލއށ,correct
މނމނގ,incorrect
ބރވމގ,correct
އފދއވ,incorrect
ނގނނތ,correct
ހނކމނ,incorrect
ހރލއވ,correct
ފނއރކ,incorrect
އނމދއ,correct
ފއދއށ,incorrect
މނމއއ,correct
މބމގއ,incorrect
ފސއޅއ,correct
ހމނތއ,incorrect
ބރއޅނ,correct
ދވއޔއ,incorrect
މސޓއއ,correct
އދކރށ,incorrect
ނނކނނ,correct
ފނޑތއ,incorrect
ނމމކށ,correct
މނކމގ,incorrect
ގދނނޅ,correct
ވނތކކ,incorrect
އނތބށ,correct
މޖލގއ,incorrect
ކޓގނޑ,correct
ހރކރއ,incorrect
ބއތއބ,correct
ނމނނކ,incorrect
ފރވރގ,correct
ބލނކރ,incorrect
ތޔބލނ,correct
ބއކމއ,incorrect
އދނއވ,correct
ކބފޅގ,incorrect
ބސފޅނ,correct
ވސނއގ,incorrect
ދނމވއ,correct
ބނކމގ,incorrect
އނޔއއ,correct
ގތމހއ,incorrect
ގތލނގ,correct
ހނވމތ,incorrect
އނނނޏ,correct
މއބފއ,incorrect
ކނވނވ,correct
ނގނދނ,incorrect
ފއސއނ,correct
ރތނނވ,incorrect
އލޢޒރ,correct
ކނފރތ,incorrect
ހތފހރ,correct
ހނދށށ,incorrect
އނމގތ,correct
ކޔއދނ,incorrect
އފއދވ,correct
ގފގނޑ,incorrect
ރޢމސސ,correct
އލޔސގ,incorrect
އވދޅވ,correct
ހތރނނ,incorrect
ދރއޓއ,correct
އތވއވ,incorrect
މގމތވ,correct
ޙލތކއ,incorrect
ސހރއށ,correct
ނވނމވ,incorrect
ކއކމހ,correct
ކރނނށ,incorrect
ބނމގއ,correct
ކނދނވ,incorrect
ހރފއށ,correct
ލޝކރނ,incorrect
ލޝކރށ,correct
ބރތކގ,incorrect
ބރތކށ,correct
ޖހނތއ,incorrect
ކރއގއ,correct
ޔޙނނއ,incorrect
ޖއވގއ,correct
މޢނއކ,incorrect
އޑތކއ,correct
ތޅލފއ,incorrect
ނއޓގނ,correct
ޖލތރގ,incorrect
މސރބއ,correct
ގޑއއހ,incorrect
ބތއޓއ,correct
ލވޅތއ,incorrect
ގރކށވ,correct
ހމވގތ,incorrect
ތނދށށ,correct
އބދއވ,incorrect
ވތކށފ,correct
ނބލނގ,incorrect
އޅލމއ,correct
ނމނދކ,incorrect
ދނޔއއ,correct
ބނވގނ,incorrect
ދރމކވ,correct
ބނފޅވ,incorrect
ބއނދނ,correct
ގނނމވ,incorrect
ގނޑކށ,correct
އލކރމ,incorrect
ނއނދނ,correct
އއކއވ,incorrect
ބއތތއ,correct
ބރދނގ,incorrect
ބހމނނ,correct
ކނބލކ,incorrect
ފރނއޅ,correct
މދވރއ,incorrect
ކށވރވ,correct
އސލތއ,incorrect
ފލވމނ,correct
ގތގނޑ,incorrect
ކރނޖހ,correct
ބނދކރ,incorrect
ގތކޔއ,correct
ކތބނނ,incorrect
އށޓކއ,correct
ހނނނށ,incorrect
ނނގނވ,correct
ހޅގނޑ,incorrect
ލރދއވ,correct
ތދރފޅ,incorrect
ހއބވތ,correct
ބފއނގ,incorrect
މޤމކށ,correct
މއސލއ,incorrect
ނކނނމ,correct
ކއދއވ,incorrect
މރފއވ,correct
ވލމތއ,incorrect
ދލފޅނ,correct
ކށގނވ,incorrect
ރޅގދވ,correct
ފއވނމ,incorrect
ނވސނތ,correct
އޖބގއ,incorrect
މޖރނގ,correct
ރއހދއ,incorrect
އއފހރ,correct
ދމހރމ,incorrect
ގދރނތ,correct
އތރއގ,incorrect
ފއދވއ,correct
މބނޑދ,incorrect
އލމހރ,correct
މވރވފ,incorrect
އލތމސ,correct
ޖއސނނ,incorrect
ބއޕއއ,correct
އދވމށ,incorrect
ކއކވސ,correct
އއވމށ,incorrect
އނމފނ,correct
ނބއމގ,incorrect
ފލގތރ,correct
މއދތކ,incorrect
ފނވލނ,correct
ވހއގއ,incorrect
ކށލފއ,correct
ޝކރނނ,incorrect
ލއވގނ,correct
ހނނނއ,incorrect
ފނއވމ,correct
ބލގއށ,incorrect
މގސދކ,correct
އޅމކވ,incorrect
އވށށވ,correct
އނޔއކ,incorrect
އނޔސއ,correct
މދވސވ,incorrect
ދކނމއ,correct
ދއކނސ,incorrect
ދނޔއވ,correct
އދވސވ,incorrect
ބޑތކއ,correct
ވއޓނލ,incorrect
އލކމވ,correct
އތލއގ,incorrect
ނތޖއއ,correct
ޖއސވމ,incorrect
ޖނވރކ,correct
އނއމގ,incorrect
ބނނހފ,correct
އދއގނ,incorrect
އހމށއ,correct
ލއއތއ,incorrect
މސބތގ,correct
ވރނކރ,incorrect
ކމގޔއ,correct
އދއވއ,incorrect
އހތރނ,correct
ފލގނޑ,incorrect
ނފރވނ,correct
ބވވރށ,incorrect
ދބފއނ,correct
އހވއޖ,incorrect
އހއކށ,correct
އތކޅނ,incorrect
ފތހގއ,correct
ފނޑފނ,incorrect
އނދގލ,correct
ބލވމއ,incorrect
ވހއސރ,correct
އގހއގ,incorrect
ހފޅލވ,correct
ކނޑމއ,incorrect
މއދނނ,correct
ސނނފޅ,incorrect
ލދވތވ,correct
ކތލއގ,incorrect
ވލތރގ,correct
ހރމށވ,incorrect
އނނއށ,correct
ނކރތއ,incorrect
ޢބރތގ,correct
ކނޑދށ,incorrect
ތނއނމ,correct
އއވމގ,incorrect
ތރނނވ,correct
ކރގއއ,incorrect
އނބރލ,correct
ކރމލއ,incorrect
އނމކވ,correct
އނސފވ,incorrect
ގނނވއ,correct
އފވރވ,incorrect
އވގތށ,correct
ނނދއވ,incorrect
ސލސޔގ,correct
ނއނނއ,incorrect
ހވއއގ,correct
އކއވނ,incorrect
އއމހއ,correct
ނނދވހ,incorrect
ބނގލގ,correct
ހއޓވއ,incorrect
ބސތކގ,correct
ޙއވނނ,incorrect
ޝފއކވ,correct
ހނދނތ,incorrect
ތބއށއ,correct
ޖއސއދ,incorrect
ޖމޢތއ,correct
ތނވނއ,incorrect
މދނޔގ,correct
ތބނނވ,incorrect
ވނމވސ,correct
ހތޕޅގ,incorrect
ކއސރގ,correct
ދކށލމ,incorrect
ތއޔރގ,correct
ކޅމއގ,incorrect
ނފތގއ,correct
އމރތކ,incorrect
ފދނނވ,correct
އބއމހ,incorrect
މޤމފޅ,correct
ދއވނގ,incorrect
ލބނއރ,correct
ޅއމރގ,incorrect
ކށދއވ,correct
އތނގސ,incorrect
ހލކވނ,correct
ބއލވފ,incorrect
ޢއމނގ,correct
އއސލއ,incorrect
ކއވގނ,correct
ޓކރއއ,incorrect
ޝއކވޔ,correct
ބހއޓލ,incorrect
މތވރތ,correct
ތރކރއ,incorrect
ފރދގއ,correct
ނދގނއ,incorrect
ހނކމއ,correct
ނކރވއ,incorrect
ސލމތވ,correct
ޚބރއގ,incorrect
ޝރފކއ,correct
އކބވނ,incorrect
ވރބލނ,correct
އލވއފ,incorrect
ހޔކމށ,correct
ތބގނނ,incorrect
ހއޓމށ,correct
ދއވވއ,incorrect
ހނގގތ,correct
ޤއމނނ,incorrect
ދތރއކ,correct
ބނއސރ,incorrect
ޝއތނގ,correct
އވވޑއ,incorrect
މފތގއ,correct
އހރނދ,incorrect
ޞމއލއ,correct
ބނކރއ,incorrect
ދނމށވ,correct
ހތކއޗ,incorrect
ޖއބތއ,correct
މހނގތ,incorrect
ލބވތވ,correct
އއޗއގނ,incorrect
އއޗއގއ,correct
ކޑހނދކ,incorrect
ހޅބތކއ,correct
ބހއޓއޖ,incorrect
ބހއޓވއ,correct
ގތގނޑއ,incorrect
ބނނފޅކ,correct
ފޅއރވކ,incorrect
އވށތކށ,correct
އފނވނނ,incorrect
އފނވމށ,correct
ދއތރފޅ,incorrect
ދއތރފސ,correct
ތނބތކނ,incorrect
ބރވތވތ,correct
މކމގއވ,incorrect
ނރއވމށ,correct
ހނގފއއ,incorrect
ކނތނކތ,correct
ހމނފއއ,incorrect
މއދއތގ,correct
ޖރކށގއ,incorrect
ލޔއވއވ,correct
ނއޓވއވ,incorrect
ކޅނފށމ,correct
ގނގނވނ,incorrect
ދނޔއކވ,correct
ގދވފއވ,incorrect
ނދއމށވ,correct
ކރގނޑގ,incorrect
ދނޑތކނ,correct
ގތގނޑގ,incorrect
ކރވގނވ,correct
މދވރކނ,incorrect
ގދއޅއވ,correct
ފޅއރފދ,incorrect
ކޔވދނވ,correct
ޚލފކމވ,incorrect
ތމގމހއ,correct
ތނވނއވ,incorrect
ހތމއއގ,correct
ދނޑފނޑ,incorrect
ބނދވފއ,correct
ޖމލތކނ,incorrect
ފތގނޑގ,correct
އމނކމތ,incorrect
ހދއފއޔ,correct
ޖއސއދނ,incorrect
ނބއމށއ,correct
މއސލއވ,incorrect
އއލއކށ,correct
އބނދބލ,incorrect
އބނއރއ,correct
ނވއޓތނ,incorrect
ބރއޅމނ,correct
ހއދފއއ,incorrect
ހއދތއވ,correct
އނދރވނ,incorrect
އއބއކވ,correct
ފލވލމވ,incorrect
އމލކރނ,correct
ރއޔތގއ,incorrect
ހއޕވމށ,correct
ޒއތނގއ,incorrect
ޖނވރކށ,correct
ގތވފއވ,incorrect
ނވދވނޔ,correct
އސހރގއ,incorrect
އދކދއއ,correct
ގވއގނފ,incorrect
ކބފޅށވ,correct
ބލގއކށ,incorrect
ގދފދއވ,correct
ވދމނނށ,incorrect
އދކދނގ,correct
ރހގތކއ,incorrect
ބޑވފއވ,correct
ދނނވތނ,incorrect
ދނނވފއ,correct
ހމރތކކ,incorrect
ގނއމށވ,correct
ބހއޓއދ,incorrect
ނފރތކރ,correct
ގލލއކނ,incorrect
ދސކރށވ,correct
ފފކރމވ,incorrect
ސއމނއށ,correct
ބއދލވރ,incorrect
ބއލވމށ,correct
ބނފދއވ,incorrect
ބނކމގއ,correct
ކލއއގއ,incorrect
ކރވއގނ,correct
ބނއސރނ,incorrect
ދނޔއށވ,correct
ވއސކށވ,incorrect
އއބޔކށ,correct
އއލގއވ,incorrect
ބރދނގއ,correct
ދގވގނސ,incorrect
އށގތމށ,correct
ޖރކރނތ,incorrect
މނވރކވ,correct
ހނގނޑގ,incorrect
ނނގތކށ,correct
ދރފޅއކ,incorrect
ދނނވމނ,correct
ޖލތކއކ,incorrect
ދރހރމވ,correct
ލބވތއގ,incorrect
ލބވތކނ,correct
ޔއސކރވ,incorrect
އކނބލނ,correct
ފހދފއވ,incorrect
ކރހތވނ,correct
އހހސބށ,incorrect
އހހތވނ,correct
ނއޅއވނ,incorrect
ބދސނނވ,correct
ދރނކމވ,incorrect
ފނވދގއ,correct
ޖމލތކވ,incorrect
ތކއޗއމ,correct
ކބއކމކ,incorrect
ފއސވއފ,correct
ގރއކށނ,incorrect
މރވދނނ,correct
ނއޓލމނ,incorrect
ދގހއކވ,correct
ސލމތތއ,incorrect
ވދޅވމއ,correct
ނށގނޑއ,incorrect
އޙތރމއ,correct
މއތރވފ,incorrect
އއތއއށ,correct
އތކޅގއ,incorrect
އސލޙކށ,correct
އނދލފއ,incorrect
އނކއމދ,correct
މހހސބނ,incorrect
އއޙޔތގ,correct
ފލއގނފ,incorrect
ނދއކނމ,correct
ގނޑވރޔ,incorrect
އމރފޅކ,correct
ހޔވގނވ,incorrect
ފއވރއއ,correct
އމލތއށ,incorrect
ފނފއވތ,correct
ބއލވފދ,incorrect
އނހނކށ,correct
އފއދށށ,incorrect
އޅއވމށ,correct
ލއވނނއ,incorrect
ސހބނނއ,correct
އދގނނނ,incorrect
ދޔނމވސ,correct
ސދކރށވ,incorrect
ފތތކގއ,correct
ދނގނނއ,incorrect
ބނގތގއ,correct
އއލއކމ,incorrect
ނނކމއވ,correct
ދރފޅމތ,incorrect
ތއޔރތއ,correct
ފނމއކސ,incorrect
ބއވރނގ,correct
ތދމގއއ,incorrect
ފށގނޑނ,correct
ތނޑތކގ,incorrect
ގވރނރގ,correct
މމހއކނ,incorrect
ވޢދފޅއ,correct
ހނގނޑއ,incorrect
ފއސލމއ,correct
އރއފއޔ,incorrect
ހދމކށއ,correct
ފރހނއވ,incorrect
ކރއވމގ,correct
ޤއމނނގ,incorrect
ދނނނއވ,correct
ކނޑދށށ,incorrect
ފނމސމވ,correct
ހނނވނނ,incorrect
ނހދނކނ,correct
ކހނނނތ,incorrect
ކހރކށނ,correct
ދވހކމގ,incorrect
ޖއސވމށ,correct
ދހނއއކ,incorrect
އޚތޔރއ,correct
ދނޑތއގ,incorrect
ގތތރގއ,correct
އށވނއވ,incorrect
އލކރމށ,correct
ދރއވނމ,incorrect
ހދނކޅނ,correct
އފކރމގ,incorrect
ހޔގތތއ,correct
ދދނމގއ,incorrect
ގމރވމނ,correct
ބއވފއއ,incorrect
ދނޑކށވ,correct
ނގނއމށ,incorrect
ބފއނނށ,correct
ބނގނޑތ,incorrect
އއބސވމ,correct
ބއޅއވނ,incorrect
ތރޝޝއށ,correct
ކރފޅމދ,incorrect
ހމހމނވ,correct
ބނދނނށ,incorrect
ބލއގތވ,correct
ދމހރއޖ,incorrect
ނހނނވއ,correct
އބކލކވ,incorrect
އޑއހއވ,correct
ޝއކތކތ,incorrect
ގނދޔއރ,correct
ޚޒނއއކ,incorrect
ސމލކމއ,correct
ކރމނނކ,incorrect
މހނގނޑ,correct
ލޔނތއނ,incorrect
މދނޔގއ,correct
ވއތރއކ,incorrect
ވނތކއގ,correct
ނށގނޑކ,incorrect
ޤބލކރވ,correct
ތރގއއތ,incorrect
ކރވނހނ,correct
އހޒމނށ,incorrect
އތޔޕޔގ,correct
އބރވރޔ,incorrect
އދސކށފ,correct
މހނމވއ,incorrect
ޚދމނތއ,correct
ނކރނއކ,incorrect
ގނދވނތ,correct
ކއދއއގ,incorrect
އމޒވއވ,correct
އކލނގމ,incorrect
ރސގފނވ,correct
ބނނފޅގ,incorrect
ފރނކޅއ,correct
ޕލތސއނ,incorrect
ބހއޓއވ,correct
ވޑނގނނއ,incorrect
މދހއނނއ,correct
ވލގނޑކށ,incorrect
ތސލނކއށ,correct
އކނވރކއ,incorrect
ކނޑދށލއ,correct
ހތފސހކށ,incorrect
ފނބޑވމނ,correct
ޕއލއއގއ,incorrect
ވޑއގތމގ,correct
ނފހނކމނ,incorrect
ދވވޑއގނ,correct
ދރހއޓމށ,incorrect
ފނފށލތއ,correct
ދނބރވއވ,incorrect
ދނގނނށވ,correct
ބޑފޅވމށ,incorrect
މސރހއދގ,correct
ލލނދކރނ,incorrect
ފތގނޑކށ,correct
ހކވރނނށ,incorrect
ފލގތކގއ,correct
ގނފއވއވ,incorrect
ފނފދއބށ,correct
ދމފރނނވ,incorrect
އބޝލމއވ,correct
ފއދއވއވ,incorrect
ދމވއޖއވ,correct
ޖހފއވމވ,incorrect
ލބގނވއވ,correct
ދބބއނނނ,incorrect
ވލޖނވރއ,correct
ސމރއޔއވ,incorrect
މސޑނޔއށ,correct
ދރވޑއގތ,incorrect
ބއރސބޢގ,correct
ގނޑފނޑވ,incorrect
ގނޑވރގއ,correct
މދވރވހރ,incorrect
ރއޔތއކނ,correct
ވސއޔތމދ,incorrect
ފހޒމނގއ,correct
ހއޓލނފދ,incorrect
ނގނދވއވ,correct
ޔއސކރނވ,incorrect
މނދބނނށ,correct
ގތގނޑއއ,incorrect
ހނގރމއވ,correct
ފނކނޑމއ,incorrect
މއސލތކކ,correct
ބނއސރއކ,incorrect
އނމނނށވ,correct
ޔތމއގއމ,incorrect
ކޑކއޖއގ,correct
އއއޑނއޑ,incorrect
ޖމވއޖއވ,correct
އއނމނނވ,incorrect
ދރފސކޅށ,correct
މދކނޑމވ,incorrect
އތވއޖއޔ,correct
ފފވރޔއށ,incorrect
ޢމރތތކކ,correct
އނހނމވއ,incorrect
ސލމތވއވ,correct
ހނމވމއގ,incorrect
ވދގނނނޔ,correct
ނޖއސވއފ,incorrect
އގވރވއވ,correct
އރވއޖއޔ,incorrect
ތދބރތކއ,correct
ބނގނޑގއ,incorrect
މހދޔތކގ,correct
ނފއސވމގ,incorrect
ހފހއޓއދ,correct
އތގނޑކނ,incorrect
ވއރޅއއކ,correct
އކދނނއގ,incorrect
އކޅވޅގއ,correct
އއގޑއއގ,incorrect
ފނވޑއގނ,correct
ވޑއނގއދ,incorrect
ޝރފށޓކއ,correct
ފށނއސރއލ,incorrect
ގދކރތވނތ,correct
ދމތބއޖނމ,incorrect
ހދކރއވއވ,correct
ޚލގވނތކވ,incorrect
އލޔސގފނއ,correct
ހލފތތކގއ,incorrect
ފތފށތކގއ,correct
ހދފތގނޑގ,incorrect
ސބތށޓކއއ,correct
ދޔދނމކއކ,incorrect
މއމރފޅތއ,correct
ވޑނގނނއދ,incorrect
އދހވޑގތވ,correct
ހމއހނމހކ,incorrect
ރސކނފޅށވ,correct
ނހއދނޑއގ,incorrect
ލޔއވއފއވ,correct
މގއޅގނޑގ,incorrect
ނވކރއވއވ,correct
އފއދނތކކ,incorrect
ދކށލއފނމ,correct
ކރވނހނނގ,incorrect
ދރއޅއވއވ,correct
ތޖރބކރއއ,incorrect
ކޅދނނވގނ,correct
ހޔކނތއތކ,incorrect
ބމތވފއމވ,correct
އއބކލނގއ,incorrect
އޅނބޅނކނ,correct
ދވސތކއނވ,incorrect
ކލގފނށޓކ,correct
މތގނޑތއގ,incorrect
ގވރވނރކށ,correct
ޙބރނގނނއ,incorrect
ސޕނޖގނޑއ,correct
އހނވއދނނ,incorrect
ކއކރއވނތ,correct
ހނގނތކގއ,incorrect
ހށހޅގތމކ,correct
ބއލވއޖއމ,incorrect
އނހނތކނގ,correct
އދލވނތކކ,incorrect
އރށތކގއވ,correct
ވކކރމށޓކ,incorrect
މސތގބލމދ,correct
