stimulus,correct_answer
alth,incorrect
site,correct
inst,incorrect
lost,correct
mach,incorrect
lazy,correct
hash,incorrect
loot,correct
cond,incorrect
laws,correct
fant,incorrect
sash,correct
pond,incorrect
rash,correct
pers,incorrect
vast,correct
asseh,incorrect
sixth,correct
agite,incorrect
abhor,correct
perve,incorrect
ended,correct
scept,incorrect
skull,correct
bling,incorrect
micah,correct
shish,incorrect
pluck,correct
moned,incorrect
basis,correct
farth,incorrect
booth,correct
prote,incorrect
proud,correct
custs,incorrect
boats,correct
pered,incorrect
seers,correct
itham,incorrect
ittai,correct
maced,incorrect
hagar,correct
hidim,incorrect
cords,correct
reful,incorrect
unity,correct
wheth,incorrect
bribe,correct
spire,incorrect
clear,correct
arrel,incorrect
rapid,correct
apped,incorrect
sworn,correct
delus,incorrect
plumb,correct
asham,incorrect
jamin,correct
quest,incorrect
zebul,correct
anaim,incorrect
melek,correct
cerer,incorrect
write,correct
remon,incorrect
ready,correct
sovers,incorrect
fruits,correct
acknow,incorrect
kalkol,correct
affect,incorrect
binnui,correct
reases,incorrect
realms,correct
strils,incorrect
rained,correct
wanded,incorrect
sought,correct
brance,incorrect
naaman,correct
necked,incorrect
nahath,correct
rement,incorrect
relent,correct
sickly,incorrect
japhia,correct
shrive,incorrect
keluhi,correct
bandom,incorrect
steady,correct
turney,incorrect
aarons,correct
depent,incorrect
encamp,correct
distry,incorrect
chiefs,correct
gamale,incorrect
unable,correct
invest,incorrect
invade,correct
evided,incorrect
choked,correct
nethar,incorrect
fights,correct
seased,incorrect
boards,correct
hotted,incorrect
hotter,correct
ishbon,incorrect
mahlah,correct
japhim,incorrect
rolled,correct
orname,incorrect
boiled,correct
victed,incorrect
deadly,correct
zophat,incorrect
supply,correct
demote,incorrect
lowest,correct
hander,incorrect
handle,correct
seriod,incorrect
expand,correct
stants,incorrect
parted,correct
efford,incorrect
snared,correct
shaled,incorrect
partly,correct
perful,incorrect
shadow,correct
sprink,incorrect
bashan,correct
hanaim,incorrect
health,correct
pastus,incorrect
jailer,correct
recond,incorrect
rested,correct
assify,incorrect
seared,correct
enteen,incorrect
camels,correct
secree,incorrect
splash,correct
valled,incorrect
judges,correct
signer,incorrect
arrive,correct
parate,incorrect
leader,correct
depare,incorrect
savior,correct
cubine,incorrect
keeper,correct
traved,incorrect
sleeps,correct
hiddel,incorrect
arisen,correct
geneas,incorrect
strips,correct
disper,incorrect
elizur,correct
abites,incorrect
siddim,correct
fifted,incorrect
balaam,correct
vallel,incorrect
egypts,correct
comple,incorrect
desire,correct
petite,incorrect
cheers,correct
sisted,incorrect
fasten,correct
jethel,incorrect
melted,correct
daught,incorrect
jotham,correct
beated,incorrect
wishes,correct
thanel,incorrect
retake,correct
falled,incorrect
sealed,correct
remons,incorrect
office,correct
sensus,incorrect
shaped,correct
messed,incorrect
plowed,correct
reased,incorrect
rescue,correct
thened,incorrect
kindly,correct
belief,incorrect
rebels,correct
besied,incorrect
throng,correct
treaks,incorrect
runner,correct
tentil,incorrect
achish,correct
lister,incorrect
weight,correct
thresh,incorrect
thread,correct
stance,incorrect
scribe,correct
fermen,incorrect
engage,correct
reware,incorrect
reuben,correct
caller,incorrect
whiter,correct
wicken,incorrect
atoned,correct
eachel,incorrect
lovers,correct
calley,incorrect
burden,correct
valler,incorrect
closed,correct
thenes,incorrect
wholly,correct
discar,incorrect
strive,correct
overbs,incorrect
urgent,correct
countil,incorrect
couldnt,correct
elihood,incorrect
playing,correct
stility,incorrect
poorest,correct
prepart,incorrect
decreed,correct
shriver,incorrect
shrieks,correct
resters,incorrect
resting,correct
festify,incorrect
testify,correct
mession,incorrect
captain,correct
secting,incorrect
harshly,correct
gadited,incorrect
ravaged,correct
solding,incorrect
jaaziel,correct
genites,incorrect
clement,correct
adulted,incorrect
advised,correct
descene,incorrect
sayings,correct
variots,incorrect
engaged,correct
shalluk,incorrect
feasted,correct
unfaith,incorrect
lebanon,correct
ammoned,incorrect
scepter,correct
sadduce,incorrect
gittite,correct
ishment,incorrect
fitting,correct
shephen,incorrect
shaphan,correct
inherib,incorrect
mastery,correct
curself,incorrect
exposed,correct
herment,incorrect
hasshub,correct
elevery,incorrect
baskets,correct
stagged,incorrect
pouches,correct
uproach,incorrect
realize,correct
tamaria,incorrect
ceiling,correct
practed,incorrect
natural,correct
prospel,incorrect
quaking,correct
perself,incorrect
serving,correct
sensils,incorrect
decayed,correct
stroyed,incorrect
exploit,correct
blessly,incorrect
guarded,correct
listine,incorrect
violent,correct
humites,incorrect
tending,correct
scatten,incorrect
oppress,correct
griefly,incorrect
molding,correct
accided,incorrect
turmoil,correct
workeep,incorrect
sharply,correct
wantice,incorrect
naphish,correct
sovered,incorrect
ravines,correct
tablish,incorrect
eleazar,correct
rebelly,incorrect
reduces,correct
uncoven,incorrect
produce,correct
sittite,incorrect
jahleel,correct
stified,incorrect
assured,correct
reigner,incorrect
rebuild,correct
toucher,incorrect
leprosy,correct
plunded,incorrect
returns,correct
mountry,incorrect
running,correct
nazaria,incorrect
article,correct
entiful,incorrect
jeroham,correct
testion,incorrect
zuphite,correct
facinth,incorrect
abishua,correct
golders,incorrect
visible,correct
healize,incorrect
contain,correct
frience,incorrect
jubilee,correct
magadar,incorrect
memphis,correct
meansed,incorrect
devised,correct
baptive,incorrect
sustain,correct
oughter,incorrect
shrines,correct
kiriams,incorrect
revered,correct
broider,incorrect
didymus,correct
shiping,incorrect
reading,correct
creatly,incorrect
stilled,correct
strease,incorrect
persian,correct
criests,incorrect
crucify,correct
distray,incorrect
grasped,correct
ephrate,incorrect
equaled,correct
parship,incorrect
browses,correct
treases,incorrect
adorned,correct
abrahab,incorrect
famines,correct
sighter,incorrect
gederah,correct
sprinks,incorrect
clothed,correct
elister,incorrect
shalmai,correct
presert,incorrect
undergo,correct
wrotect,incorrect
address,correct
warness,incorrect
wailing,correct
seconce,incorrect
builder,correct
arously,incorrect
naphoth,correct
thoused,incorrect
answers,correct
listers,incorrect
locusts,correct
trangel,incorrect
bithiah,correct
disting,incorrect
herders,correct
tattock,incorrect
ataroth,correct
wention,incorrect
placing,correct
decrets,incorrect
pledges,correct
alliant,incorrect
bribing,correct
nighter,incorrect
emptied,correct
entrary,incorrect
sharers,correct
achants,incorrect
ludites,correct
achoram,incorrect
musical,correct
younged,incorrect
noticed,correct
prophel,incorrect
disobey,correct
quition,incorrect
protect,correct
beonite,incorrect
unkempt,correct
neighed,incorrect
eleasah,correct
promine,incorrect
sincere,correct
obadian,incorrect
mirrors,correct
siderer,incorrect
besiege,correct
untiles,incorrect
rephaim,correct
founder,incorrect
corinth,correct
aheader,incorrect
karmite,correct
restice,incorrect
reclaim,correct
twinkle,incorrect
mixture,correct
greated,incorrect
jacinth,correct
nighted,incorrect
accepts,correct
sparise,incorrect
mocking,correct
stancel,incorrect
kettles,correct
yoursed,incorrect
reserve,correct
takenes,incorrect
tabitha,correct
excepted,incorrect
expected,correct
twisters,incorrect
kasiphia,correct
taxerxes,incorrect
wretched,correct
jebusing,incorrect
caesarea,correct
lettered,incorrect
deserted,correct
alonians,incorrect
fiftieth,correct
memority,incorrect
memorial,correct
holdiers,incorrect
fleeting,correct
returney,incorrect
rejoices,correct
gaharaoh,incorrect
lewdness,correct
accomple,incorrect
opponent,correct
favority,incorrect
sanctify,correct
gomorrow,incorrect
jekamiah,correct
distands,incorrect
settings,correct
journing,incorrect
pekahiah,correct
cousites,incorrect
reptiles,correct
flouried,incorrect
ordinary,correct
prostill,incorrect
perished,correct
distines,incorrect
prompted,correct
electors,incorrect
mourning,correct
togethel,incorrect
ensnared,correct
accepter,incorrect
imperial,correct
ceremiah,incorrect
surround,correct
consible,incorrect
vicinity,correct
offerent,incorrect
reaching,correct
yellowed,incorrect
originwe,correct
excepter,incorrect
summoned,correct
secrated,incorrect
deceived,correct
jeriches,incorrect
precious,correct
elishael,incorrect
prophecy,correct
nebathan,incorrect
steadily,correct
arounder,incorrect
wondered,correct
adonians,incorrect
adoption,correct
mishment,incorrect
spacious,correct
reclares,incorrect
capstone,correct
pressels,incorrect
properly,correct
behaving,incorrect
involved,correct
secrates,incorrect
defenses,correct
themself,incorrect
fortress,correct
demaniah,incorrect
secretly,correct
sevenger,incorrect
kenaniah,correct
phicolas,incorrect
swooping,correct
counseen,incorrect
recently,correct
occupand,incorrect
gnashing,correct
inhabiah,incorrect
coworker,correct
stricted,incorrect
grandson,correct
soundary,incorrect
choosing,correct
adracher,incorrect
fugitive,correct
fillment,incorrect
sickness,correct
clothere,incorrect
examines,correct
wrathere,incorrect
treasury,correct
famility,incorrect
directed,correct
eachisha,incorrect
destined,correct
sanctual,incorrect
absaloms,correct
destruck,incorrect
compared,correct
granters,incorrect
pardoned,correct
registen,incorrect
recovers,correct
reignity,incorrect
rejoined,correct
greature,incorrect
crossing,correct
accustom,incorrect
truthful,correct
ephaited,incorrect
edomites,correct
tradites,incorrect
security,correct
stressed,incorrect
valuable,correct
amorials,incorrect
confirms,correct
preparah,incorrect
deceives,correct
neighter,incorrect
poultice,correct
withings,incorrect
compiled,correct
destrong,incorrect
vanished,correct
marrions,incorrect
counting,correct
foundary,incorrect
pressing,correct
finistry,incorrect
afforded,correct
festions,incorrect
captives,correct
scrolled,incorrect
appoints,correct
templete,incorrect
urgently,correct
jonathai,incorrect
follower,correct
descenes,incorrect
conquest,correct
barriest,incorrect
burdened,correct
workeeps,incorrect
eliakims,correct
elderned,incorrect
writings,correct
thronite,incorrect
helekite,correct
breadite,incorrect
reverent,correct
destruct,incorrect
diligent,correct
pharated,incorrect
dwelling,correct
prostitus,incorrect
practiced,correct
masquered,incorrect
insolence,correct
stressors,incorrect
shoulders,correct
gileaders,incorrect
crucified,correct
recording,incorrect
recognize,correct
ophesying,incorrect
amminadab,correct
beforeign,incorrect
jehoiakim,correct
generated,incorrect
exploited,correct
demonites,incorrect
satisfied,correct
pasturbed,incorrect
customary,correct
kiriathan,incorrect
rekabites,correct
increason,incorrect
inhabited,correct
decording,incorrect
delusions,correct
alreading,incorrect
directors,correct
genealous,incorrect
persecute,correct
accountry,incorrect
glorified,correct
escorners,incorrect
addressed,correct
clevening,incorrect
brilliant,correct
startemis,incorrect
distances,correct
granathah,incorrect
disgraces,correct
struction,incorrect
assurance,correct
straitory,incorrect
paralyzed,correct
discourth,incorrect
discussed,correct
anointell,incorrect
requested,correct
couraging,incorrect
qualities,correct
imprehend,incorrect
certified,correct
officient,incorrect
preparing,correct
mediately,incorrect
jaazaniah,correct
forticles,incorrect
formation,correct
soundants,incorrect
grievance,correct
sisternal,incorrect
wonderful,correct
scrollect,incorrect
snatching,correct
resultico,incorrect
restoring,correct
zecharise,incorrect
violently,correct
silentire,incorrect
necessary,correct
gosperial,incorrect
journeyed,correct
submissed,incorrect
travelers,correct
deathites,incorrect
zerahites,correct
ashabites,incorrect
alienated,correct
neighters,incorrect
regarding,correct
philisted,incorrect
glorifies,correct
shadorned,incorrect
floggings,correct
fightness,incorrect
standards,correct
oppresent,incorrect
obligates,correct
reparable,incorrect
responded,correct
granathan,incorrect
joshaphat,correct
guestival,incorrect
jashobeam,correct
endurable,incorrect
meribbaal,correct
jehoshape,incorrect
valuables,correct
stipulace,incorrect
outskirts,correct
unplowing,incorrect
almugwood,correct
uncleanse,incorrect
gileadite,correct
thronites,incorrect
renounced,correct
sabbather,incorrect
engravers,correct
redeceive,incorrect
announced,correct
symboldly,incorrect
hymenaeus,correct
tributing,incorrect
attention,correct
himselves,incorrect
prospered,correct
amascular,incorrect
wandering,correct
sinnethan,incorrect
sternness,correct
inherings,incorrect
unsettled,correct
jeshazzar,incorrect
hashabnah,correct
admanness,incorrect
lycaonian,correct
dignitism,incorrect
sorcerers,correct
carefused,incorrect
carriages,correct
broughted,incorrect
benjamins,correct
hospitaly,incorrect
rumblings,correct
soughteen,incorrect
conducted,correct
tribution,incorrect
straining,correct
neversary,incorrect
eightieth,correct
ofference,incorrect
zephathah,correct
examplied,incorrect
abishalom,correct
zealogies,incorrect
amramites,correct
opportion,incorrect
overwhelm,correct
examplete,incorrect
proconsul,correct
mounterce,incorrect
mysteries,correct
thoughter,incorrect
inquirers,correct
coverness,incorrect
interests,correct
cenchants,incorrect
shebaniah,correct
detection,incorrect
kidnapper,correct
abundation,incorrect
vegetation,correct
purificers,incorrect
distressed,correct
wealthouse,incorrect
devastated,correct
concerness,incorrect
perfection,correct
refinister,incorrect
refreshing,correct
rebekahiah,incorrect
courageous,correct
despecials,incorrect
convulsion,correct
creasurely,incorrect
gentleness,correct
jothamaria,incorrect
jezreelite,correct
explorious,incorrect
impossible,correct
inherinlaw,incorrect
directives,correct
anointered,incorrect
regulation,correct
againstead,incorrect
adulterous,correct
structions,incorrect
scriptures,correct
marrivated,incorrect
belongings,correct
movincense,incorrect
indulgence,correct
sincestors,incorrect
attendants,correct
issacharge,incorrect
correcting,correct
granathoth,incorrect
worshiping,correct
undestrong,incorrect
likeminded,correct
stonements,incorrect
blasphemer,correct
whetheless,incorrect
brilliance,correct
leproaches,incorrect
macedonian,correct
templetely,incorrect
immorality,correct
upholdiers,incorrect
kerethites,correct
golderness,incorrect
revelation,correct
hasshopped,incorrect
disruptive,correct
distriking,incorrect
prophecies,correct
questimoth,incorrect
quantities,correct
throughter,incorrect
instructed,correct
kibrothere,incorrect
antichrist,correct
syraculous,incorrect
synagogues,correct
leathether,incorrect
cleverness,correct
predempted,incorrect
absolutely,correct
exchangels,incorrect
dispatches,correct
housandals,incorrect
ninetynine,correct
marrogates,incorrect
intestines,correct
conscrippa,incorrect
weaknesses,correct
countainst,incorrect
quarreling,correct
zepharance,incorrect
invitation,correct
reaffixing,incorrect
outrageous,correct
crossessed,incorrect
generosity,correct
jezreeliah,incorrect
unsheathed,correct
havineyard,incorrect
chattering,correct
lackedness,incorrect
hammedatha,correct
betrations,incorrect
unanswered,correct
weighteous,incorrect
spiritists,correct
happierced,incorrect
hairstyles,correct
azarethite,incorrect
squandered,correct
stonecuted,incorrect
slanderers,correct
offerinlaw,incorrect
discretion,correct
tradianite,incorrect
extinguish,correct
cannouncil,incorrect
eliehoenai,correct
finistrils,incorrect
scoundrels,correct
onceremiah,incorrect
sufficient,correct
nephesiege,incorrect
baalberith,correct
issachance,incorrect
insatiable,correct
dignifices,incorrect
enthusiasm,correct
doubleeding,incorrect
doubleedged,correct
descendance,incorrect
destructive,correct
inheritants,incorrect
ungodliness,correct
discovenant,incorrect
constructed,correct
creasurance,incorrect
charioteers,correct
throughters,incorrect
revelations,correct
rephilisten,incorrect
interpreter,correct
resumptions,incorrect
consecrated,correct
minishining,incorrect
experienced,correct
releazareth,incorrect
proclaiming,correct
courteenths,incorrect
prostituted,correct
harvestival,incorrect
frustration,correct
writtending,incorrect
ephraimites,correct
accusatisfy,incorrect
accumulated,correct
ahisamariah,incorrect
embroidered,correct
perishaddan,incorrect
ammishaddai,correct
shaalberiah,incorrect
mesopotamia,correct
mephiboshen,incorrect
alexandrian,correct
approarings,incorrect
embarrassed,correct
broughteous,incorrect
flourishing,correct
supportions,incorrect
woodcutters,correct
vegetablish,incorrect
astonishing,correct
ligatesters,incorrect
assassinate,correct
comfortions,incorrect
manuscripts,correct
disapphired,incorrect
shipwrecked,correct
spearanched,incorrect
certificate,correct
ordecapolly,incorrect
consciences,correct
redemptible,incorrect
doorkeepers,correct
reputablets,incorrect
rebaprinces,correct
groundation,incorrect
celebrating,correct
animosition,incorrect
overwhelmed,correct
reasuriests,incorrect
innumerable,correct
silentlenes,incorrect
appropriate,correct
jezebelling,incorrect
insistently,correct
standalents,incorrect
bartholomew,correct
anointinued,incorrect
beershebaas,correct
attackedness,incorrect
faithfulness,correct
consecretail,incorrect
constructive,correct
displastines,incorrect
disobedience,correct
bethlehemind,incorrect
conscripting,correct
jehoshethere,incorrect
jehoshaphats,correct
testigations,incorrect
stonecutters,correct
rissachariot,incorrect
masquerading,correct
sacreditated,incorrect
supplication,correct
stratestines,incorrect
intelligible,correct
fatheritance,incorrect
gravediggers,correct
tanhumethons,incorrect
annihilation,correct
clearneather,incorrect
strengthened,correct
placedonians,incorrect
grasshoppers,correct
thoughterest,incorrect
epaphroditus,correct
greementired,incorrect
imprisonment,correct
propriathank,incorrect
indebtedness,correct
