stimulus,correct_answer
bazi,incorrect
izua,correct
ezte,incorrect
estu,correct
loka,incorrect
gida,correct
nindu,incorrect
lasai,correct
gatik,incorrect
saski,correct
zizut,incorrect
zinak,correct
aingo,incorrect
askok,correct
kezko,incorrect
lekua,correct
etzat,incorrect
sotai,correct
labot,incorrect
malko,correct
arrek,incorrect
mando,correct
kiria,incorrect
rimon,correct
kutsi,incorrect
mugak,correct
konki,incorrect
izaki,correct
itzuk,incorrect
botaz,correct
nitak,incorrect
banio,correct
darai,incorrect
keran,correct
atsez,incorrect
horri,correct
zizuet,incorrect
zizuen,correct
naizek,incorrect
gabeak,correct
etxoen,incorrect
onenak,correct
iturea,incorrect
jeriel,correct
estatu,incorrect
zatitu,correct
babili,incorrect
nizuen,correct
birrik,incorrect
tadmor,correct
bizpak,incorrect
bilxan,correct
daitez,incorrect
seguru,correct
tzaana,incorrect
adaias,correct
musiko,incorrect
tronua,correct
zuenok,incorrect
joanik,correct
daitea,incorrect
multzo,correct
adulak,incorrect
opilez,correct
zuteko,incorrect
artera,correct
gabetu,incorrect
begien,correct
indako,incorrect
oihuka,correct
artete,incorrect
hiriei,correct
nintza,incorrect
keinua,correct
akeria,incorrect
grinen,correct
gehiel,incorrect
kideko,correct
zitzaz,incorrect
leiala,correct
zizkia,incorrect
kezkaz,correct
gogana,incorrect
tzafon,correct
urruak,incorrect
betean,correct
gudala,incorrect
zeinen,correct
kimhal,incorrect
hezten,correct
egunon,incorrect
izenik,correct
betxuz,incorrect
diogun,correct
zaitea,incorrect
esanak,correct
gehitz,incorrect
etxeen,correct
ikabia,incorrect
hamuel,correct
arnaum,incorrect
suhiak,correct
lokara,incorrect
loratu,correct
morrok,incorrect
porrot,correct
ebaldu,incorrect
ebatsi,correct
matrai,incorrect
gilboa,correct
abaria,incorrect
matata,correct
ekarko,incorrect
odolez,correct
jakiek,incorrect
kirino,correct
jahzera,incorrect
jahzias,correct
babilen,incorrect
saskira,correct
adlairu,incorrect
azbuken,correct
kiskari,incorrect
lokarri,correct
maitako,incorrect
honekin,correct
herriro,incorrect
ukituko,correct
bultzen,incorrect
hustuko,correct
pahatsi,incorrect
etsaiek,correct
jehiegi,incorrect
jehieli,correct
senitaz,incorrect
tresnaz,correct
zabaldi,incorrect
ezarria,correct
mozkoak,incorrect
bilduak,correct
eultzan,incorrect
eflalek,correct
pasarik,incorrect
ontzako,correct
lasteak,incorrect
mahaiak,correct
ertzeko,incorrect
aroerko,correct
ametsei,incorrect
tunikak,correct
laburuz,incorrect
nabotek,correct
maltzen,incorrect
seinale,correct
xaropen,incorrect
fariseu,correct
erasoek,incorrect
joatean,correct
behaztu,incorrect
zieneko,correct
zaiteko,incorrect
mendera,correct
datorra,incorrect
zatitua,correct
zizkile,incorrect
zaudela,correct
erdaino,incorrect
auzokoa,correct
lehenen,incorrect
mandatu,correct
agertan,incorrect
indartu,correct
suharri,incorrect
jehudik,correct
bilatok,incorrect
astorik,correct
hamortu,incorrect
belztua,correct
birriko,incorrect
jedaias,correct
bitarri,incorrect
musikaz,correct
balitak,incorrect
nebaiot,correct
etortzi,incorrect
jabexen,correct
kutsiko,incorrect
agintea,correct
bertatu,incorrect
leihoan,correct
atalago,incorrect
musurik,correct
nizunez,incorrect
etzaten,correct
gabetua,incorrect
betekoa,correct
pasarea,incorrect
hegazti,correct
hartatu,incorrect
harroak,correct
daiteko,incorrect
muinoak,correct
jeterik,incorrect
jehuren,correct
xobaira,incorrect
odoleko,correct
inordez,incorrect
bidaian,correct
erpuraz,incorrect
lixibaz,correct
hartaka,incorrect
harritu,correct
garatak,incorrect
betetik,correct
garaino,incorrect
kantatu,correct
zumaren,incorrect
beorren,correct
melkira,incorrect
gutxitu,correct
txikook,incorrect
kanpora,correct
jantzun,incorrect
egokien,correct
zarengo,incorrect
kezkatu,correct
ezartan,incorrect
araunak,correct
hastiak,incorrect
nauenak,correct
zehatua,incorrect
leundua,correct
goitizu,incorrect
hiletak,correct
hiltzat,incorrect
gaitzak,correct
ziezazu,incorrect
jeremot,correct
borroia,incorrect
azaleko,correct
delaria,incorrect
balizue,correct
erretik,incorrect
ardirik,correct
zioteko,incorrect
naziook,correct
nizkiet,incorrect
dizkiot,correct
gudagur,incorrect
legenak,correct
ditutik,incorrect
lehenik,correct
hamaten,incorrect
dudarik,correct
ipintzo,incorrect
iluneko,correct
kemerik,incorrect
kretako,correct
gantzun,incorrect
saskian,correct
zortzen,incorrect
granada,correct
erabazi,incorrect
ahotsik,correct
honatik,incorrect
batzlit,correct
printzi,incorrect
lubetak,correct
makiria,incorrect
bazatoz,correct
apaldiz,incorrect
oinetik,correct
sukalde,incorrect
huxakoa,correct
ulertez,incorrect
apaizik,correct
lurtatu,incorrect
atexkak,correct
denerik,incorrect
gorteko,correct
paltako,incorrect
irekiko,correct
zertako,incorrect
hititak,correct
entzari,incorrect
ahulago,correct
erresku,incorrect
dizunez,correct
gutarra,incorrect
zatozte,correct
agindar,incorrect
amondar,correct
batzago,incorrect
direnez,correct
estamek,incorrect
aretoak,correct
bealogi,incorrect
orpotik,correct
ondatar,incorrect
maitale,correct
errefer,incorrect
xemeber,correct
entziri,incorrect
oinezko,correct
semerai,incorrect
esaneko,correct
gotorriz,incorrect
zahartua,correct
kontzeko,incorrect
konturik,correct
giltzean,incorrect
liluratu,correct
itzulatu,incorrect
herritik,correct
jordaino,incorrect
ikasleek,correct
josifias,incorrect
gudukatu,correct
bitariak,incorrect
geurekin,correct
zaituzue,incorrect
morroiek,correct
hoberiaz,incorrect
latzagoa,correct
nitarren,incorrect
izurriak,correct
harrotoz,incorrect
gorrotoz,correct
ehortzat,incorrect
dohainez,correct
egokidan,incorrect
osagaiak,correct
horretik,incorrect
menderen,correct
ardienez,incorrect
arrotzak,correct
bekatuko,incorrect
gozatuko,correct
zirelaxe,incorrect
zirelako,correct
tobiasaf,incorrect
sidondik,correct
hauenean,incorrect
nauenean,correct
laugarri,incorrect
tximista,correct
daitezte,incorrect
begiratu,correct
jendetsi,incorrect
taldetan,correct
lehortik,incorrect
baditugu,correct
aaronika,incorrect
aaronena,correct
ekartzak,incorrect
epaileei,correct
mandatzi,incorrect
bazaizue,correct
zilarriz,incorrect
lapurrek,correct
guduratu,incorrect
ninivera,correct
berarazi,incorrect
sarraski,correct
aldarren,incorrect
gizakiek,correct
filistuz,incorrect
itsasoaz,correct
ausarazi,incorrect
ausardia,correct
bakarriz,incorrect
laidotua,correct
solitako,incorrect
lisiasek,correct
filisten,incorrect
xilhiren,correct
erantzat,incorrect
mikeasen,correct
dizkiela,incorrect
garbikoa,correct
negarren,incorrect
josueren,correct
mexatuko,incorrect
zulatuko,correct
mundurik,incorrect
pilatzen,correct
masareak,incorrect
areagotu,correct
erantzak,incorrect
ahaideei,correct
hutsegin,incorrect
antzekoa,correct
eremoten,incorrect
nahxonek,correct
senarazi,incorrect
berritua,correct
lortutik,incorrect
kentzeko,correct
hautadan,incorrect
kareorez,correct
pergatik,incorrect
gerlaria,correct
jaitsitu,incorrect
eragingo,correct
dagitean,incorrect
maldaren,correct
nazatias,incorrect
ontzakoa,correct
berazpen,incorrect
partaide,correct
gurturik,incorrect
kargutik,correct
indakoen,incorrect
mezulari,correct
aukerats,incorrect
hizketak,correct
bozkaria,incorrect
abnerren,correct
barrezko,incorrect
zinetela,correct
hurralde,incorrect
ahaltsua,correct
harkorra,incorrect
haranzko,correct
burutako,incorrect
judakoak,correct
idatzean,incorrect
umetxoen,correct
bedertan,incorrect
baketsua,correct
orainean,incorrect
erreguei,correct
tiratzen,incorrect
ugaltzen,correct
neskoren,incorrect
basabere,correct
gaitzeko,incorrect
landuzko,correct
jaramuna,incorrect
zilparen,correct
muturrek,incorrect
gorrotoa,correct
babeleei,incorrect
zipresak,correct
ohoretsu,incorrect
hutsaren,correct
hitzinen,incorrect
itsatsia,correct
zitzarik,incorrect
daukazun,correct
betasuna,incorrect
janzteko,correct
zentzari,incorrect
konpondu,correct
taranean,incorrect
astakume,correct
uretzari,incorrect
behartsu,correct
eginenak,incorrect
lurrekin,correct
hitzatia,incorrect
larrerik,correct
horregea,incorrect
roboamen,correct
hazitako,incorrect
jakitean,correct
koloreko,incorrect
dagoenen,correct
aramunea,incorrect
onespena,correct
ezazkiot,incorrect
manasesi,correct
mintzeko,incorrect
ikertuko,correct
eginezko,incorrect
abiarrak,correct
biharagi,incorrect
gorespen,correct
aldarete,incorrect
alaitzen,correct
konkorri,incorrect
zuetarik,correct
hurbilak,incorrect
uholdeak,correct
borrokin,incorrect
ematerik,correct
maitakoa,incorrect
zizkigun,correct
haienean,incorrect
didalako,correct
zenbilak,incorrect
jaiotzez,correct
izengana,incorrect
artadian,correct
gertatik,incorrect
uhaletik,correct
libiasen,incorrect
sargoria,correct
eginarra,incorrect
bizitzea,correct
eskuetat,incorrect
zerbitzu,correct
zurixada,incorrect
irizpide,correct
imerrege,incorrect
elpaalen,correct
beraituz,incorrect
karratua,correct
ekarreko,incorrect
bukatzen,correct
eskainea,incorrect
dezazula,correct
jokatzeko,incorrect
ospatzera,correct
zabalaami,incorrect
bilduriko,correct
alferriro,incorrect
jedutunen,correct
matrailea,incorrect
dakarrena,correct
lorengoei,incorrect
astintzen,correct
morroztik,incorrect
sortutako,correct
etorretan,incorrect
masailean,correct
behazirik,incorrect
behaztopa,correct
mandakoei,incorrect
dizkizuen,correct
izendurik,incorrect
dizuenean,correct
intsentia,incorrect
lokarriak,correct
txaharrek,incorrect
itzharren,correct
borrotzen,incorrect
txikitzen,correct
ezarraren,incorrect
zutenetik,correct
kontasuna,incorrect
profanatu,correct
neuretzen,incorrect
gordetzen,correct
bikainiri,incorrect
neftaliko,correct
oparitzen,incorrect
ohartzean,correct
emaztertu,incorrect
ahazturik,correct
arduerako,incorrect
ezartzeko,correct
eskaintzo,incorrect
gertatzea,correct
lantzitik,incorrect
oihalezko,correct
baxanerak,incorrect
kobratzen,correct
batzariei,incorrect
lehoienak,correct
zitzarete,incorrect
lotsarazi,correct
botortzen,incorrect
ananiasen,correct
harentzan,incorrect
harresian,correct
aldarrena,incorrect
pozgarria,correct
otoitzeko,incorrect
oinarriak,correct
etsaiasek,incorrect
zegoeneko,correct
jantzungo,incorrect
zitzaiola,correct
sagarriko,incorrect
etorkinen,correct
ospakingo,incorrect
etxeetako,correct
azkeneria,incorrect
elkarteen,correct
beharrara,incorrect
maltzurra,correct
barnaumen,incorrect
zintudala,correct
jakinduak,incorrect
neskameak,correct
galantzun,incorrect
garipiloa,correct
landakoaz,incorrect
lautadako,correct
kehatzeko,incorrect
gobernari,correct
kexatilua,incorrect
jopuntura,correct
erdaintza,incorrect
markatzen,correct
harretzat,incorrect
berentzat,correct
iluntzatu,incorrect
ibiltzeak,correct
nazakezko,incorrect
arrebaren,correct
duzularia,incorrect
etorkinak,correct
hegaztete,incorrect
geldituak,correct
kanporain,incorrect
eskatzeko,correct
basapizak,incorrect
baliatuko,correct
uztanleak,incorrect
burutzeko,correct
behatarik,incorrect
marrumaka,correct
itzultzat,incorrect
askatzera,correct
inontziak,incorrect
arintzeko,correct
salgarren,incorrect
bizpahiru,correct
gantziora,incorrect
printzeei,correct
nebateara,incorrect
aspaldiko,correct
adierauen,incorrect
piztiaren,correct
bitxieste,incorrect
onetarako,correct
bidalikal,incorrect
tarsiseko,correct
sortasuna,incorrect
mendixkan,correct
jaurtitan,incorrect
uraskaren,correct
jauretzak,incorrect
jauretxea,correct
lurrariak,incorrect
datorkien,correct
irategiak,incorrect
erraustua,correct
behaztuaz,incorrect
ordudanik,correct
eskukotza,incorrect
zaitzaten,correct
irringain,incorrect
padonenak,correct
egingaiak,incorrect
baitidazu,correct
begirunero,incorrect
begirunean,correct
eragozkien,incorrect
harkaitzen,correct
ateraturik,incorrect
horretatik,correct
kantatzera,incorrect
sendatzeko,correct
aingarriko,incorrect
ahaltsuago,correct
bazaizkile,incorrect
barkamenik,correct
zerbitzuli,incorrect
laurogeita,correct
jaramunean,incorrect
ergelkeria,correct
indarraski,incorrect
sugarretan,correct
izurraldea,incorrect
pisaturiko,correct
adorengoei,incorrect
ahuspezten,correct
irakatsitu,incorrect
eramatzazu,correct
nabarrutik,incorrect
barruraino,correct
adorengoak,incorrect
amortarren,correct
salbatzuet,incorrect
aitortzera,correct
zabaleuden,incorrect
zabalagoak,correct
ertzekorra,incorrect
onuragarri,correct
gudagurtzi,incorrect
refatarrak,correct
errantsitu,incorrect
dirutegira,correct
tankeratsa,incorrect
zigortzera,correct
beharrastu,incorrect
beharrizan,correct
soinetenok,incorrect
oharkabeko,correct
ezagutunen,incorrect
hebrearrak,correct
hilobiraoa,incorrect
heriotzari,correct
zituztetan,incorrect
gaituzunez,correct
iraintzoak,incorrect
irakatsiak,correct
apostopean,incorrect
apostoluak,correct
emaitezela,incorrect
abimeleken,correct
guztidunak,incorrect
zituelarik,correct
ugaritziko,incorrect
apaizgotik,correct
jarrigailu,incorrect
babesgarri,correct
epaituzten,incorrect
euriarekin,correct
irrinarazi,incorrect
erostariak,correct
egiteagana,incorrect
alaitasuna,correct
zuzendatez,incorrect
baliozkoak,correct
aurpetxatu,incorrect
krokodiloa,correct
igurtarako,incorrect
edukitzera,correct
gorrelarri,incorrect
hilketarik,correct
bainausiko,incorrect
maitemindu,correct
hamalekura,incorrect
zelaietako,correct
erastakume,incorrect
ditzakezue,correct
irrintzari,incorrect
kreatzaile,correct
neurertzea,incorrect
berridatzi,correct
eratzekoak,incorrect
hornitzeko,correct
goizeanoak,incorrect
kezkaturik,correct
beteagatik,incorrect
honengatik,correct
genukeenik,incorrect
egondakoak,correct
salbatzain,incorrect
zaituztena,correct
beraikindu,incorrect
berreraiki,correct
betierekin,incorrect
txarkeriak,correct
sexuharrez,incorrect
diktadorea,correct
hirutariak,incorrect
egitasmoak,correct
etorrixkak,incorrect
etorrerari,correct
epaileatik,incorrect
elkartasun,correct
itxuraldea,incorrect
zutabetzat,correct
eginarazte,incorrect
aldentzean,correct
bitxidunak,incorrect
arkitarren,correct
badizkigun,incorrect
sendagilea,correct
eskeriasen,incorrect
muturretik,correct
adakizkizu,incorrect
irabazpide,correct
lanpetatik,incorrect
konpromiso,correct
betetzerit,incorrect
kiriatarba,correct
horrengoena,incorrect
horrengatik,correct
hirugarriak,incorrect
gudagurdian,correct
altxorietak,incorrect
altxorretik,correct
gorespetara,incorrect
hondarrekin,correct
hizkuntzeko,incorrect
jebustarren,correct
saihetsaiak,incorrect
bazkaltzeko,correct
eragozkidan,incorrect
egiaztatzen,correct
sendagarren,incorrect
kanpotarren,correct
laurogeitik,incorrect
gudarosteen,correct
igarriturik,incorrect
opariagatik,correct
nazatozteko,incorrect
zituztelako,correct
zergailurik,incorrect
lehiatsuago,correct
famildegizu,incorrect
mandatariek,correct
jesusiriara,incorrect
gizonetarik,correct
mahasteratu,incorrect
begiratzeko,correct
jantzudunez,incorrect
merkatariei,correct
haurretzeko,incorrect
eraikiarazi,correct
telhananeko,incorrect
lukurreriaz,correct
berentsatua,incorrect
harritzekoa,correct
jaunaraztea,incorrect
haurrarekin,correct
soilgunerak,incorrect
heriotzaren,correct
ahiriarengo,incorrect
hiltzaileen,correct
ondasunduko,incorrect
dituztelako,correct
ziotenengoa,incorrect
lekukotasun,correct
harantzuten,incorrect
ordaindurik,correct
lehenengana,incorrect
erresumatan,correct
azpigarrein,incorrect
epaigailuen,correct
lehoizulari,incorrect
helektarrak,correct
honetaraztu,incorrect
filistearra,correct
aitarrapatu,incorrect
oholibagana,correct
egoitzaiola,incorrect
alarguntsak,correct
garbitzulak,incorrect
pertsegituz,correct
basapiztuko,incorrect
benebenetan,correct
txingarrein,incorrect
hausnartuko,correct
negarrezkoa,incorrect
daudenetako,correct
azrielentua,incorrect
asiriaraino,correct
uharroparia,incorrect
abiatarrena,correct
nintzekorik,incorrect
egokierarik,correct
higuingainu,incorrect
distiratsuz,correct
jotzausartu,incorrect
taldeburuek,correct
jaunarekoak,incorrect
jonatanekin,correct
otoitzaretu,incorrect
atemuntagak,correct
bizitarrein,incorrect
zelatatzera,correct
iparraskati,incorrect
alderantziz,correct
guztietarien,incorrect
guztietarako,correct
salmondasuna,incorrect
gerxondarren,correct
gogorrarekin,incorrect
idoloengatik,correct
babiltzariek,incorrect
bedeinkatuak,correct
jakintzatzen,incorrect
etorrarazten,correct
fidagartzeko,incorrect
kondenatzeko,correct
indarreinuek,incorrect
atsekabetuak,correct
israeldarete,incorrect
konfiantzako,correct
freskuinekoa,incorrect
saulengandik,correct
setiopiarrei,incorrect
altxortegian,correct
erantziratsa,incorrect
erantzuterik,correct
bazaitzaiozu,incorrect
galdeketaren,correct
liskalituzte,incorrect
suntsitzaile,correct
batzailegian,incorrect
salatzaileak,correct
tenpluratzen,incorrect
kanaandarren,correct
kiskanbiltza,incorrect
kiskalgarria,correct
heriotzatitu,incorrect
egoitzaraino,correct
ondoretsaiek,incorrect
madiandarrei,correct
ilunpetariek,incorrect
ahaltsuagana,correct
tamarrengoei,incorrect
funtzionario,correct
auzitarralde,incorrect
misteriotsua,correct
garbitzapean,incorrect
mahastiarena,correct
geniztakeria,incorrect
harrapakinak,correct
xerxebatzari,incorrect
gameluengana,correct
ihardueraren,incorrect
botatzekotan,correct
nabotzkutuko,incorrect
zintzilikatu,correct
lurrarigiluz,incorrect
fruituetarik,correct
abrahabiatuz,incorrect
goseteagatik,correct
moabdarralde,incorrect
profetarekin,correct
huskerregutu,incorrect
emaztearekin,correct
erasotzerrik,incorrect
frutaarbolak,correct
izurraldoiak,incorrect
atsedenerako,correct
gerarentziak,incorrect
nahalieletik,correct
besarkaituko,incorrect
arratsaldeko,correct
etorrizkorik,incorrect
gantzuketako,correct
profetizaten,incorrect
apaingarriak,correct
diharkaturik,incorrect
horretarantz,correct
hargitasunea,incorrect
zentimetroko,correct
bildurraldean,incorrect
musikatresnen,correct
zerbitzaionez,incorrect
senitartekoak,correct
jendekuartean,incorrect
biziarengatik,correct
talderitzaion,incorrect
aldareertzeko,correct
gelditzalezko,incorrect
gorputzarekin,correct
hemengandiago,incorrect
jaunarengatik,correct
ezpatarraitsi,incorrect
siserarengana,correct
sartzaientzun,incorrect
etorkinentzat,correct
jakintsentira,incorrect
jakinduriaren,correct
honentzundako,incorrect
hutsegiteenak,correct
maakarreraren,incorrect
ezagutzarekin,correct
elkarrikatuak,incorrect
hurbilaraziko,correct
nagusigoarazi,incorrect
inguruminguru,correct
gurtaraipenez,incorrect
dizutenentzat,correct
oholibondoren,incorrect
babiloniarren,correct
konfiantzungo,incorrect
prostituzioak,correct
basamorroiaren,incorrect
zizkizuetenean,correct
txunditzeraman,incorrect
adulteriogilea,correct
kanporategikoa,incorrect
txikienetariko,correct
ugarrezkonduko,incorrect
funtzionarioen,correct
bihozmindarrak,incorrect
izenbilketaren,correct
otoitzeraintza,incorrect
andregaiarekin,correct
basamortarriak,incorrect
desiragarriago,correct
jandarengandia,incorrect
haserrarazteko,correct
aurrendarrenen,incorrect
pazkoafarirako,correct
lapurralderatz,incorrect
zitzaizkiolako,correct
brondarraldetu,incorrect
bereizkeriarik,correct
guretxakurtuko,incorrect
gudadeiadarrak,correct
zanpalektarrei,incorrect
judakoenganako,correct
hondarrapatzen,incorrect
elkarrizketatu,correct
eraikuntzatzen,incorrect
aitaginarrebak,correct
barauengainean,incorrect
mendiarterantz,correct
