stimulus,correct_answer
lipi,incorrect
sese,correct
digi,incorrect
ciwa,correct
tamu,incorrect
tali,correct
manu,incorrect
donu,correct
qete,incorrect
qila,correct
voro,incorrect
lobi,correct
mare,incorrect
caba,correct
caura,incorrect
paudi,correct
orimi,incorrect
isopi,correct
dauti,incorrect
nodai,correct
waica,incorrect
paini,correct
veimi,incorrect
vukea,correct
dauvi,incorrect
kiliu,correct
uluma,incorrect
dravu,correct
vituvi,incorrect
toroya,correct
omarua,incorrect
iloilo,correct
sarasa,incorrect
ganequ,correct
lakoya,incorrect
parosi,correct
taqali,incorrect
magiti,correct
kaduri,incorrect
vaqara,correct
kevaki,incorrect
kedrau,correct
rurugi,incorrect
rubeca,correct
botaki,incorrect
pitani,correct
yavitu,incorrect
taroga,correct
kuruku,incorrect
epieli,correct
kotiko,incorrect
pepeli,correct
vulavu,incorrect
moceri,correct
vitusa,incorrect
torova,correct
musumu,incorrect
posira,correct
garovi,incorrect
samuta,correct
pakica,incorrect
mamare,correct
kayawa,incorrect
tukuca,correct
kawaqa,incorrect
yaragi,correct
yacori,incorrect
yalomu,correct
balaba,incorrect
baleti,correct
pailai,incorrect
botana,correct
vulaca,incorrect
seresi,correct
katoka,incorrect
makawa,correct
sisake,incorrect
vorati,correct
kayaga,incorrect
tukuci,correct
werena,incorrect
gusuqu,correct
sarawa,incorrect
yagoqu,correct
lakila,incorrect
buluta,correct
vulici,incorrect
mokota,correct
vakaya,incorrect
parapa,correct
sucumi,incorrect
colati,correct
manumi,incorrect
basuki,correct
rarava,incorrect
waraki,correct
buraka,incorrect
drutia,correct
rewata,incorrect
jocami,correct
volavo,incorrect
biligi,correct
tanitu,incorrect
cevata,correct
koloke,incorrect
sepina,correct
kamaca,incorrect
kirici,correct
risema,incorrect
mitani,correct
tanini,incorrect
tarama,correct
kubuna,incorrect
teteva,correct
tolusa,incorrect
cilava,correct
kawati,incorrect
kisipa,correct
vodoki,incorrect
pitaia,correct
daveda,incorrect
kedaru,correct
raravi,incorrect
tarova,correct
silata,incorrect
biliga,correct
tamuni,incorrect
parile,correct
warawa,incorrect
purimi,correct
vakamu,incorrect
matada,correct
veveti,incorrect
dasila,correct
sitifa,incorrect
sitimi,correct
lalata,incorrect
dakumu,correct
kanaka,incorrect
takiva,correct
sapari,incorrect
kepaci,correct
vatona,incorrect
keveti,correct
rereva,incorrect
ciliva,correct
samisa,incorrect
tavuki,correct
soliti,incorrect
vakani,correct
yacani,incorrect
cabeta,correct
kayaco,incorrect
marama,correct
netaka,incorrect
susuga,correct
tamate,incorrect
cakavi,correct
yacora,incorrect
yamena,correct
valavu,incorrect
tubera,correct
tabete,incorrect
saresa,correct
yawati,incorrect
yamequ,correct
nomuna,incorrect
pisori,correct
vakase,incorrect
wekada,correct
yanuya,incorrect
kitori,correct
cakita,incorrect
veisau,correct
veileu,incorrect
veitau,correct
filitia,incorrect
vakadei,correct
lomatua,incorrect
gonedau,correct
veiloma,incorrect
veibogi,correct
gasauri,incorrect
firijia,correct
veimeca,incorrect
veivesu,correct
lailasu,incorrect
esiromi,correct
dromusu,incorrect
drotaki,correct
tisaiti,incorrect
peurimi,correct
qaraica,incorrect
qarauna,correct
olimoli,incorrect
okirani,correct
dausama,incorrect
dautuli,correct
vaqeavu,incorrect
taiponi,correct
kautaka,incorrect
dautaki,correct
usalumu,incorrect
apisaki,correct
efasaki,incorrect
eciloni,correct
tautaka,incorrect
taumada,correct
ufereti,incorrect
anacoci,correct
keitoro,incorrect
drotani,correct
katokai,incorrect
gagadre,correct
paidina,incorrect
dregata,correct
vuravou,incorrect
pieroci,correct
kaikuri,incorrect
luaraka,correct
marauta,incorrect
vuetaki,correct
jafileu,incorrect
ekiloni,correct
rusalua,incorrect
batirua,correct
cudruku,incorrect
dauvemu,correct
titokai,incorrect
vuetaka,correct
sarinea,incorrect
saluaki,correct
esamata,incorrect
esipani,correct
yaduaga,incorrect
yadrena,correct
liayala,incorrect
viagunu,correct
taukere,incorrect
osinapa,correct
taraici,incorrect
vatukai,correct
raicaki,incorrect
dautagi,correct
onosaga,incorrect
viakana,correct
nonaija,incorrect
akimoni,correct
tanikoro,incorrect
waqawaqa,correct
velaveti,incorrect
velavela,correct
vakadomo,incorrect
vakasama,correct
vakatovo,incorrect
vakatolu,correct
vakaroko,incorrect
vakaruru,correct
daubului,incorrect
daumarau,correct
vakamoli,incorrect
vakariri,correct
denimani,incorrect
viviraka,correct
goleyaki,incorrect
lotutaka,correct
lakovana,incorrect
lakolako,correct
saqaravi,incorrect
rapisake,correct
cabetaki,incorrect
cabecabe,correct
vosacata,incorrect
rogovaki,correct
kawatina,incorrect
vavakoso,correct
asiriopi,incorrect
asirieli,correct
kananuma,incorrect
masumasu,correct
kabitaka,incorrect
vagunuva,correct
netagane,incorrect
necinimi,correct
kulinimi,incorrect
jafileti,correct
gonetapi,incorrect
curucuru,correct
doviavia,incorrect
kerekere,correct
tanisiga,incorrect
tabamuni,correct
vuniqele,incorrect
gunugunu,correct
kayawaki,incorrect
limalima,correct
dinataka,incorrect
dinadina,correct
bulataki,incorrect
vosataki,correct
matailai,incorrect
yalolevu,correct
kayacana,incorrect
vakavitu,correct
sikanuni,incorrect
sikaraka,correct
jetairai,incorrect
damudamu,correct
kayacova,incorrect
taratara,correct
yaloloma,incorrect
yalataka,correct
dravudra,incorrect
dauyadra,correct
malumuta,incorrect
jirimoci,correct
kalokoso,incorrect
vakasucu,correct
vovoleka,incorrect
momokiti,correct
totolona,incorrect
jeesieli,correct
yakavita,incorrect
lelevaki,correct
malimuni,incorrect
taviraka,correct
veivunau,incorrect
veivaini,correct
katuraga,incorrect
kidacala,correct
kamataia,incorrect
qalokana,correct
totolaki,incorrect
viritoka,correct
silivata,incorrect
pilitati,correct
luvenaci,incorrect
vakaroma,correct
dukaliti,incorrect
yarataka,correct
cakavuka,incorrect
vakatubu,correct
taciqiri,incorrect
lagilagi,correct
parimuri,incorrect
dauvunau,correct
tinanana,incorrect
vukavuka,correct
jerikopi,incorrect
kusarawa,correct
tabokoco,incorrect
vulovulo,correct
saqataqu,incorrect
ladelade,correct
tauravua,incorrect
tagicaki,correct
tikinoci,incorrect
dautinia,correct
kayacori,incorrect
lasulasu,correct
lewaitui,incorrect
vakaogai,correct
rawataka,incorrect
mocemoce,correct
mudukali,incorrect
wiliwili,correct
lomavaki,incorrect
vakacava,correct
iunikoro,incorrect
aolipama,correct
kevakati,incorrect
didivaki,correct
matavulu,incorrect
yaloriri,correct
korokora,incorrect
tabadrau,correct
bulataka,incorrect
luvedrau,correct
katuburi,incorrect
vagunuvi,correct
cavacava,incorrect
kaliraki,correct
lalailai,incorrect
qeteqete,correct
kayavana,incorrect
kacimuri,correct
votonota,incorrect
tauyadua,correct
lolomana,incorrect
amoraiti,correct
kayavala,incorrect
kitaliti,correct
jioataka,incorrect
veiuturi,correct
seelipoa,incorrect
meronoci,correct
tamataka,incorrect
vakacala,correct
ocaocata,incorrect
eticeimi,correct
tarogoca,incorrect
salimoni,correct
yakavuka,incorrect
kacivaki,correct
silisafi,incorrect
virinoca,correct
joiarimu,incorrect
kirisipo,correct
golevale,incorrect
lomadina,correct
lolomani,incorrect
potifera,correct
makutuka,incorrect
sepataia,correct
drodromu,incorrect
jonatapi,correct
tamateni,incorrect
atonaija,correct
tadratou,incorrect
tapanesi,correct
miparasa,incorrect
simironi,correct
taukerei,incorrect
tauyaono,correct
vukadina,incorrect
talaraki,correct
cauraija,incorrect
tauyarua,correct
tikimari,incorrect
dauvukea,correct
vosalemi,incorrect
mudumudu,correct
sikatiko,incorrect
ipiliami,correct
turagane,incorrect
daukauti,correct
kevakata,incorrect
katakata,correct
rarawata,incorrect
masulaki,correct
yavanaia,incorrect
sarasara,correct
jerikoti,incorrect
tomitomi,correct
tamatamu,incorrect
vakadiva,correct
tamatana,incorrect
matadrau,correct
nodrauna,incorrect
bikalawa,correct
yamatana,incorrect
salisali,correct
konetani,incorrect
kipiconi,correct
dodonuya,incorrect
tuituina,correct
lialiati,incorrect
seretaka,correct
taganemu,incorrect
vakavica,correct
tauravui,incorrect
tinadrau,correct
tamataqu,incorrect
babalavu,correct
kevakaya,incorrect
lasutaki,correct
lolomaqu,incorrect
epaijami,correct
qaraviti,incorrect
butubutu,correct
veibeita,incorrect
veigauna,correct
cakacabe,incorrect
vakaseva,correct
veiyacora,incorrect
veiyacovi,correct
kaukameli,incorrect
maduataki,correct
tamaduaga,incorrect
vakaduaga,correct
dukaduria,incorrect
tacimudou,correct
dausereki,incorrect
daurogoca,correct
veivinaka,incorrect
veiuciwai,correct
veivesuka,incorrect
daulomana,correct
lolomalai,incorrect
tinikadua,correct
dautakila,incorrect
daucakava,correct
veimatani,incorrect
puloutaka,correct
pomekarau,incorrect
guilecavi,correct
mataucoko,incorrect
vakaudolu,correct
kevakaoqo,incorrect
daligadra,correct
tauravura,incorrect
wainisucu,correct
veivutugu,incorrect
veisalatu,correct
tabadrali,incorrect
yayaudolu,correct
keimatasa,incorrect
veimateli,correct
veiwekaqu,incorrect
daudomoni,correct
malumatua,incorrect
mecuseeli,correct
esaretisi,incorrect
amifipoli,correct
silivaini,incorrect
penietati,correct
matadrali,incorrect
matamadua,correct
lomadrali,incorrect
vakarauta,correct
ulunivoli,incorrect
cudruvaka,correct
mavoataka,incorrect
qaciqacia,correct
lauvimata,incorrect
bureitaka,correct
cavacavai,incorrect
butuqaqia,correct
aposinamu,incorrect
dauvavana,correct
nuiqawaqa,incorrect
ilifeleti,correct
tamatadra,incorrect
uludratou,correct
lalatakau,incorrect
vakarauti,correct
tamadrali,incorrect
tamadatou,correct
keimatani,incorrect
veitacini,correct
taganedra,incorrect
domomudou,correct
tuakanana,incorrect
pakipaipi,correct
cakavunau,incorrect
vakalewai,correct
totokalou,incorrect
dresulaka,correct
tamatauta,incorrect
vakatauca,correct
apositopi,incorrect
emeralita,correct
madravura,incorrect
daurarawa,correct
wekaitaka,incorrect
salacieli,correct
lialialiu,incorrect
vakatawai,correct
meremudou,incorrect
caucaudre,correct
yalataila,incorrect
makipanai,correct
eieseroca,incorrect
akirapimi,correct
tuakadiri,incorrect
vakaitavi,correct
kainakata,incorrect
kakesaiti,correct
yaloyaloqu,incorrect
yaloyalona,correct
vakaburaka,incorrect
vakarurugi,correct
vakatanitu,incorrect
vakatataki,correct
yalosavosa,incorrect
yacadratou,correct
rubecabeca,incorrect
tutuniyaya,correct
curucurumi,incorrect
lewenivale,correct
vakatinana,incorrect
vakavodoka,correct
vakaotioti,incorrect
vakalialia,correct
vutivutugu,incorrect
buradelana,correct
tinikatawa,incorrect
tinikavitu,correct
vukicukica,incorrect
veivunauci,correct
volekalevu,incorrect
drodrolagi,correct
kevakakina,incorrect
tutunikoro,correct
matanikoro,incorrect
yalodoudou,correct
kevakarota,incorrect
tutunivale,correct
kamataqali,incorrect
vaqaseqase,correct
tabalavala,incorrect
tabayabaki,correct
tukuvinaka,incorrect
valececere,correct
tamatadrai,incorrect
dredrevaki,correct
lomavulici,incorrect
vakarogoca,correct
birikotiko,incorrect
kiriaceimi,correct
cakacakava,incorrect
vakararawa,correct
marorogoca,incorrect
kamikamica,correct
vulagilose,incorrect
musumusuka,correct
kevakatawa,incorrect
tutuvitaki,correct
yakavuvulu,incorrect
pakipukaia,correct
cabocabora,incorrect
tabanivale,correct
wilikaliti,incorrect
luveniyali,correct
lomakamasu,incorrect
lomaseremu,correct
keimatadra,incorrect
veimatakau,correct
vakaotiasa,incorrect
vakalutuma,correct
taganilewa,incorrect
livaiacani,correct
tamatailai,incorrect
lewenikoro,correct
tanininini,incorrect
valenisoro,correct
tauravudra,incorrect
drokadroka,correct
bulatakila,incorrect
vakavinaka,correct
tamataboko,incorrect
vakatamata,correct
vinavinaka,incorrect
vakabobula,correct
vakawatini,incorrect
vakanadaku,correct
balebaleti,incorrect
dauvunauci,correct
kaukauwata,incorrect
lumilumisa,correct
rawatinana,incorrect
vakatuburi,correct
durunilagi,incorrect
seletakelo,correct
pulumalumu,incorrect
tikinisiga,correct
vukudravui,incorrect
balabalavu,correct
vakasaqato,incorrect
vakavirika,correct
pierociata,incorrect
dauvakarai,correct
tamataqali,incorrect
vakacecere,correct
lololomani,incorrect
kusikusima,correct
kavirituri,incorrect
vagucataki,correct
tavakosova,incorrect
kapitorimi,correct
bukawalega,incorrect
vakatagane,correct
madigitaki,incorrect
sarisarina,correct
tamatanitu,incorrect
vakamasuta,correct
maiveitaka,incorrect
vakacataka,correct
simelekisa,incorrect
sarisarimu,correct
dauveiqara,incorrect
vakusakusa,correct
tinikawaqa,incorrect
pealianani,correct
yalododoki,incorrect
lomasereda,correct
bukawaboko,incorrect
vakatitiqa,correct
kimasimona,incorrect
meselemoce,correct
domodomoqu,incorrect
vakacuruma,correct
kemudratou,incorrect
vakaiperiu,correct
yavaviavia,incorrect
vakavotona,correct
cabonisoro,incorrect
yalorarawa,correct
cabonakati,incorrect
vakaluveni,correct
tamataqaya,incorrect
vakasilimi,correct
tokalailai,incorrect
vuanivaini,correct
soqosoqoni,incorrect
veicudruvi,correct
yameyamequ,incorrect
yawasivita,correct
kemudravua,incorrect
matanavotu,correct
domodomoqa,incorrect
pelisasari,correct
vinakataki,incorrect
vakatarogi,correct
kevakaueue,incorrect
vakataloca,correct
tisasarisu,incorrect
kavidalaka,correct
tamatanini,incorrect
vakatikori,correct
lekutukuna,incorrect
cadracadra,correct
katovoleka,incorrect
kacarimoni,correct
serekitaki,incorrect
vakabokoca,correct
masulasawa,incorrect
vakabotona,correct
savuyakava,incorrect
vakubutaki,correct
cabocabori,incorrect
yalobitaki,correct
vinakatawa,incorrect
vakarubeca,correct
kidroataki,incorrect
mesulemeci,correct
josapiteni,incorrect
dromudromu,correct
kevakatuba,incorrect
vakalilici,correct
butobutobu,incorrect
vakidacala,correct
kevakasere,incorrect
pecitakoni,correct
kadukadina,incorrect
lidinibuka,correct
kevakaroko,incorrect
vakalewena,correct
valavalavu,incorrect
vakayakavi,correct
manumanuma,incorrect
vakaloloma,correct
kevakaukau,incorrect
vakalakala,correct
tabatamuni,incorrect
vakayabaki,correct
laukauwata,incorrect
vakavivica,correct
kevakarusa,incorrect
vakavukuya,correct
nuinuitaki,incorrect
miselimaia,correct
liliwiliwa,incorrect
dauyadrava,correct
titobutobu,incorrect
karisolita,correct
veinananuma,incorrect
veigoleyaki,correct
ligadrevaki,incorrect
dauveilewai,correct
gaunanumanu,incorrect
vanuacecere,correct
mataucakava,incorrect
vakaocataka,correct
veibiubiuta,incorrect
veiletitaka,correct
davuivuvale,incorrect
pealisipupi,correct
lomalumalua,incorrect
vakaraitaki,correct
veivakavulu,incorrect
veivuvutaki,correct
lomalumatua,incorrect
daubasuraka,correct
dauviparile,incorrect
veitosoyaki,correct
keimataqaya,incorrect
daukocokoco,correct
keimatadrai,incorrect
veiciciyaki,correct
kamudamudou,incorrect
katinikaono,correct
gusudravura,incorrect
dautukutuku,correct
vukudravusa,incorrect
peciakerimi,correct
ulumalumuti,incorrect
veikidavaki,correct
daudodonuya,incorrect
daukatakata,correct
tauvakalevu,incorrect
duibiubiuta,correct
wekadrotaki,incorrect
vakaisigana,correct
vosataivale,incorrect
vakalialiai,correct
saututakila,incorrect
sautaninini,correct
anacisepata,incorrect
dauvakacaca,correct
vukudravura,incorrect
daucolacola,correct
daumakiperi,incorrect
veibulubulu,correct
cakaviarogi,incorrect
vakatoboicu,correct
tarauniyali,incorrect
takiveilevu,correct
yalododokai,incorrect
lomaseredra,correct
tokalaucoko,incorrect
arisitopulo,correct
warakarusai,incorrect
vaqeavutaka,correct
rawatakilai,incorrect
rabailailai,correct
biutakaroga,incorrect
veilakoyaki,correct
apikaliraki,incorrect
ucavulavula,correct
kevakavunau,incorrect
vakayayarua,correct
kautaganitu,incorrect
vakacudruya,correct
uluvawalawa,incorrect
veikalokalo,correct
qiqinivaini,incorrect
vakayadrata,correct
ilifeletaka,incorrect
veidigidigi,correct
vakacabonaki,incorrect
vakacacataka,correct
veiulunivoli,incorrect
dauparofisai,correct
yalododomoni,incorrect
cakacakamana,correct
ramakamatani,incorrect
tawasavasava,correct
qiriqiriqiri,incorrect
tebenigusumu,correct
manumanumanu,incorrect
tutuniyavamu,correct
wekanadakuna,incorrect
luvemuyalewa,correct
titobutobuto,incorrect
kidacalataka,correct
cabocabonaki,incorrect
pecijisimoci,correct
cavutakataka,incorrect
katinikatolu,correct
cabonakatawa,incorrect
yalovakatani,correct
veivutuniyau,incorrect
veivakamatei,correct
vakatawasivi,incorrect
vakatavuvuli,correct
ulunivalivai,incorrect
qiqinitamata,correct
elikesaitaki,incorrect
veimataivalu,correct
valavakotora,incorrect
vakatavulica,correct
tamatamataqu,incorrect
vakatabataba,correct
daucaudredre,incorrect
veimataniwai,correct
balakilakila,incorrect
vakasalataka,correct
tamatanivalu,incorrect
vakalawataki,correct
veiulunivale,incorrect
veiuturitaka,correct
vakabautalai,incorrect
vakasosataki,correct
kureitauvata,incorrect
dauvakamatei,correct
maiveitikina,incorrect
lomakaukauwa,correct
tukitakaturi,incorrect
dauvakaraici,correct
kautauvimata,incorrect
vakatikitiki,correct
cabonisosomi,incorrect
katinikaciwa,correct
tabatabalava,incorrect
wavakavotona,correct
lialiatamada,incorrect
yalokatakata,correct
makawatinana,incorrect
botobotolaki,correct
cilavalavala,incorrect
vakidroataki,correct
kureitauvaka,incorrect
atarociatari,correct
cauravuravou,incorrect
vakaulumatua,correct
solotakatawa,incorrect
vakasaqaqara,correct
tasotomitomi,incorrect
vakacaudreva,correct
rerevakaciva,incorrect
vakasigalevu,correct
yatinanumanu,incorrect
lagotavuivui,correct
votavotavaki,incorrect
vakayavalati,correct
vakataunisoro,incorrect
vakatauniwere,correct
vakasilivaini,incorrect
vakamarautaki,correct
veimatanikoro,incorrect
dauyalololoma,correct
gauniseteroci,incorrect
vakasaututaka,correct
vuravuravudra,incorrect
jepesikiliati,correct
parofisaiperi,incorrect
parofisaitaki,correct
daukanaiasana,incorrect
veisorosorovi,correct
beitabalavala,incorrect
karuasagavulu,correct
penietatalaki,incorrect
vakamataivalu,correct
kevakamamudou,incorrect
remocikiliati,correct
dakaisalavala,incorrect
kiriaciseferi,correct
tauravuravusa,incorrect
dauvakatawana,correct
tinikauyalewa,incorrect
vakaseavutaka,correct
volekaitavaya,incorrect
vakamamautaki,correct
emaciseitaube,incorrect
ketesaparinea,correct
kautauviagunu,incorrect
vakadomoilevu,correct
veiwekananuma,incorrect
vakaisulutaki,correct
kalouyaloloma,incorrect
vakaisulutaka,correct
veivakasucuma,incorrect
mataveitacini,correct
isopirakarota,incorrect
lomaseremudou,correct
tauviparinaka,incorrect
vakamavoataki,correct
jionacasereka,incorrect
vakalevulevui,correct
kayalayalayala,incorrect
vakawabokotaki,correct
kayalatalailai,incorrect
vakadomoqataki,correct
maiveilatalata,incorrect
dauveicavilaki,correct
colacolacolata,incorrect
vakatawadodonu,correct
pulumalumalaga,incorrect
vakasisilataka,correct
cudruvakabauti,incorrect
yalomalumalumu,correct
lavelavelaveti,incorrect
meeleakirapimi,correct
sogolatalaraka,incorrect
vakabobulataki,correct
qiriqiriaceimi,incorrect
dauveikaburaki,correct
culabalavalavu,incorrect
vakawabokotaka,correct
soqosoqosoqoni,incorrect
vakararamataka,correct
durudravuravua,incorrect
vakanuinuitaka,correct
davoratarogoca,incorrect
vakarogocataka,correct
qiqinivalavala,incorrect
vakasewasewani,correct
ocaocaocaocata,incorrect
vakidacalataki,correct
dakaikuritakau,incorrect
yalodukadukali,correct
marorogorogoci,incorrect
vakasesevotuni,correct
sikelibasuraki,incorrect
makamakalivata,correct
kureitakaukana,incorrect
vakaqiqinivalu,correct
jeesielisipora,incorrect
vakacicilataka,correct
