stimulus,correct_answer
ence,incorrect
nose,correct
cend,incorrect
noir,correct
tume,incorrect
robe,correct
alle,incorrect
bouc,correct
tins,incorrect
pire,correct
sole,incorrect
mens,correct
dhui,incorrect
sève,correct
nent,incorrect
unis,correct
asse,incorrect
béla,correct
inte,incorrect
goût,correct
nête,incorrect
mâle,correct
mour,incorrect
huit,correct
chal,incorrect
cham,correct
grin,incorrect
aram,correct
bles,incorrect
lion,correct
mich,incorrect
arde,correct
ente,incorrect
gaza,correct
ques,incorrect
anne,correct
pard,incorrect
joue,correct
aude,incorrect
armé,correct
rible,incorrect
sisra,correct
linon,incorrect
piles,correct
bérés,incorrect
aider,correct
incis,incorrect
daram,correct
deaux,incorrect
rehob,correct
ments,incorrect
poser,correct
conté,incorrect
parts,correct
avail,incorrect
sauvé,correct
tants,incorrect
naura,correct
inter,incorrect
battu,correct
rence,incorrect
voile,correct
ceint,incorrect
laîné,correct
chera,incorrect
forte,correct
disse,incorrect
rouma,correct
honne,incorrect
remet,correct
lente,incorrect
magie,correct
richo,incorrect
bande,correct
dises,incorrect
jugez,correct
ordin,incorrect
verra,correct
disle,incorrect
choua,correct
terra,incorrect
causé,correct
condu,incorrect
parti,correct
merve,incorrect
toile,correct
livra,incorrect
punie,correct
cordé,incorrect
moisi,correct
quons,incorrect
lents,correct
gouve,incorrect
karmi,correct
phile,incorrect
ohola,correct
apper,incorrect
bâtir,correct
quent,incorrect
notes,correct
queur,incorrect
quaux,correct
pèche,incorrect
tuant,correct
lesci,incorrect
pouce,correct
déchi,incorrect
rispa,correct
aquim,incorrect
ombre,correct
quins,incorrect
jouez,correct
bamots,incorrect
taanak,correct
buvais,incorrect
buvons,correct
sation,incorrect
avions,correct
colont,incorrect
harpes,correct
ménest,incorrect
cruche,correct
détude,incorrect
feriez,correct
louver,incorrect
louvre,correct
viteur,incorrect
gabaël,correct
nouvez,incorrect
parlez,correct
aujour,incorrect
rideau,correct
lavail,incorrect
points,correct
mihaut,incorrect
tiares,correct
dartie,incorrect
nayant,correct
souver,incorrect
traite,correct
roisie,incorrect
partez,correct
ennent,incorrect
fièvre,correct
rissez,incorrect
nayons,correct
annons,incorrect
forcer,correct
déchis,incorrect
allais,correct
lhonne,incorrect
légère,correct
judits,incorrect
façons,correct
ammoua,incorrect
aident,correct
écrata,incorrect
écrive,correct
lendre,incorrect
chiens,correct
antion,incorrect
ancien,correct
cinque,incorrect
pécher,correct
boulez,incorrect
reculé,correct
vérite,incorrect
séparé,correct
reviez,incorrect
colons,correct
palair,incorrect
yetour,correct
alloum,incorrect
battre,correct
ceinte,incorrect
mobéir,correct
nouver,incorrect
honore,correct
roisir,incorrect
gratté,correct
médech,incorrect
achète,correct
roisis,incorrect
vendez,correct
soutez,incorrect
étroit,correct
lendra,incorrect
normal,correct
deboue,incorrect
dignes,correct
recoué,incorrect
serais,correct
machit,incorrect
mobéit,correct
ention,incorrect
savant,correct
démoth,incorrect
aravna,correct
pelait,incorrect
talmon,correct
mordon,incorrect
serrés,correct
nourra,incorrect
écrasé,correct
tience,incorrect
buveur,correct
passar,incorrect
échecs,correct
queurs,incorrect
quavec,correct
appent,incorrect
couple,correct
instal,incorrect
élissa,correct
guenné,incorrect
filent,correct
letter,incorrect
houram,correct
cassin,incorrect
lunité,correct
estion,incorrect
parent,correct
genous,incorrect
habits,correct
ellent,incorrect
puiser,correct
nouvera,incorrect
nourrir,correct
villant,incorrect
village,correct
remplet,incorrect
recevra,correct
nétaire,incorrect
clouent,correct
richepa,incorrect
causent,correct
nanéens,incorrect
eltequé,correct
jattent,incorrect
épreuve,correct
métiens,incorrect
achètes,correct
contend,incorrect
content,correct
lennent,incorrect
tornade,correct
mattent,incorrect
matthat,correct
servées,incorrect
servait,correct
availlé,incorrect
sauvera,correct
vigneur,incorrect
rejette,correct
azmavez,incorrect
pharaon,correct
bienstu,incorrect
vienstu,correct
intendu,incorrect
élevait,correct
rechers,incorrect
mouches,correct
importé,incorrect
importe,correct
rivions,incorrect
selofad,correct
juivent,incorrect
bagages,correct
dignent,incorrect
plongés,correct
cieuses,incorrect
examine,correct
bonnera,incorrect
habiter,correct
nécesse,incorrect
lécoute,correct
présert,incorrect
tristes,correct
encours,incorrect
éclairs,correct
availle,incorrect
battent,correct
viteurs,incorrect
secrets,correct
complir,incorrect
comptes,correct
labande,incorrect
laboure,correct
trainsi,incorrect
brûlées,correct
réclare,incorrect
remuent,correct
moisins,incorrect
chammaï,correct
dérance,incorrect
arpaxad,correct
notabli,incorrect
remonte,correct
daccoum,incorrect
suffira,correct
saurore,incorrect
laurore,correct
cinquer,incorrect
séchera,correct
proprié,incorrect
protège,correct
gouvent,incorrect
appelez,correct
lendrai,incorrect
hadoram,correct
hachons,incorrect
laveras,correct
sattent,incorrect
bilehan,correct
lendrez,incorrect
maudits,correct
tentent,incorrect
tombées,correct
distres,incorrect
allumée,correct
rattres,incorrect
refuses,correct
guerche,incorrect
prenons,correct
cettent,incorrect
envoyez,correct
homment,incorrect
habitée,correct
materne,incorrect
lenlève,correct
nouvent,incorrect
étables,correct
terrent,incorrect
livrent,correct
verrant,incorrect
découpe,correct
paratil,incorrect
parents,correct
hontent,incorrect
frappés,correct
dattent,incorrect
aliment,correct
réconce,incorrect
temples,correct
recomme,incorrect
gagnons,correct
domesse,incorrect
chiftan,correct
recoués,incorrect
mariées,correct
bonnent,incorrect
annéelà,correct
fabrisé,incorrect
luttera,correct
mempête,incorrect
déplaît,correct
sachent,incorrect
marteau,correct
honnent,incorrect
hauteur,correct
auronne,incorrect
médecin,correct
sistera,incorrect
déguise,correct
sillage,incorrect
arrosée,correct
bellelà,incorrect
amènele,correct
tendeur,incorrect
prêteur,correct
nourrez,incorrect
ordonne,correct
détacha,incorrect
allonsy,correct
dystres,incorrect
izrahia,correct
assieds,incorrect
rachète,correct
lenseil,incorrect
memmène,correct
forteur,incorrect
forment,correct
apparti,incorrect
annonce,correct
ellessé,incorrect
croisés,correct
tachant,incorrect
dormons,correct
aujourd,incorrect
demandé,correct
léglige,incorrect
libérer,correct
releveu,incorrect
remplit,correct
lespons,incorrect
chauffe,correct
vaudrais,incorrect
vaudrait,correct
compents,incorrect
comparer,correct
autorite,incorrect
autorité,correct
paration,incorrect
paraître,correct
vivreras,incorrect
servirai,correct
autourné,incorrect
conduits,correct
allaisse,incorrect
allumant,correct
violemme,incorrect
écartons,correct
lunivera,incorrect
réveillé,correct
résultes,incorrect
révoltes,correct
branceté,incorrect
frappent,correct
extérile,incorrect
hésitent,correct
méprison,incorrect
emmènera,correct
horrigés,incorrect
étendues,correct
damourir,incorrect
dattaque,correct
églisera,incorrect
éloignée,correct
palaisse,incorrect
fatigués,correct
compense,incorrect
consulte,correct
gouvelle,incorrect
gouverne,correct
salaissé,incorrect
préparer,correct
hiviteur,incorrect
admirent,correct
sonniers,incorrect
chekania,correct
compagné,incorrect
complets,correct
retouele,incorrect
jetteras,correct
chaquent,incorrect
apportés,correct
hommette,incorrect
habitude,correct
chaînent,incorrect
guettent,correct
chrétiez,incorrect
regarder,correct
refusaie,incorrect
rejetant,correct
couragés,incorrect
autorise,correct
aléments,incorrect
dizaines,correct
apparais,incorrect
arrêtent,correct
yossadaï,incorrect
réalisés,correct
auronnes,incorrect
palmiers,correct
sauverne,incorrect
supprime,correct
chabrité,incorrect
chebouel,correct
terrière,incorrect
huitième,correct
làhautel,incorrect
bloquent,correct
tristera,incorrect
produira,correct
jériches,incorrect
explique,correct
hommence,incorrect
écrasant,correct
tachette,incorrect
dévorent,correct
hommencé,incorrect
resteras,correct
samarade,incorrect
diminuer,correct
sapperas,incorrect
couperas,correct
taxerxès,incorrect
cavalier,correct
lourdhui,incorrect
fragiles,correct
véritait,incorrect
arrivées,correct
jourdhui,incorrect
obéissez,correct
tablient,incorrect
cacherai,correct
tournais,incorrect
poussant,correct
faiterez,incorrect
èchetaol,correct
quittend,incorrect
touchera,correct
espérang,incorrect
disciple,correct
nabandes,incorrect
rattrapé,correct
sombreux,incorrect
coléreux,correct
femmence,incorrect
instants,correct
nuagesse,incorrect
éveillés,correct
souvelle,incorrect
prophète,correct
réconcis,incorrect
couronne,correct
villeurs,incorrect
avantage,correct
étranque,incorrect
yefounné,correct
ordresse,incorrect
insultes,correct
nouvenus,incorrect
parleras,correct
mécheurs,incorrect
tiendrai,correct
jamaison,incorrect
enlèvent,correct
extraire,incorrect
lhonorer,correct
quantion,incorrect
quatorze,correct
apprimes,incorrect
changera,correct
réclarés,incorrect
bouillir,correct
grandent,incorrect
chanteur,correct
restruis,incorrect
montures,correct
zattouch,incorrect
bethaven,correct
mikmétal,incorrect
délivrés,correct
successe,incorrect
machines,correct
sapprime,incorrect
hammouel,correct
nourront,incorrect
renvoyer,correct
pécheras,incorrect
attendue,correct
philisée,incorrect
nhésitez,correct
allantez,incorrect
profitez,correct
arsabbaï,incorrect
sopposer,correct
merciant,incorrect
découvre,correct
touterez,incorrect
rendezle,correct
maisonne,incorrect
recouvre,correct
patrotha,incorrect
labourer,correct
annivera,incorrect
arrosées,correct
lentions,incorrect
courront,correct
tournail,incorrect
guittaïm,correct
enlevais,incorrect
manquons,correct
victions,incorrect
visibles,correct
sécroupe,incorrect
proverbe,correct
offrayés,incorrect
montrait,correct
lèventre,incorrect
ptolémée,correct
dhanneau,incorrect
district,correct
astingue,incorrect
levaient,correct
montagez,incorrect
remplies,correct
ellentre,incorrect
rassurés,correct
femmense,incorrect
envoyant,correct
donniers,incorrect
tranches,correct
gaharéhel,incorrect
tahanites,correct
magnifier,incorrect
certaines,correct
lontagnes,incorrect
bénéfices,correct
doiventre,incorrect
détestent,correct
méchanger,incorrect
méchantes,correct
réponduit,incorrect
répondrai,correct
crétoiles,incorrect
linnocent,correct
narrivers,incorrect
réalisera,correct
magiciers,incorrect
religieux,correct
couragers,incorrect
couvrirez,correct
derriture,incorrect
favorable,correct
contagnes,incorrect
branlante,correct
moabitant,incorrect
madianite,correct
réunition,incorrect
supposons,correct
esclavent,incorrect
regardent,correct
guibetour,incorrect
précieuse,correct
prendroit,incorrect
prendrons,correct
déservice,incorrect
annoncent,correct
écrasezla,incorrect
chanteurs,correct
chebassis,incorrect
dannoncer,correct
ammoniens,incorrect
injustice,correct
manquiets,incorrect
visiteurs,correct
réservice,incorrect
reconnais,correct
lhommencé,incorrect
emportera,correct
devenimer,incorrect
mangerons,correct
bagagesse,incorrect
préparées,correct
plombreux,incorrect
développe,correct
telligent,incorrect
sarrêtent,correct
clouestce,incorrect
hérodiade,correct
souffrand,incorrect
reprocher,correct
destruits,incorrect
solutions,correct
volonneur,incorrect
fatiguent,correct
israélité,incorrect
philippes,correct
arrachets,incorrect
inspecter,correct
chanteste,incorrect
changerai,correct
choisième,incorrect
éliféleth,correct
seigneras,incorrect
seigneurs,correct
brûlentre,incorrect
interdire,correct
étaientôt,incorrect
montrerez,correct
valeurent,incorrect
délivrant,correct
hourageux,incorrect
fabriqués,correct
conseigne,incorrect
élisabeth,correct
sopposons,incorrect
sassoient,correct
faséliers,incorrect
lensemble,correct
effrancer,incorrect
assyriens,correct
bêtiserai,incorrect
détestera,correct
quavances,incorrect
parfumées,correct
trouvelle,incorrect
verraient,correct
teigneurs,incorrect
nemportez,correct
placelets,incorrect
croyaient,correct
alloniens,incorrect
intérieur,correct
travaient,incorrect
frapperai,correct
nabattant,incorrect
nadorerez,correct
mettrapes,incorrect
vaincrons,correct
agitatias,incorrect
bâtiments,correct
célébreux,incorrect
annoncera,correct
souvernée,incorrect
savancera,correct
corribles,incorrect
provoquer,correct
établessé,incorrect
conseillé,correct
réussitôt,incorrect
tremblant,correct
sychariot,incorrect
dhabitude,correct
timagicie,incorrect
héliodore,correct
commentlà,incorrect
appelezle,correct
ascaliers,incorrect
lofficier,correct
prisation,incorrect
charrette,correct
raissants,incorrect
terribles,correct
poussitôt,incorrect
attendant,correct
retroupez,incorrect
ramèneras,correct
laissance,incorrect
redevenue,correct
yeroubath,incorrect
manquerez,correct
coloniens,incorrect
mangeoire,correct
diacrerai,incorrect
pratiquer,correct
famillent,incorrect
savancent,correct
embreuses,incorrect
antipater,correct
examinent,incorrect
déportera,correct
adamandes,incorrect
chouettes,correct
entiochus,incorrect
enseignes,correct
étransent,incorrect
lautruche,correct
prendents,incorrect
habitudes,correct
nourrassé,incorrect
souhaitez,correct
papierres,incorrect
éléphants,correct
sponsable,incorrect
séchapper,correct
barquable,incorrect
sincliner,correct
plantagne,incorrect
prononcer,correct
propherne,incorrect
tarracher,correct
hommentlà,incorrect
paroleslà,correct
demandale,incorrect
davantage,correct
auquencez,incorrect
étendards,correct
existarque,incorrect
séparation,correct
deviennemi,incorrect
deviendrai,correct
capablessé,incorrect
délivrerai,correct
reviennemi,incorrect
retournera,correct
capitaient,incorrect
capitaines,correct
fidélivrer,incorrect
supérieure,correct
benammélek,incorrect
caractères,correct
réparaître,incorrect
participer,correct
villagesse,incorrect
pourriture,correct
autourents,incorrect
trompettes,correct
esclavenir,incorrect
demanderai,correct
apparation,incorrect
plantation,correct
dadorentre,incorrect
nabandonne,correct
discuteras,incorrect
jarrêterai,correct
pensembler,incorrect
décourages,correct
généraille,incorrect
accompagne,correct
malécitent,incorrect
respectent,correct
penservice,incorrect
découvrent,correct
familleurs,incorrect
fabriquées,correct
réponsable,incorrect
comptaient,correct
perminékeb,incorrect
remercions,correct
lamourront,incorrect
essaieront,correct
ministrict,incorrect
désignerai,correct
frappelles,incorrect
supportera,correct
regardiens,incorrect
tremblants,correct
jalousieur,incorrect
population,correct
arriventré,incorrect
commencera,correct
citharesse,incorrect
éfraïmites,correct
détruitier,incorrect
répondront,correct
méchappelé,incorrect
ismaélites,correct
pendanceté,incorrect
purifierez,correct
provoqueux,incorrect
posséderas,correct
mauvagesse,incorrect
manquaient,correct
loffrances,incorrect
rassemblez,correct
couronnera,incorrect
commandent,correct
dorgueille,incorrect
indulgents,correct
effrandits,incorrect
attrapezle,correct
auparation,incorrect
réputation,correct
devinetofa,incorrect
jarroserai,correct
militaient,incorrect
attaquerez,correct
anciennemi,incorrect
tremblerez,correct
foisciples,incorrect
approchent,correct
grandition,incorrect
commettiez,correct
libérékias,incorrect
allonsnous,correct
maisonnier,incorrect
chanteuses,correct
renservice,incorrect
trompaient,correct
débarreste,incorrect
mattaquent,correct
passembres,incorrect
renversais,correct
moffrancer,incorrect
rehobothir,correct
améliodore,incorrect
dhéliodore,correct
hittituées,incorrect
examineras,correct
audessuyés,incorrect
nentreront,correct
adoransent,incorrect
réserverez,correct
devenantes,incorrect
rencontrez,correct
brûlentrer,incorrect
combattent,correct
innouilles,incorrect
réveillera,correct
méritables,incorrect
philistine,correct
péchetezle,incorrect
lointaines,correct
nibechants,incorrect
chypriotes,correct
linondamné,incorrect
descendant,correct
entestions,incorrect
constatent,correct
inondamner,incorrect
denchémech,correct
territures,incorrect
despérance,correct
autruction,incorrect
parcourues,correct
pécherchés,incorrect
attentives,correct
trésonnant,incorrect
sagrandira,correct
immençants,incorrect
vieillards,correct
bethlebani,incorrect
danciennes,correct
puissenter,incorrect
riendutout,correct
lécartenir,incorrect
peuventils,correct
dapportants,incorrect
lapprennent,correct
préveillité,incorrect
distribuent,correct
jarriventre,incorrect
dimportance,correct
pendantions,incorrect
baptisezles,correct
nécessemble,incorrect
déportation,correct
approuvelle,incorrect
accusations,correct
décisiongue,incorrect
narrêteront,correct
fondémentlà,incorrect
proposition,correct
réponsacrée,incorrect
commerçants,correct
yéchouhaits,incorrect
accompagnée,correct
trembourent,incorrect
deviendront,correct
arriventrer,incorrect
reviendrons,correct
tabliraisse,incorrect
narriverais,correct
miennentrer,incorrect
cadèsbarnéa,correct
provincette,incorrect
zabulonites,correct
hommenseils,incorrect
compliquées,correct
restentions,incorrect
boulangères,correct
humainsiste,incorrect
obéissaient,correct
sattaquelle,incorrect
distribuant,correct
résencentir,incorrect
débarrassés,correct
cettentiers,incorrect
fouilleront,correct
secrétoiles,incorrect
changements,correct
coffrangent,incorrect
spécialiste,correct
cettentions,incorrect
limpression,correct
tehinnocent,incorrect
précédentes,correct
parvadition,incorrect
épouvantail,correct
profondation,incorrect
profondément,correct
connanterdit,incorrect
bouleversent,correct
violentourne,incorrect
présentation,correct
reparticulté,incorrect
reconnaissez,correct
maudirection,incorrect
reconstruire,correct
compensemble,incorrect
entraînerons,correct
vaincroyaume,incorrect
souviendront,correct
promissantée,incorrect
reconnaîtras,correct
pensemblancs,incorrect
malédictions,correct
empêchenille,incorrect
gratuitement,correct
demandesyrie,incorrect
lentouraient,correct
dépassemblez,incorrect
soutiendront,correct
commensonges,incorrect
hautegalilée,correct
réponseigner,incorrect
yochebécacha,correct
vouleverrain,incorrect
surveillance,correct
pommensonges,incorrect
maccompagner,correct
jamaisonnier,incorrect
chimronmeron,correct
commensemble,incorrect
sourichaddaï,correct
voisissarela,incorrect
conversation,correct
