stimulus,correct_answer
soil,incorrect
folt,correct
ghan,incorrect
foyd,correct
shym,incorrect
vess,correct
naig,incorrect
rosh,correct
leod,incorrect
soor,correct
hoil,incorrect
laan,correct
ones,incorrect
aber,correct
shub,incorrect
veck,correct
drome,incorrect
droor,correct
neuyn,incorrect
baiht,correct
doost,incorrect
doogh,correct
deryn,incorrect
derym,correct
toyrt,incorrect
ramah,correct
eebyn,incorrect
mitre,correct
vooin,incorrect
zohar,correct
attee,incorrect
ceaut,correct
roost,incorrect
poost,correct
firyn,incorrect
creck,correct
bedee,incorrect
bezek,correct
shagh,incorrect
chlea,correct
ommyd,incorrect
ostyl,correct
ayree,incorrect
huilk,correct
geear,incorrect
paagh,correct
tayrt,incorrect
assyd,correct
zebub,incorrect
faiyr,correct
ryche,incorrect
skian,correct
duirr,incorrect
guirr,correct
liarg,incorrect
gatam,correct
lheam,incorrect
breid,correct
veryn,incorrect
shohn,correct
ersha,incorrect
meayl,correct
seagh,incorrect
gaase,correct
nehes,incorrect
adder,correct
immag,incorrect
feayn,correct
noard,incorrect
ghell,correct
dheay,incorrect
segub,correct
willey,incorrect
oghsan,correct
falloo,incorrect
bobble,correct
fyrryd,incorrect
figgyn,correct
booish,incorrect
jalloo,correct
masoon,incorrect
vadran,correct
naigyn,incorrect
torrym,correct
niurid,incorrect
pastyr,correct
baghyn,incorrect
messyn,correct
markey,incorrect
markee,correct
doayrt,incorrect
lowyms,correct
geaish,incorrect
moidyn,correct
mainsh,incorrect
feddan,correct
ymmoil,incorrect
obbrit,correct
erooid,incorrect
nemuel,correct
varkey,incorrect
fencit,correct
bwoaie,incorrect
ruggey,correct
thooie,incorrect
brisht,correct
tannal,incorrect
chouds,correct
ashley,incorrect
reamys,correct
ooragh,incorrect
meiygh,correct
inceyn,incorrect
zilpah,correct
vainsh,incorrect
mannym,correct
jinnit,incorrect
molley,correct
claase,incorrect
slaynt,correct
gaghyn,incorrect
filley,correct
toshey,incorrect
eiyree,correct
zephan,incorrect
imbagh,correct
bithyn,incorrect
bichri,correct
beggal,incorrect
beisht,correct
jaghey,incorrect
zaccur,correct
naghey,incorrect
zuriel,correct
gannoo,incorrect
cowrit,correct
misper,incorrect
curmit,correct
flooyn,incorrect
purple,correct
bunnee,incorrect
streeu,correct
calmai,incorrect
fyrryn,correct
phaven,incorrect
jirgid,correct
naghyn,incorrect
lioree,correct
brooid,incorrect
geulit,correct
shaash,incorrect
margee,correct
marryd,incorrect
markal,correct
bethon,incorrect
mainyn,correct
coggyn,incorrect
hullad,correct
bunrys,incorrect
viljyn,correct
hophar,incorrect
lattys,correct
giarib,incorrect
saueee,correct
jallyn,incorrect
keayrt,correct
jerick,incorrect
lhaynt,correct
feaysh,incorrect
phrice,correct
sheein,incorrect
sheelt,correct
barbaa,incorrect
baruch,correct
ryghey,incorrect
oaldey,correct
shebez,incorrect
shelah,correct
neuagh,incorrect
feegan,correct
eishey,incorrect
screoi,correct
daghee,incorrect
cowree,correct
chooir,incorrect
lheids,correct
ghours,incorrect
jehudi,correct
sheead,incorrect
baalah,correct
toshil,incorrect
vreear,correct
neenyn,incorrect
lhigym,correct
firrey,incorrect
lhiass,correct
cheean,incorrect
sheear,correct
mygeay,incorrect
tooill,correct
fliagh,incorrect
gastey,correct
bleean,incorrect
bynney,correct
ashlit,incorrect
erlesh,correct
lagher,incorrect
ribbeh,correct
firrin,incorrect
curtan,correct
chalet,incorrect
beamyn,correct
kynnee,incorrect
porter,correct
mraant,incorrect
smaght,correct
chiams,incorrect
inshym,correct
chooil,incorrect
queeyl,correct
ushter,incorrect
zeboim,correct
froggal,incorrect
oliveyn,correct
phrates,incorrect
lheamys,correct
eeaneyn,incorrect
moghrey,correct
orriney,incorrect
orrinyn,correct
droghit,incorrect
scughit,correct
gheddyr,incorrect
farrane,correct
boghtoo,incorrect
keeshyn,correct
shassyn,incorrect
shaghyn,correct
veaghyn,incorrect
lhongyn,correct
gheddin,incorrect
zabulon,correct
theihys,incorrect
voghtyn,correct
jeeltys,incorrect
chemmal,correct
loshtyn,incorrect
sauchey,correct
giastyr,incorrect
synrick,correct
sniagyn,incorrect
cedaryn,correct
geshuah,incorrect
adeyrys,correct
braghys,incorrect
jarrood,correct
clattyn,incorrect
oieghyn,correct
buirree,incorrect
glennid,correct
tashtyn,incorrect
maigney,correct
cowragh,incorrect
towshan,correct
cliaght,incorrect
vriaght,correct
hroggit,incorrect
giattey,correct
moandey,incorrect
gabriel,correct
mooinyn,incorrect
brasnit,correct
shirgid,incorrect
shirrys,correct
yiallys,incorrect
fuirree,correct
dorragh,incorrect
treisht,correct
veigagh,incorrect
chadley,correct
pillagh,incorrect
obbragh,correct
chillyn,incorrect
chingey,correct
zaanagh,incorrect
basonyn,correct
bangley,incorrect
looghyn,correct
veayney,incorrect
merchys,correct
trooise,incorrect
voallit,correct
neughyn,incorrect
dewilys,correct
yeulagh,incorrect
hadoram,correct
cooinyn,incorrect
geillyn,correct
treaney,incorrect
baggyrt,correct
jengagh,incorrect
tappuah,correct
kiartal,incorrect
keeayll,correct
trimshi,incorrect
cowreyn,correct
chadjer,incorrect
jehovah,correct
colhiat,incorrect
gronney,correct
bashtal,incorrect
dtannym,correct
shooney,incorrect
chirree,correct
vayrtyn,incorrect
hayrtyn,correct
kedemas,incorrect
hushtey,correct
lioonee,incorrect
trostey,correct
hroanyn,incorrect
doonlee,correct
kialtar,incorrect
phaagey,correct
clagher,incorrect
giareyn,correct
honnica,incorrect
hooills,correct
cheddyn,incorrect
maynrey,correct
hoshtyn,incorrect
hoshtal,correct
tashtal,incorrect
taaghey,correct
biallyn,incorrect
cronnal,correct
joarrey,incorrect
kadmiel,correct
sherick,incorrect
shebuel,correct
dreamyn,incorrect
fuinney,correct
naardee,incorrect
moyllee,correct
ghorter,incorrect
ghlioon,correct
oaldean,incorrect
sayntyn,correct
sheesht,incorrect
kialgyn,correct
hoardey,incorrect
soylley,correct
chruinn,incorrect
chruint,correct
izharim,incorrect
jupiter,correct
nylomar,incorrect
hattush,correct
noardey,incorrect
scapail,correct
erriney,incorrect
veshech,correct
unnanyn,incorrect
toiggit,correct
vreeant,incorrect
cronnit,correct
shamite,incorrect
phrygia,correct
rycheil,incorrect
bwaneyn,correct
freanee,incorrect
lhieent,correct
hreigym,incorrect
baghtal,correct
droghyn,incorrect
droggal,correct
errinyn,incorrect
messias,correct
sniaght,incorrect
vuirrin,correct
shickys,incorrect
goamrey,correct
oddagyn,incorrect
aghinyn,correct
kionney,incorrect
sheeoil,correct
foayrym,incorrect
chaggle,correct
beaghyn,incorrect
whuaagh,correct
jeantyn,incorrect
wooiagh,correct
doarder,incorrect
barrant,correct
bonneyn,incorrect
drappal,correct
cheshag,incorrect
thooill,correct
moirane,incorrect
daghyrt,correct
maardyn,incorrect
parnach,correct
braghyn,incorrect
lioryms,correct
iconias,incorrect
sgyerey,correct
asneeyn,incorrect
shymlit,correct
ahisagh,incorrect
pyshoon,correct
phasher,incorrect
phannag,correct
fealloo,incorrect
vroghey,correct
ooillee,incorrect
kionnee,correct
queeyms,incorrect
chleayn,correct
paartys,incorrect
booiagh,correct
hooarey,incorrect
cooatyn,correct
chapper,incorrect
troailt,correct
biallat,incorrect
gederah,correct
phobbee,incorrect
phillar,correct
eishtey,incorrect
yuilley,correct
fuillar,incorrect
streean,correct
gloyral,incorrect
eleasah,correct
tuittys,incorrect
vinegar,correct
mooaral,incorrect
getlagh,correct
naghtit,incorrect
creggey,correct
hooaran,incorrect
eliphal,correct
ooillym,incorrect
quingyn,correct
ynrickey,incorrect
ynsaghey,correct
taarnane,incorrect
talentyn,correct
streeuyn,incorrect
geearree,correct
girreeyn,incorrect
moidynyn,correct
gleebyrt,incorrect
blaystal,correct
vaskadyn,incorrect
labreeyn,correct
vriaghey,incorrect
stiurtyn,correct
feyshtey,incorrect
roauyrey,correct
feeiteil,incorrect
chaarjyn,correct
leaghnit,incorrect
heaghney,correct
clashtyr,incorrect
ostyllys,correct
tushteil,incorrect
ouralley,correct
foshlish,incorrect
kesmadyn,correct
beishtey,incorrect
baskadyn,correct
parbarim,incorrect
moandagh,correct
lhieggan,incorrect
lhieggey,correct
jerickys,incorrect
heurinyn,correct
rycheill,incorrect
yosedech,correct
gosheese,incorrect
mahalath,correct
ooraghyn,incorrect
lhuingys,correct
meeriagh,incorrect
golgotha,correct
chiannoo,incorrect
chamelyn,correct
myneesht,incorrect
bethpeor,correct
yannooit,incorrect
livreyee,correct
dunverym,incorrect
blashtyn,correct
ashooney,incorrect
kibbinyn,correct
chraghyn,incorrect
assyrian,correct
lhemesht,incorrect
nyneesht,correct
corneish,incorrect
ferroogh,correct
aasaghey,incorrect
bwoalley,correct
ailaghyn,incorrect
brinceyn,correct
dinshtyn,incorrect
tushtagh,correct
offishey,incorrect
azmaveth,correct
doghanys,incorrect
doardeen,correct
dinshley,incorrect
sleitagh,correct
orrystoo,incorrect
lhiegyms,correct
rakkatan,incorrect
adonikam,correct
sinshtey,incorrect
gliooney,correct
lioagagh,incorrect
casluhim,correct
seaghtoo,incorrect
moghrish,correct
fendeish,incorrect
question,correct
rechione,incorrect
phlaiynt,correct
kenitess,incorrect
fasseeym,correct
ninshtyn,incorrect
jiooldey,correct
barsabad,incorrect
greoghey,correct
meeviall,incorrect
meeaghyn,correct
aggairys,incorrect
greinnit,correct
loayrtey,incorrect
fardalys,correct
dinshtey,incorrect
oaseiryn,correct
vaskairt,incorrect
lhuingey,correct
ooashlit,incorrect
pheccagh,correct
sophehad,incorrect
thyatira,correct
varrison,incorrect
treigeil,correct
saualtar,incorrect
hreigeil,correct
streebey,incorrect
strimmey,correct
deyshtit,incorrect
gaptanyn,correct
ashooyrt,incorrect
tayrnyms,correct
elleeney,incorrect
stroshey,correct
shemarit,incorrect
chappans,correct
ryhoieym,incorrect
skeaylym,correct
derreilt,incorrect
vrisheyn,correct
saaghtyn,incorrect
cleaynit,correct
atheayll,incorrect
sniessey,correct
jallooin,incorrect
soilshit,correct
chooisal,incorrect
chooinys,correct
chiaghey,incorrect
hoshaiah,correct
vecheyoo,incorrect
vailleil,correct
cheillym,incorrect
chryssey,correct
goayrtey,incorrect
yeeilley,correct
kartanse,incorrect
vynneeyn,correct
mygeayee,incorrect
zemarite,correct
ghooghyn,incorrect
firobbee,correct
beaghnit,incorrect
keyrragh,correct
chaghtyn,incorrect
phalchey,correct
marishyn,incorrect
feayshil,correct
lionteyn,incorrect
geayghyn,correct
astyllyn,incorrect
chretoor,correct
dooyrtys,incorrect
skeaylit,correct
chiantyn,incorrect
chaitnys,correct
stiaghey,incorrect
atchimyn,correct
nahalath,incorrect
phersoon,correct
erlheead,incorrect
temanite,correct
hazarsus,incorrect
telmelah,correct
dooinjer,incorrect
dtaigney,correct
ennaghey,incorrect
creoghys,correct
doardius,incorrect
binshley,correct
nagheryn,incorrect
vrooinyn,correct
lagheynn,incorrect
blaaseyn,correct
goaillit,incorrect
brishyms,correct
aarlaryn,incorrect
cinnamon,correct
dymmydan,incorrect
ghientyn,correct
ynrickyn,incorrect
zemaraim,correct
stronney,incorrect
sheeidey,correct
fegooise,incorrect
eeacklyn,correct
hoiagher,incorrect
spreihym,correct
veeinite,incorrect
sheiltyn,correct
cheaylyn,incorrect
veiyghey,correct
nehemoth,incorrect
erooilit,correct
neeshtey,incorrect
croutagh,correct
chiartal,incorrect
screebey,correct
risheese,incorrect
chroghey,correct
ouraaney,incorrect
ommijagh,correct
dooyrtee,incorrect
eaishtys,correct
unnaneyn,incorrect
hellooyn,correct
chiartan,incorrect
ghooisht,correct
vraanagh,incorrect
sniemmit,correct
ooillish,incorrect
fysseree,correct
chiannyn,incorrect
shimshai,correct
chlaagail,incorrect
chlaasagh,correct
louraneyn,incorrect
louraanys,correct
ereiyryms,incorrect
jebballyn,correct
follianyn,incorrect
zephaniah,correct
vondeilee,incorrect
calmaneyn,correct
vainshtyn,incorrect
vaarderys,correct
phrodiana,incorrect
hashoonee,correct
skeayrtey,incorrect
ommydanyn,correct
snappeeys,incorrect
centurion,correct
fegooisal,incorrect
bochillyn,correct
cairaghyn,incorrect
glaraghyn,correct
kemmyrkey,incorrect
pamphylia,correct
ercoontey,incorrect
mymmyrkey,correct
folleeney,incorrect
follaghey,correct
choshiarn,incorrect
chesmadyn,correct
rastaghey,incorrect
coodaghey,correct
ghoailley,incorrect
obbraghey,correct
chymmodee,incorrect
ernynskyn,correct
injillagh,incorrect
zarhiteyn,correct
stiaghtoo,incorrect
oltooanit,correct
byhaitnyn,incorrect
fudnyhoie,correct
eisheanse,incorrect
jymmyltee,correct
stiaghtyn,incorrect
cleayshyn,correct
chebaniah,incorrect
chenaniah,correct
ershaghey,incorrect
boandyrys,correct
dtannaght,incorrect
volteyrys,correct
choamragh,incorrect
chirveish,correct
fochossyn,incorrect
moabiteyn,correct
denmyssid,incorrect
bulwarkyn,correct
ermooinyn,incorrect
gosnaghey,correct
vondeiley,incorrect
cowraghey,correct
vaaishnys,incorrect
ynseydagh,correct
zidonikam,incorrect
persoonyn,correct
ghlennick,incorrect
maarderee,correct
sooilleil,incorrect
scollagyn,correct
reeaghnit,incorrect
feeacklyn,correct
gummallys,incorrect
timotheus,correct
arryneesh,incorrect
arryltagh,correct
paitcheet,incorrect
mannaghey,correct
myechiarn,incorrect
areopagus,correct
reeoiltyn,incorrect
thammagyn,correct
ooashlagh,incorrect
haualtagh,correct
charrinyn,incorrect
shellooyn,correct
ghoaillyn,incorrect
vreaylley,correct
creeriagh,incorrect
lurgaghyn,correct
cherraght,incorrect
chappeeys,correct
pillageyn,incorrect
zacharias,correct
princense,incorrect
seaghnagh,correct
keayneesh,incorrect
kiaralagh,correct
ghellooin,incorrect
sarryltee,correct
firchiarn,incorrect
brimstone,correct
jimmeigyn,incorrect
breagerey,correct
bleeanlee,incorrect
snapperal,correct
chooinjer,incorrect
chassanyn,correct
cheddinyn,incorrect
folmaghey,correct
stiaghtyr,incorrect
spooillee,correct
sheeshtal,incorrect
chooishyn,correct
cheshelah,incorrect
undaagagh,correct
tophathah,incorrect
taggyrtys,correct
innethite,incorrect
ghedaliah,correct
cammyssit,incorrect
sleaystyn,correct
gushtemoa,incorrect
slheeasid,correct
bwoaiaght,incorrect
bwoaillym,correct
custerith,incorrect
mahliteyn,correct
firchooid,incorrect
gialdynys,correct
chooilliu,incorrect
voghtynid,correct
faageyder,incorrect
lossreeyn,correct
cheerreyn,incorrect
baillhieu,correct
ynnyreeyn,incorrect
bethgader,correct
gykionney,incorrect
bathsheba,correct
kerraghys,incorrect
bannaghey,correct
chiaddeus,incorrect
aignaghyn,correct
asuphamir,incorrect
soylaghey,correct
barbathie,incorrect
goodaghey,correct
chooillin,incorrect
cliaghtey,correct
doooalleyn,incorrect
meehushtee,correct
vishaghtyn,incorrect
rycheilley,correct
chemmyrkey,incorrect
chabbaneyn,correct
taboraghyn,incorrect
mylomarcan,correct
ershaghtoo,incorrect
shanstyryn,correct
chymmyrkey,incorrect
nethinimee,correct
kynneyveyl,incorrect
biljynpalm,correct
toshiaghey,incorrect
coyrlaghey,correct
mainshteil,incorrect
herodianee,correct
slattaghey,incorrect
buillaghyn,correct
thallooyrt,incorrect
pryssooney,correct
eeastaghey,incorrect
garrisonyn,correct
cheshaghey,incorrect
kirjathaim,correct
freggyrtyn,incorrect
noanluckey,correct
hoshiaghey,incorrect
nobbraghey,correct
neayrtymoo,incorrect
quallianyn,correct
dooinaghyn,incorrect
craidoilee,correct
gashittite,incorrect
scoltaghyn,correct
garleodagh,incorrect
ainjyssagh,correct
dreggyrtyn,incorrect
ammoniteyn,correct
threeaghyn,incorrect
stroialtys,correct
phrincense,incorrect
chleayshyn,correct
mwannaghys,incorrect
surranseyn,correct
greinnaght,incorrect
heelogheyn,correct
foshiaghey,incorrect
hashtaghyn,correct
foshlinnys,incorrect
brynneragh,correct
ghorteeast,incorrect
garveigagh,correct
mygeayrtey,incorrect
chooilleen,correct
dooinaghey,incorrect
claasaghyn,correct
vaynryskyn,incorrect
naareydagh,correct
seaghyrtyn,incorrect
streeughyn,correct
chashtyryn,incorrect
veeinaghey,correct
chianglane,incorrect
lheimyragh,correct
stiaghtagh,incorrect
vodjallagh,correct
mychionney,incorrect
irchoyrlee,correct
foiljaghey,incorrect
coeiraghyn,correct
feallageyn,incorrect
firchoonee,correct
vishaghryn,incorrect
alexandria,correct
vanglaghyn,incorrect
braceletyn,correct
choadeyrys,incorrect
smalyderyn,correct
ephratchim,incorrect
sfardalagh,correct
ynrickyrys,incorrect
mattithiah,correct
moylleeney,incorrect
doaltattym,correct
keyrraghys,incorrect
varchantys,correct
beccaghlit,incorrect
rylhiattee,correct
shuitteryn,incorrect
phasheyder,correct
chassoonee,incorrect
neuvessoil,correct
fegooishyn,incorrect
shaghrynee,correct
cashericho,incorrect
dreishteil,correct
strosheesh,incorrect
sliennooit,correct
chopperald,incorrect
chombaasal,correct
entreigeil,incorrect
ghunnallys,correct
orderaghyn,incorrect
vrooillagh,correct
sharvaalim,incorrect
vaarderagh,correct
shilleenid,incorrect
bolvaneagh,correct
eishteilys,incorrect
freaylleyn,correct
nagherragh,incorrect
feayraghey,correct
toiggaghyn,incorrect
chinnereth,correct
frankinceyn,incorrect
perizziteyn,correct
haualtattyn,incorrect
trumpeteryn,correct
clashtaghyn,incorrect
psaltereeyn,correct
stuilleeney,incorrect
dtinneyveyl,correct
threeaghney,incorrect
stroialtagh,correct
preacheiney,incorrect
craidoilagh,correct
schleaysley,incorrect
gibeoniteyn,correct
benhappeeys,incorrect
shaalbonite,correct
gynneraggle,incorrect
lieenteenyn,correct
messoilshit,incorrect
ghloyraghey,correct
troggyssagh,incorrect
choyrlaghey,correct
anmeeniteyn,incorrect
vainshteryn,correct
ymmoosaghey,incorrect
yiennaghtyn,correct
feyynlaasit,incorrect
chionnaghey,correct
nooghymsagh,incorrect
feaillaghyn,correct
cheshaghryn,incorrect
shiolteyryn,correct
fudnyhanmey,incorrect
firchoyrlee,correct
elleeraggle,incorrect
voirsyleigh,correct
toiggindagh,incorrect
bayrncaggee,correct
choleaysley,incorrect
gooilleeney,correct
kionesimoth,incorrect
beealeraght,correct
ervannaghee,incorrect
pomegranate,correct
smooinaghey,incorrect
huyrsyleigh,correct
farliaghtal,incorrect
hieynvaghee,correct
bleeanleeney,incorrect
kadeshbarnea,correct
gykiongoyrle,incorrect
irvooinjerey,correct
inkhornelius,incorrect
babylonianee,correct
doardreeyney,incorrect
ginjillaghey,correct
ardvalleeney,incorrect
ninjillaghey,correct
casherraghyn,incorrect
shillemiteyn,correct
thallooinjer,incorrect
gliaghtaghyn,correct
gymmylteenyn,incorrect
droghchorrym,correct
aggairyssagh,incorrect
neuphossible,correct
fuilleeideyn,incorrect
parshandatha,correct
chirherebiah,incorrect
kiarkrhennee,correct
ooilleyderys,incorrect
chaghlaaghyn,correct
ephrasherich,incorrect
geyshteenagh,correct
