stimulus,correct_answer
שיבו,incorrect
יבנה,correct
שונו,incorrect
ועמל,correct
ולחי,incorrect
בשפר,correct
יעוד,incorrect
בלחי,correct
ירוש,incorrect
שיתו,correct
כלדר,incorrect
אתפר,correct
עבוד,incorrect
ברגל,correct
יעמו,incorrect
ועדה,correct
ונתו,incorrect
ושמי,correct
הילו,incorrect
הורה,correct
הבתו,incorrect
ירפא,correct
הודי,incorrect
בעמי,correct
הריו,incorrect
ושלף,correct
תשקר,incorrect
באתם,correct
תתלה,incorrect
מחצב,correct
חוקק,incorrect
ישקו,correct
ללעד,incorrect
לגזז,correct
נדחת,incorrect
לנחם,correct
תעתע,incorrect
הזנו,correct
אלנו,incorrect
ואצם,correct
גזזי,incorrect
לחטא,correct
פגרי,incorrect
כנפי,correct
להיו,incorrect
מאחר,correct
תתלו,incorrect
מפקד,correct
החדל,incorrect
לחצו,correct
עדתי,incorrect
והפר,correct
ותני,incorrect
אילו,correct
זרחי,incorrect
שבות,correct
היקב,incorrect
אשפט,correct
פשטת,incorrect
מורי,correct
בינת,incorrect
וירש,correct
מקצת,incorrect
החרף,correct
הברי,incorrect
כבשי,correct
תפרי,incorrect
במסת,correct
כיהו,incorrect
ויכל,correct
בתיה,incorrect
ובכר,correct
שלמו,incorrect
כלמת,correct
וששו,incorrect
ותרם,correct
המצא,incorrect
וארד,correct
כלהו,incorrect
קרבת,correct
קהלו,incorrect
גערת,correct
בצנו,incorrect
יסתר,correct
ישוה,incorrect
משוה,correct
בטחי,incorrect
ינקש,correct
בעלו,incorrect
לכלב,correct
אקרב,incorrect
וספן,correct
הותי,incorrect
שררו,correct
יהלל,incorrect
עללב,correct
טובל,incorrect
ראשם,correct
העמדי,incorrect
נועדו,correct
מולדה,incorrect
יעודד,correct
יריעה,incorrect
בחלום,correct
להמלך,incorrect
המאות,correct
חלותם,incorrect
חרונם,correct
ואוהב,incorrect
ואופן,correct
מחלקו,incorrect
מקריב,correct
יורדו,incorrect
ממשלה,correct
ובעים,incorrect
וברעב,correct
יתמלך,incorrect
החדרה,correct
שוקים,incorrect
תבכרו,correct
מחסיה,incorrect
לחלות,correct
שיכות,incorrect
ונקדש,correct
והרמש,incorrect
והרמה,correct
תאכלה,incorrect
ליהוא,correct
ישקטה,incorrect
שנקבל,correct
ישאיש,incorrect
היתרת,correct
מהיטב,incorrect
למחיה,correct
ירדהו,incorrect
ברומא,correct
ומלוא,incorrect
במעדו,correct
נספרה,incorrect
וכהנה,correct
אלוהו,incorrect
אתרעך,correct
ונבקש,incorrect
ותבכו,correct
שבנות,incorrect
למרחק,correct
מלחיה,incorrect
ואחור,correct
מעברו,incorrect
למינו,correct
הנולי,incorrect
ובחמה,correct
שתראו,incorrect
הלבוש,correct
תאנתי,incorrect
ובשמך,correct
בלעמו,incorrect
בתלבן,correct
חזירו,incorrect
העברה,correct
היינה,incorrect
ישרתו,correct
אשרשש,incorrect
אשרלי,correct
למחוץ,incorrect
שאראה,correct
קלוני,incorrect
יקרבו,correct
ולנצח,incorrect
בעקצו,correct
משבתי,incorrect
ולהרס,correct
והאמר,incorrect
והעיד,correct
השריד,incorrect
ומדיו,correct
אתקרב,incorrect
אלנחל,correct
וימית,incorrect
וימלט,correct
קימתי,incorrect
נטיתי,correct
לפרחו,incorrect
ומבחר,correct
מכבדת,incorrect
ונכרי,correct
הורות,incorrect
וליום,correct
שרשים,incorrect
מתניך,correct
השבטי,incorrect
השבתי,correct
להיום,incorrect
מימים,correct
מליחו,incorrect
המבקש,correct
עבתוה,incorrect
אילון,correct
בניהן,incorrect
אשרבך,correct
מלכתך,incorrect
והנחם,correct
שבימי,incorrect
והללו,correct
יחשבה,incorrect
חפנים,correct
כראשו,incorrect
וראשו,correct
וגדים,incorrect
ורעתו,correct
וילים,incorrect
אתמתך,correct
קוצות,incorrect
שנולד,correct
רכילו,incorrect
וחטאה,correct
עוריך,incorrect
בשבתך,correct
חפשיה,incorrect
בלבבו,correct
חרבתי,incorrect
שבעבר,correct
עברהו,incorrect
לעשתה,correct
בקנאת,incorrect
בחבלי,correct
אלדבר,incorrect
וייטב,correct
ירדנה,incorrect
בארון,correct
ועלים,incorrect
בקשתם,correct
בנתיה,incorrect
רשאים,correct
שעתיך,incorrect
הרגום,correct
ויתחן,incorrect
כייבש,correct
מריאל,incorrect
ושנאה,correct
לעמדם,incorrect
מתנים,correct
אמצהו,incorrect
ומגוג,correct
שרצוה,incorrect
התערב,correct
קראנה,incorrect
ראונא,correct
ששמות,incorrect
עניתם,correct
ועבות,incorrect
ותרגז,correct
נצחתם,incorrect
החטיא,correct
אררים,incorrect
שקפים,correct
משושה,incorrect
מעונם,correct
רבטוב,incorrect
כלערי,correct
גרשתי,incorrect
כמוהם,correct
ושבעי,incorrect
בחצרי,correct
אםאחר,incorrect
מקראי,correct
פחותם,incorrect
אבתיך,correct
שמימה,incorrect
האריה,correct
הגבהה,incorrect
הגורם,correct
עלשלח,incorrect
ויספו,correct
החרשי,incorrect
בשובי,correct
פןאחת,incorrect
ממוצא,correct
שמוני,incorrect
ואשיב,correct
תקרית,incorrect
מעשהו,correct
לתקפו,incorrect
הפלתי,correct
אפקים,incorrect
אכפרה,correct
עמדהו,incorrect
איןלי,correct
האורב,incorrect
וירדת,correct
ליולד,incorrect
מעיים,correct
לדבור,incorrect
ילדבה,correct
ימכרם,incorrect
ועפרת,correct
בחלות,incorrect
הכינם,correct
שדימה,incorrect
הדביר,correct
להאלת,incorrect
להמסר,correct
הקשתה,incorrect
ומכוס,correct
ללויה,incorrect
הטבעת,correct
יחליק,incorrect
ותשלח,correct
כלעבד,incorrect
ואנשי,correct
מאכלך,incorrect
עדקצו,correct
ופגרי,incorrect
אזכיר,correct
אלשמן,incorrect
ויישם,correct
קשקשת,incorrect
הנקרא,correct
כיראי,incorrect
כיגדל,correct
בשערה,incorrect
בראשך,correct
ומשתק,incorrect
חרושה,correct
הלכנה,incorrect
ובאזב,correct
ואחדש,incorrect
ואשאל,correct
בניאש,incorrect
בנינה,correct
נשפכת,incorrect
והרסו,correct
הנבוא,incorrect
משכלת,correct
הישני,incorrect
להשבע,correct
ומביא,incorrect
ושריו,correct
הרכבר,incorrect
ימסרו,correct
וחדות,incorrect
וחנון,correct
אשפים,incorrect
היקדש,correct
ואולי,incorrect
אתשמה,correct
אתחטא,incorrect
ויפנו,correct
וכושי,incorrect
ומדדו,correct
יסחבו,incorrect
וגילו,correct
גאולה,incorrect
חסדיו,correct
אתגרע,incorrect
לאטלי,correct
פקדנו,incorrect
זקנכם,correct
אתקנא,incorrect
ואסבל,correct
ישנאה,incorrect
תשכחו,correct
המחתו,incorrect
והסנה,correct
אלאלו,incorrect
כליתם,correct
מלכדת,incorrect
והירח,correct
נקמתך,incorrect
לרוחה,correct
בענוך,incorrect
ויחלף,correct
האנשי,incorrect
ברגלי,correct
דםבני,incorrect
מבהיק,correct
אלתטש,incorrect
לאיפה,correct
צריהן,incorrect
תשמחו,correct
נמכרו,incorrect
הפילה,correct
וקבצת,incorrect
לגלות,correct
ומנער,incorrect
ונגלו,correct
מפרקת,incorrect
יתרחש,correct
ומעני,incorrect
ועלמי,correct
יספוס,incorrect
ופיהו,correct
הארצו,incorrect
פרשתי,correct
עולמי,incorrect
והיתה,correct
וריקו,incorrect
יאתיו,correct
כלקדש,incorrect
המפטם,correct
בגבור,incorrect
החזיק,correct
וישקה,incorrect
אתהיא,correct
מידים,incorrect
ערוכה,correct
מועדו,incorrect
בקולו,correct
יסודה,incorrect
כראוי,correct
לזכור,incorrect
הטיתם,correct
גדלנו,incorrect
אתכוס,correct
הזונו,incorrect
להניע,correct
חרפוה,incorrect
וביתו,correct
הודית,incorrect
לשריה,correct
עלרחל,incorrect
אתמתי,correct
הרועי,incorrect
ברכבו,correct
השתחו,incorrect
שילמד,correct
פרצות,incorrect
מתגאה,correct
ותכלי,incorrect
ותושב,correct
חזקום,incorrect
אביון,correct
ויעמי,incorrect
להשמע,correct
לאזנך,incorrect
אתפיה,correct
לשומע,incorrect
המופת,correct
עקרבי,incorrect
וסופר,correct
הפלשת,incorrect
מסלות,correct
בחרלו,incorrect
ההיטב,correct
לקהלו,incorrect
וזכרי,correct
אלאדם,incorrect
ויבול,correct
בתהלת,incorrect
לשחוק,correct
ויתאב,incorrect
ואבלו,correct
ויפעל,incorrect
וילנו,correct
באצרו,incorrect
והדרך,correct
כיפשע,incorrect
ולטהר,correct
עלמדי,incorrect
כייתן,correct
מצדתה,incorrect
בחמתי,correct
בחסיד,incorrect
ונהמת,correct
האחוח,incorrect
ואריה,correct
שמלקט,incorrect
ולפאת,correct
המלכי,incorrect
והניף,correct
עלקול,incorrect
עלבבל,correct
יפארה,incorrect
כנעני,correct
ולגוי,incorrect
הנכנס,correct
אשריג,incorrect
חמשתו,correct
יקבצם,incorrect
החלום,correct
עודות,incorrect
עמוני,correct
אזרעי,incorrect
בצפרן,correct
לדרתי,incorrect
מצאתי,correct
הקברי,incorrect
ועיני,correct
איןבם,incorrect
העיזו,correct
בשלות,incorrect
ראיתה,correct
נוראו,incorrect
ושבעה,correct
למידי,incorrect
באיתן,correct
מתגלי,incorrect
ושכלה,correct
והגעת,incorrect
והקמת,correct
לרקיק,incorrect
העקרי,correct
והעשת,incorrect
ויצלם,correct
ובליו,incorrect
לאחיה,correct
בכליו,incorrect
בדרכו,correct
ישכבה,incorrect
כיאתו,correct
הדברי,incorrect
נטמאה,correct
אלעבד,incorrect
אתדמו,correct
עלבמו,incorrect
ויועץ,correct
רחוקו,incorrect
נתתיה,correct
ימצאה,incorrect
ופנית,correct
וערמו,incorrect
משמאל,correct
יראון,incorrect
בלבבם,correct
ערותי,incorrect
מעליה,correct
עליכן,incorrect
וישמא,correct
לעמרה,incorrect
לשכרה,correct
תחטאת,incorrect
הנאמר,correct
והורג,incorrect
בעבדי,correct
החילי,incorrect
ונביא,correct
למקני,incorrect
תאבתי,correct
לשמעו,incorrect
רצונך,correct
ופריה,incorrect
גשמית,correct
שריום,incorrect
מנירץ,correct
שובבת,incorrect
נקיתי,correct
יעברם,incorrect
תינוק,correct
האשמר,incorrect
וירנו,correct
יהדפה,incorrect
לשגגה,correct
ומעיה,incorrect
ורשתו,correct
לשונה,incorrect
החרים,correct
ואלתו,incorrect
וישבע,correct
ולאפי,incorrect
וישסף,correct
תיראן,incorrect
לטהרה,correct
עשותם,incorrect
בעמלו,correct
אשראת,incorrect
אלאבי,correct
ויהיל,incorrect
ואלהי,correct
בניעש,incorrect
תשבחם,correct
התפלו,incorrect
יכניה,correct
אמרון,incorrect
דעתכם,correct
ישמעה,incorrect
צפרים,correct
אשריש,incorrect
וישכב,correct
ואמרי,incorrect
לרשתה,correct
גדולו,incorrect
ראינו,correct
לאמרך,incorrect
אתפיך,correct
בתגליו,incorrect
בתגלים,correct
וכלמצא,incorrect
וכלמתי,correct
האחרות,incorrect
האחרון,correct
נגדעון,incorrect
נגדהנא,correct
באחריו,incorrect
שלישית,correct
תולדתך,incorrect
תולדתם,correct
ותכבדו,incorrect
בהבטחת,correct
זהיהיו,incorrect
עלנפשה,correct
ונסגרו,incorrect
הכספים,correct
בברכתי,incorrect
ותורתך,correct
והכפוף,incorrect
להרבות,correct
הנשבעת,incorrect
משרשיו,correct
נשתחוו,incorrect
באנשים,correct
האזורי,incorrect
היטיבי,correct
לאתארץ,incorrect
אתעונם,correct
אבינעם,incorrect
בתולות,correct
כלצלמה,incorrect
ואעידה,correct
הנתינו,incorrect
ליריחו,correct
כלירדן,incorrect
ויקצפו,correct
מהשפיע,incorrect
תשעשעו,correct
נשתחות,incorrect
כלפריו,correct
כלכלות,incorrect
אתארצם,correct
הרבינו,incorrect
כהנינו,correct
ובצורה,incorrect
כהתעות,correct
ודמיון,incorrect
וגדופה,correct
שדבקתי,incorrect
הקהילו,correct
מאמינו,incorrect
צבועים,correct
הללוים,incorrect
אבתיכם,correct
בןירבה,incorrect
בןעזיה,correct
ממעשיך,incorrect
השעירם,correct
לימנית,incorrect
ובצקלג,correct
הלאאתן,incorrect
נדחושם,correct
אפקדנו,incorrect
אזניהם,correct
להנזרע,incorrect
המרגיז,correct
ההגרים,incorrect
ברהטים,correct
שכבתיו,incorrect
בחיריו,correct
יועצום,incorrect
יועצים,correct
שידבני,incorrect
ובקומה,correct
ובחרבם,incorrect
עבותים,correct
שמריהם,incorrect
ויעלהו,correct
והתודע,incorrect
ואשלחה,correct
ויריעה,incorrect
כיימין,correct
וימשחת,incorrect
אתבשרך,correct
עלהחלב,incorrect
לאיצלח,correct
לישובו,incorrect
ולהשפט,correct
יכריתך,incorrect
התיצבה,correct
ותתהלל,incorrect
ושםדבר,correct
הקרבתי,incorrect
בחייהם,correct
שלחנון,incorrect
תשמרון,correct
תימנית,incorrect
וחמשים,correct
כילחמו,incorrect
אתמדין,correct
אתשמיד,incorrect
ויכלהו,correct
לתבהלו,incorrect
מגישים,correct
בערמתם,incorrect
השמעים,correct
תעמדים,incorrect
נמסרים,correct
והמקבת,incorrect
והנערה,correct
והיולך,incorrect
בידיעה,correct
בהשיגך,incorrect
אודיעך,correct
קורינת,incorrect
והעמיד,correct
להנצלב,incorrect
המערכת,correct
כיעצמה,incorrect
כיתקרב,correct
עלהחמש,incorrect
עלהקרב,correct
נביותר,incorrect
יכוננה,correct
ויכבוד,incorrect
לאתתנו,correct
יחתניו,incorrect
השכנים,correct
ובןהלל,incorrect
ושקפים,correct
כתלנות,incorrect
כןיעשה,correct
והחמות,incorrect
והברית,correct
תשלחנך,incorrect
מימינם,correct
המלאכת,incorrect
המלכים,correct
כשראהב,incorrect
ולקחתם,correct
תזבחות,incorrect
וזכרון,correct
הלאניה,incorrect
השמועה,correct
התורדם,incorrect
יקראלו,correct
להודית,incorrect
הישבים,correct
מעילום,incorrect
ומעילי,correct
וישמות,incorrect
ויהודי,correct
ומעשרה,incorrect
יכלתיו,correct
ואלמול,incorrect
להתנשא,correct
הזקניו,incorrect
באזניו,correct
שאעברה,incorrect
השפחות,correct
משלחיד,incorrect
שאלוהו,correct
לשבעתי,incorrect
בעודני,correct
לעוריך,incorrect
ושמאלו,correct
והמציל,incorrect
והנשאר,correct
אתקולו,incorrect
אתפניו,correct
ללויהי,incorrect
מחשבתו,correct
הכשירד,incorrect
יחצבון,correct
אשמיעו,incorrect
ביערים,correct
ועשיתה,incorrect
בהיותי,correct
שאלימה,incorrect
משמחתה,correct
וסחרתך,incorrect
לקהלות,correct
בנידוס,incorrect
בניחיל,correct
וידרכת,incorrect
לאתפחד,correct
מבקשתי,incorrect
החייתי,correct
אתהגשו,incorrect
ואתרבע,correct
להשתרע,incorrect
להמליך,correct
אלנחשת,incorrect
ויספדו,correct
שמראשי,incorrect
ויהבלו,correct
לאתעזר,incorrect
אלארצו,correct
וגלתיה,incorrect
אזרחים,correct
מנחלתך,incorrect
במלאכה,correct
שיגדלה,incorrect
מהשהיה,correct
אלשבעת,incorrect
עלדגלו,correct
המברכת,incorrect
לאהליו,correct
לפנותו,incorrect
זבחפסח,correct
ונשברי,incorrect
יפלטהו,correct
ידרשנה,incorrect
נוראות,correct
והקוצי,incorrect
והלבשת,correct
להצינק,incorrect
צועקות,correct
אשרילב,incorrect
עבדתנו,correct
אלישית,incorrect
ואלפים,correct
היוצאך,incorrect
כלידים,correct
ואתעקר,incorrect
ובישבי,correct
מהכותי,incorrect
לבהמתם,correct
עליכסף,incorrect
אתהאבן,correct
בלתניח,incorrect
אםלדוד,correct
דברמיה,incorrect
עלירדן,correct
אלשבטו,incorrect
לאיבין,correct
אלהבין,incorrect
אשראתה,correct
להשבעי,incorrect
ושופעת,correct
אישישי,incorrect
אעשרנו,correct
מלהשמד,incorrect
לארבעת,correct
ולאהיא,incorrect
לאינוס,correct
בניישר,incorrect
למשמרת,correct
להעשרי,incorrect
ובמלוא,correct
משבחונך,incorrect
והרואים,correct
ולשוכבת,incorrect
והאמצים,correct
כלמרבכת,incorrect
המשבחים,correct
להצילנה,incorrect
להצילנו,correct
ישתחוים,incorrect
באזורים,correct
למאמינו,incorrect
והדברים,correct
בןחשבים,incorrect
והשתחוו,correct
עםשלמים,incorrect
ונדמהשם,correct
מפריסים,incorrect
וכיימוך,correct
אוכיחני,incorrect
מקטירות,correct
כלחזהאל,incorrect
המצרעים,correct
במשכנתי,incorrect
ותקותנו,correct
עלהעידו,incorrect
ויקברהו,correct
בןאבינו,incorrect
מתנבאים,correct
אושיעני,incorrect
ביחידות,correct
עםאביטל,incorrect
לכהנולי,correct
אלמקומה,incorrect
רבברכות,correct
שנעבדני,incorrect
הנקבצים,correct
שנותיהם,incorrect
ומראיהן,correct
הלשונים,incorrect
שהזמינו,correct
התחוללת,incorrect
בןמתניה,correct
רעידתיו,incorrect
תוכיחני,correct
ושאננים,incorrect
הרגרזים,correct
לגבענין,incorrect
בגורבעל,correct
גיחזיהו,incorrect
כמראהאש,correct
אםמצאנה,incorrect
מתבישים,correct
נטישתיו,incorrect
כפתריהם,correct
בןקושים,incorrect
ותמליכו,correct
לשנותרת,incorrect
הקיצותי,correct
אכזיבים,incorrect
ודואגים,correct
ויחשופא,incorrect
כיהציקה,correct
שהאשימך,incorrect
וברצונך,correct
עלירדים,incorrect
עלירבעם,correct
אםמשלחך,incorrect
והפלתיו,correct
והממלכו,incorrect
והחזיקי,correct
לזולתיה,incorrect
יזלומים,correct
פןתמעטו,incorrect
שבטמנשה,correct
ראיתיאל,incorrect
ואחריכן,correct
ושלחונן,incorrect
ותשכבהו,correct
ותתבננו,incorrect
ולהדחות,correct
לאמצאנך,incorrect
ואתקרית,correct
והגביעי,incorrect
ויצועכם,correct
עלשולחו,incorrect
ואכבדהו,correct
מתלוננו,incorrect
במתניהם,correct
עלפעמים,incorrect
ולהזכיר,correct
לאספיקי,incorrect
כישכחני,correct
מתחתונה,incorrect
תקראצום,correct
יאמינים,incorrect
ובנותיה,correct
אםהלכתם,incorrect
ארכיפוס,correct
אםאמרתך,incorrect
התהלכתי,correct
ולאדמתם,incorrect
תחתהאשל,correct
כלהיותה,incorrect
ולעבדיה,correct
שבעניים,incorrect
גויתיהם,correct
ומןהגבע,incorrect
שתלמידי,correct
וכמפקדת,incorrect
ומדבריך,correct
לאמנתיה,incorrect
אתמספרם,correct
ומשנאיכם,incorrect
ובאלהיהם,correct
להוכיחני,incorrect
המכריזים,correct
כייחידים,incorrect
לאיעמדבי,correct
כימשרשיו,incorrect
כיגםנביא,correct
אלמנהיגי,incorrect
והחריטים,correct
אלתשחתיך,incorrect
ומוציאים,correct
מתושאלוה,incorrect
וכלבזזיך,correct
היחידתיו,incorrect
כאספיקיץ,correct
מההדברים,incorrect
התכריכים,correct
הנמצאוני,incorrect
ואכלתםשם,correct
ובגלילים,incorrect
והמשרתים,correct
המעטפובר,incorrect
אתמצותיו,correct
והמאותתם,incorrect
ואתבנימן,correct
מןאחריתה,incorrect
עלחומתיה,correct
יהויכינו,incorrect
אתהתרפים,correct
שערותינו,incorrect
הקדמונים,correct
וכחזקתני,incorrect
התנצלותי,correct
ולצפיתכם,incorrect
ומיתריהם,correct
לשונותכם,incorrect
ישבינינו,correct
והתפלגות,incorrect
ומרגלתיו,correct
וימצאוני,incorrect
עלצואריו,correct
כלבעלילו,incorrect
הפרעתוני,correct
האמריאים,incorrect
אתהפלשתי,correct
תשיבוניך,incorrect
מןהאנשים,correct
בהיותיות,incorrect
שריישראל,correct
וגנבותיה,incorrect
בנידרקון,correct
