stimulus,correct_answer
ugoj,incorrect
slao,correct
kama,incorrect
prvu,correct
toli,incorrect
čuva,correct
hati,incorrect
grmi,correct
patu,incorrect
uska,correct
pote,incorrect
mole,correct
godi,incorrect
obal,correct
prot,incorrect
ljet,correct
cije,incorrect
ubij,correct
magao,incorrect
nosim,correct
pomak,incorrect
pošao,correct
davan,incorrect
ponoć,correct
beska,incorrect
pismu,correct
tijen,incorrect
mudri,correct
vanje,incorrect
bolji,correct
zabor,incorrect
rehob,correct
iznog,incorrect
pravu,correct
prene,incorrect
takvi,correct
ljeko,incorrect
nepce,correct
sipom,incorrect
sukne,correct
zanem,incorrect
kaina,correct
žesto,incorrect
gozba,correct
dječi,incorrect
plače,correct
vrije,incorrect
rođak,correct
vijev,incorrect
mudre,correct
naruk,incorrect
čudno,correct
pokva,incorrect
posve,correct
potru,incorrect
morem,correct
obite,incorrect
tuguj,correct
eunike,incorrect
buniti,correct
zemalo,incorrect
budalu,correct
vrijeh,incorrect
levita,correct
ponove,incorrect
počele,correct
dvorio,incorrect
široka,correct
trebne,incorrect
hodala,correct
dijeti,incorrect
ukupan,correct
ovisna,incorrect
stekla,correct
okvino,incorrect
šišali,correct
dajevi,incorrect
podiže,correct
rečena,incorrect
kaznio,correct
natovi,incorrect
kožnom,correct
bademo,incorrect
mrmlja,correct
nahali,incorrect
zalihe,correct
umjeti,incorrect
držite,correct
trebno,incorrect
amonka,correct
godilo,incorrect
radimo,correct
podina,incorrect
krupne,correct
bilona,incorrect
svetom,correct
tijeli,incorrect
misliš,correct
zarove,incorrect
izbiti,correct
stojan,incorrect
držeći,correct
uzdane,incorrect
osveta,correct
rođaje,incorrect
ležali,correct
vijeći,incorrect
nemate,correct
stokog,incorrect
stanju,correct
perira,incorrect
noćili,correct
zaniju,incorrect
zanatu,correct
zagrad,incorrect
bokova,correct
oružao,incorrect
gnjevu,correct
izudar,incorrect
poželi,correct
prikam,incorrect
pritom,correct
grimit,incorrect
imanja,correct
magali,incorrect
obrežu,correct
udovom,incorrect
slavim,correct
elijen,incorrect
mirisa,correct
licala,incorrect
vodili,correct
godila,incorrect
nemamo,correct
uskali,incorrect
ispeče,correct
dvojim,incorrect
okupio,correct
zatrao,incorrect
jedina,correct
odjevo,incorrect
pomoli,correct
besano,incorrect
pisali,correct
sirota,incorrect
jahati,correct
protio,incorrect
ispune,correct
hrđalo,incorrect
vapiti,correct
nasili,incorrect
zavode,correct
davini,incorrect
našima,correct
dokraj,incorrect
nasamo,correct
današe,incorrect
porugu,correct
dostor,incorrect
odmara,correct
sudska,incorrect
otekle,correct
prijaš,incorrect
trajan,correct
zasipa,incorrect
koreov,correct
znajom,incorrect
ubijmo,correct
buditi,incorrect
dužini,correct
djevoj,incorrect
spavaj,correct
bistri,incorrect
korica,correct
nizana,incorrect
komada,correct
polomu,incorrect
pravde,correct
vrijes,incorrect
pustim,correct
dograd,incorrect
ponesi,correct
tjedao,incorrect
pedaju,correct
obodiš,incorrect
pečenu,correct
plijeg,incorrect
janjad,correct
mjerov,incorrect
ubijte,correct
zjenim,incorrect
shvati,correct
sahrane,incorrect
sahranu,correct
prijehe,incorrect
prijete,correct
obžderu,incorrect
megidoa,correct
oslovio,incorrect
magarci,correct
jasnike,incorrect
trojica,correct
šestila,incorrect
ostatka,correct
otkupno,incorrect
umočiti,correct
naselji,incorrect
ratovao,correct
nevinom,incorrect
namjenu,correct
postavu,incorrect
postave,correct
nedosti,incorrect
cimbala,correct
poljani,incorrect
pokrili,correct
grudite,incorrect
naučili,correct
grijemo,incorrect
grijesi,correct
provati,incorrect
prevrne,correct
grijeme,incorrect
mislili,correct
drvetog,incorrect
trudimo,correct
povjeka,incorrect
bolesne,correct
dvjesti,incorrect
luđakom,correct
prijeta,incorrect
postane,correct
uređeni,incorrect
uređenu,correct
kućnost,incorrect
smokava,correct
iznošću,incorrect
korintu,correct
naljuje,incorrect
navikom,correct
rijetao,incorrect
ostatku,correct
smijeni,incorrect
udovice,correct
krstila,incorrect
doznati,correct
nijevom,incorrect
odgojio,correct
dvajaju,incorrect
množiti,correct
ukrašan,incorrect
stranac,correct
zvijeta,incorrect
srebrne,correct
polovac,incorrect
zauzeta,correct
zaranje,incorrect
zarazne,correct
sagrada,incorrect
uzgojio,correct
odbinom,incorrect
početak,correct
pomoćan,incorrect
načinom,correct
obojima,incorrect
odredbu,correct
braćena,incorrect
zlatnom,correct
svojite,incorrect
čistoći,correct
zajedna,incorrect
grešnim,correct
otprilo,incorrect
pljunuo,correct
vjetlio,incorrect
hramove,correct
krilaze,incorrect
dobrotu,correct
jednika,incorrect
odredbe,correct
ispisao,incorrect
takvima,correct
neprije,incorrect
nebesko,correct
prijeme,incorrect
trajati,correct
rođajne,incorrect
mudraca,correct
vrijehe,incorrect
trebamo,correct
proštva,incorrect
razapni,correct
promije,incorrect
isplati,correct
zajednu,incorrect
izgubio,correct
sazvala,incorrect
veselja,correct
grupica,incorrect
pomagao,correct
naudite,incorrect
požalio,correct
zvatite,incorrect
budućem,correct
škaraca,incorrect
sramotu,correct
ubojici,incorrect
tkanini,correct
kupoveo,incorrect
uvenuti,correct
kožnost,incorrect
komadić,correct
svećeno,incorrect
iskrena,correct
krenesu,incorrect
pomoglo,correct
asirsku,incorrect
četvora,correct
nepreko,incorrect
porušio,correct
trebnom,incorrect
vodećih,correct
bjeloga,incorrect
djevica,correct
zatekla,incorrect
potekle,correct
slavari,incorrect
amonski,correct
strgale,incorrect
svanulo,correct
tvojici,incorrect
ubijeno,correct
premlju,incorrect
izvagao,correct
atenjem,incorrect
sramoti,correct
krajala,incorrect
krajeve,correct
zasolju,incorrect
natkrio,correct
hranica,incorrect
tražite,correct
žednicu,incorrect
pružate,correct
našajte,incorrect
jedinca,correct
mladara,incorrect
mladića,correct
uredbom,incorrect
istinom,correct
grijema,incorrect
vidjele,correct
poljeni,incorrect
kovanog,correct
janjemo,incorrect
drvenim,correct
svojivi,incorrect
poslugu,correct
svjedna,incorrect
grobova,correct
poplaka,incorrect
poplava,correct
razgova,incorrect
izvadit,correct
današeg,incorrect
podrška,correct
tvojica,incorrect
uputili,correct
štovari,incorrect
ljutito,correct
štanija,incorrect
zadnjim,correct
filiste,incorrect
ropstva,correct
priješa,incorrect
prekori,correct
rijeđen,incorrect
ubijate,correct
odlijev,incorrect
svekrva,correct
uhvaćaš,incorrect
srušite,correct
zidinih,incorrect
značila,correct
dviježu,incorrect
klicali,correct
oblacimo,incorrect
objasnio,correct
žaloviti,incorrect
žalovati,correct
dogodina,incorrect
dotaknuo,correct
zvijeklu,incorrect
dijeliti,correct
izabelov,incorrect
podržali,correct
prevršio,incorrect
pregazio,correct
napalili,incorrect
podržala,correct
preprodu,incorrect
pretraže,correct
naređena,incorrect
naređeno,correct
židovica,incorrect
židovske,correct
utvrdnuo,incorrect
utvrđeni,correct
bilonamo,incorrect
radovati,correct
kozamotu,incorrect
zalažite,correct
sačuvari,incorrect
sagradio,correct
neposlao,incorrect
napuniti,correct
glavnici,incorrect
riješiti,correct
potresle,incorrect
nastanio,correct
svijedio,incorrect
proročke,correct
zvijeska,incorrect
okrenite,correct
povjedio,incorrect
boraviti,correct
pokoravi,incorrect
pozdravi,correct
nerijati,incorrect
neznanju,correct
divljati,incorrect
uništili,correct
petoriju,incorrect
spašavaš,correct
bijenici,incorrect
moapcima,correct
opsadnju,incorrect
betanije,correct
nekažnju,incorrect
godišnju,correct
sahranja,incorrect
obznanio,correct
zapljuje,incorrect
prisutan,correct
starješi,incorrect
amihudov,correct
odmorica,incorrect
odbacili,correct
pobunile,incorrect
naklonio,correct
vinosači,incorrect
hanamela,correct
rečenici,incorrect
dovedeni,correct
iskočiju,incorrect
iskusnih,correct
svijesku,incorrect
svijetli,correct
mjestoke,incorrect
čovjekom,correct
konjanja,incorrect
konjicom,correct
sefanije,incorrect
neznanja,correct
opustine,incorrect
veseliti,correct
levijeke,incorrect
ustanite,correct
drvećalo,incorrect
opsjedao,correct
zapovjek,incorrect
hadadova,correct
topazite,incorrect
zagadili,correct
poznalik,incorrect
pokazuju,correct
dvijerio,incorrect
uvjereni,correct
izvanika,incorrect
potrebno,correct
abinoama,incorrect
besajevi,correct
ostalena,incorrect
ostavlja,correct
umrijemo,incorrect
spaljene,correct
nevjerov,incorrect
hesronov,correct
odabraha,incorrect
zavapili,correct
željenja,incorrect
hrabrite,correct
tiberiti,incorrect
leopardu,correct
poštovac,incorrect
davidove,correct
prezivao,incorrect
volovski,correct
okružuje,incorrect
klicanje,correct
desnaest,incorrect
asircima,correct
svinjati,incorrect
odgurnuo,correct
trudnost,incorrect
lijenost,correct
merovati,incorrect
ratovati,correct
porukama,incorrect
poprečne,correct
viđačima,incorrect
izbičuju,correct
zaistali,incorrect
požurite,correct
odnicima,incorrect
nadajući,correct
povječji,incorrect
pomažite,correct
neozlića,incorrect
najžešća,correct
poričevi,incorrect
pokupili,correct
savršeta,incorrect
kristovo,correct
čovjedio,incorrect
glasnike,correct
uklonose,incorrect
isprazne,correct
pogazile,incorrect
pomolimo,correct
osudbama,incorrect
obrađena,correct
glazbali,incorrect
djevojku,correct
zapisare,incorrect
popadalo,correct
vjerovci,incorrect
okrećete,correct
uskrivač,incorrect
pokrivač,correct
očistaše,incorrect
desetome,correct
gahariji,incorrect
binujevi,correct
vriječji,incorrect
plemenom,correct
očevojka,incorrect
mirisnog,correct
zaslušaj,incorrect
izbrisao,correct
čeznutra,incorrect
leševima,correct
paklanog,incorrect
boravimo,correct
ugodnese,incorrect
blagajnu,correct
današega,incorrect
pokažite,correct
neprijes,incorrect
obavljat,correct
zapeliku,incorrect
napojite,correct
ponostiv,incorrect
izdaleka,correct
sastalku,incorrect
zavjesom,correct
kraljene,incorrect
ispunite,correct
cijelila,incorrect
dolazimo,correct
zaistaša,incorrect
otjerali,correct
voličice,incorrect
nastojte,correct
grijevom,incorrect
pokorena,correct
odsječeš,incorrect
zaručenu,correct
plodavni,incorrect
baalovog,correct
sinovali,incorrect
eštaolci,correct
mjestali,incorrect
mlijekom,correct
vještani,incorrect
razapeli,correct
debirati,incorrect
opsjedni,correct
ubitalim,incorrect
znamenja,correct
cijeleni,incorrect
prostrli,correct
čovječna,incorrect
prostora,correct
pritužbu,incorrect
podnožja,correct
čovječni,incorrect
izraelov,correct
budaleko,incorrect
unajmili,correct
matanete,incorrect
dolikuje,correct
posavjet,incorrect
rukopisa,correct
vjerubač,incorrect
vlasniku,correct
božicama,incorrect
izviđati,correct
opećinom,incorrect
skrenuti,correct
cijelene,incorrect
bogatiji,correct
onezimati,incorrect
naplatiti,correct
paljevsku,incorrect
brončanih,correct
taboravao,incorrect
muškarcem,correct
savjeseca,incorrect
otkupninu,correct
održaliti,incorrect
održavate,correct
napadnicu,incorrect
poznajemo,correct
neprijeke,incorrect
odvratili,correct
paljevske,incorrect
sposobnih,correct
udavatiti,incorrect
smišljali,correct
nadaljeno,incorrect
izgorjeli,correct
gostoricu,incorrect
prelazili,correct
dovoljima,incorrect
nastanili,correct
izbrojnih,incorrect
pokrajini,correct
gluhonite,incorrect
otprilike,correct
naizmjeri,incorrect
kompleksa,correct
učeništvo,incorrect
vrijeđali,correct
nasiljama,incorrect
krvarenja,correct
maslijena,incorrect
sljedećih,correct
gadovolja,incorrect
podignuti,correct
taboravno,incorrect
odgovorni,correct
zavednima,incorrect
pogrebnih,correct
razornici,incorrect
prekorili,correct
izvršavih,incorrect
poznavati,correct
stupatice,incorrect
sahraniti,correct
zapovjeka,incorrect
iskazuješ,correct
svečanima,incorrect
preostala,correct
lišćavamo,incorrect
koristiti,correct
suditelji,incorrect
zaslužuje,correct
ispodigne,incorrect
ispunjeni,correct
obazireji,incorrect
zaplakali,correct
munjavili,incorrect
suprotnim,correct
posredite,incorrect
prinijeti,correct
sestrahom,incorrect
brbljanje,correct
stijevari,incorrect
arimateje,correct
poklonosi,incorrect
naraštaja,correct
plakalite,incorrect
ahazijina,correct
zastrgnuo,incorrect
osakaćena,correct
sredujemo,incorrect
mladenaca,correct
vratariji,incorrect
opravdani,correct
odnosnici,incorrect
ranjenici,correct
posustinu,incorrect
promijeni,correct
zaklatiti,incorrect
raspršili,correct
neprijati,incorrect
nesrećama,correct
zahvalnom,incorrect
zanemariš,correct
obravedni,incorrect
raspušten,correct
ogovedite,incorrect
azarijina,correct
istjelimo,incorrect
proročica,correct
lažnijeti,incorrect
vjerujemo,correct
poljskoga,incorrect
oduzimati,correct
psetoriti,incorrect
jišajevog,correct
pukotinji,incorrect
pljačkati,correct
sramotalo,incorrect
smjestite,correct
azrikaznu,incorrect
ohrabrite,correct
cijelesne,incorrect
odgovarao,correct
smjesnici,incorrect
ugnjetava,correct
neobičaje,incorrect
neiskusna,correct
zauviježu,incorrect
najvećega,correct
povelikoj,incorrect
obrezanju,correct
potražara,incorrect
pretražio,correct
svetorica,incorrect
predaleko,correct
uskorisni,incorrect
raskinuli,correct
prebrnari,incorrect
prenesite,correct
osedložio,incorrect
benjaminu,correct
odlijevom,incorrect
napustila,correct
osjednici,incorrect
krstitelj,correct
konjanino,incorrect
zahvatite,correct
keturatio,incorrect
zgnječene,correct
grijemena,incorrect
strahujte,correct
vojničkim,incorrect
udovištva,correct
stoljulja,incorrect
uzglavlja,correct
čovjedila,incorrect
egipatske,correct
perzijaca,incorrect
zatvorila,correct
prijestom,incorrect
spominješ,correct
naopačene,incorrect
naraštaju,correct
ahzajamni,incorrect
pljačkali,correct
jokšanjem,incorrect
utaboreni,correct
slivljeni,incorrect
preživjet,correct
uspjevača,incorrect
oslanjati,correct
služitelj,incorrect
djevojaka,correct
prvobitak,incorrect
napuhanci,correct
dobrotaim,incorrect
herodovce,correct
koravalid,incorrect
posvećena,correct
otključim,incorrect
poklonile,correct
postalama,incorrect
prostirci,correct
cijeljeno,incorrect
milosrdan,correct
mjesnjeta,incorrect
levijevom,correct
desništvo,incorrect
četvorici,correct
buktinjali,incorrect
jadikovati,correct
primiznice,incorrect
prinošenja,correct
taboravaju,incorrect
grešnicima,correct
mrtavatiti,incorrect
uništavali,correct
upravitima,incorrect
uništavati,correct
izljevstvu,incorrect
pogubljena,correct
došlostiti,incorrect
pravednost,correct
nebeskobno,incorrect
iscrpljeni,correct
proklijeni,incorrect
prisiljeni,correct
krvoprošao,incorrect
onečistila,correct
židovoljno,incorrect
odgovarala,correct
pojestaneš,incorrect
zahvalnicu,correct
veseljenih,incorrect
objavljena,correct
židovoljan,incorrect
odgovarale,correct
propovijer,incorrect
proždrijet,correct
iskorovali,incorrect
obavljajte,correct
medvjestio,incorrect
pokvarenog,correct
starješiti,incorrect
razočarali,correct
dalekovali,incorrect
povjerenja,correct
dubljenaca,incorrect
opsjednute,correct
kenižavati,incorrect
ozlijediti,correct
zapovijetu,incorrect
odgovoriti,correct
davidovski,incorrect
uznemireni,correct
pouzdaleko,incorrect
zaustavila,correct
iskvasniti,incorrect
pokušavali,correct
željeznike,incorrect
prijatelja,correct
imalijedio,incorrect
iskaljujem,correct
sačuvatiti,incorrect
oklijevati,correct
svetišteno,incorrect
ispunjenje,correct
posijatelj,incorrect
priznavali,correct
pojavljama,incorrect
namjestiti,correct
zajednosti,incorrect
područjima,correct
tučnjavati,incorrect
ispitivali,correct
upotresicu,incorrect
pročitajte,correct
učvrstenje,incorrect
iscjeljuju,correct
roboamovog,incorrect
okupljenog,correct
njegavajte,incorrect
strankinja,correct
pojavljeni,incorrect
hetitkinja,correct
razarobnih,incorrect
potpunosti,correct
gospodigao,incorrect
filistejke,correct
čistitutka,incorrect
obrezivati,correct
ciglednika,incorrect
zastupnika,correct
žalospjeti,incorrect
vladarskoj,correct
neznanjemu,incorrect
seksualnog,correct
skladunčad,incorrect
djevojčici,correct
udoviknuti,incorrect
geršonovci,correct
budaljenio,incorrect
glazbalima,correct
izdvajajte,incorrect
rastjeruje,correct
plavljajte,incorrect
prestanete,correct
pashalnoga,incorrect
pokoravati,correct
boležljivo,incorrect
predvođena,correct
mišljatelj,incorrect
libanonsko,correct
izrađevine,incorrect
izvođačima,correct
postolomej,incorrect
neposlušne,correct
skretijine,incorrect
gibeonskoj,correct
sestranata,incorrect
babiloniji,correct
zastražalo,incorrect
ponašanjem,correct
složnicama,incorrect
vlasništva,correct
sastanovat,incorrect
dragocjeni,correct
dvorimorja,incorrect
ptolemaidi,correct
sintihikam,incorrect
spotaknuti,correct
poslušavao,incorrect
nasljednik,correct
postavnina,incorrect
prebrojali,correct
gospodijela,incorrect
svećeničkim,correct
zaposjetilj,incorrect
zapostavili,correct
ljepoočnite,incorrect
povjerovati,correct
običajenost,incorrect
progonitelj,correct
umjetnicima,incorrect
centimetara,correct
izvijednike,incorrect
miroljubivi,correct
primiznutra,incorrect
prokletstvo,correct
ostavitelju,incorrect
stvoritelju,correct
ureživjesti,incorrect
snabdijevao,correct
svjedinjama,incorrect
svjedočenja,correct
palačitelji,incorrect
amalečanima,correct
stranostite,incorrect
prostrijeti,correct
umrijednika,incorrect
svećeničkom,correct
glavarivaju,incorrect
posluživati,correct
bezoblikove,incorrect
razmišljamo,correct
nepravljaju,incorrect
roditeljima,correct
potjeravite,incorrect
posjedujete,correct
odjednakona,incorrect
veličanstvo,correct
imenzijevim,incorrect
jakovljevom,correct
zauvijedeći,incorrect
pozdravljaj,correct
sposobitelj,incorrect
sudjelujete,correct
upozoravlje,incorrect
unutrašnjoj,correct
zašuštitovi,incorrect
zatvorenici,correct
rijetovanje,incorrect
nestrpljivi,correct
snahumovino,incorrect
proklinjati,correct
posramotnome,incorrect
posavjetovao,correct
posvetištili,incorrect
pozdravljati,correct
ispričvrstom,incorrect
nepravednici,correct
židovoljenio,incorrect
svjedočenjem,correct
najvećenstvu,incorrect
zadovoljstva,correct
uskrivatelja,incorrect
udovoljavate,correct
dobrostojani,incorrect
svakodnevnog,correct
zapostoljama,incorrect
predomislili,correct
ispriješanog,incorrect
vojskovođama,correct
grijašnjegov,incorrect
predomisliti,correct
slavaraonove,incorrect
filistejskih,correct
iskristinske,incorrect
četveronoške,correct
previšnjegov,incorrect
pristalicama,correct
putovanjskoj,incorrect
iskorištavaj,correct
ljusakaćenik,incorrect
proslavljaju,correct
približnjene,incorrect
mezopotamiji,correct
skorinćanima,incorrect
nagovijestio,correct
donesvjedoči,incorrect
neusporedivo,correct
slabinoamove,incorrect
nebuzaradanu,correct
