stimulus,correct_answer
rist,incorrect
kana,correct
nægt,incorrect
deig,correct
must,incorrect
ótrú,correct
drif,incorrect
fríð,correct
rósi,incorrect
gæfu,correct
faði,incorrect
réðu,correct
aldi,incorrect
rísi,correct
skað,incorrect
stal,correct
gjar,incorrect
sögu,correct
unda,incorrect
óska,correct
aust,incorrect
poka,correct
jóna,incorrect
rifu,correct
asar,incorrect
rómi,correct
rökk,incorrect
lönd,correct
ands,incorrect
átta,correct
legð,incorrect
ungt,correct
tinn,incorrect
seig,correct
emma,incorrect
íjím,correct
drei,incorrect
reka,correct
asúb,incorrect
lúra,correct
eist,incorrect
ekru,correct
líks,incorrect
vart,correct
vefn,incorrect
mesa,correct
alli,incorrect
band,correct
malt,incorrect
lami,correct
látt,incorrect
ills,correct
stun,incorrect
högg,correct
stuðu,incorrect
störf,correct
látar,incorrect
tókum,correct
reisn,incorrect
leitt,correct
hjóna,incorrect
hörfa,correct
þægir,incorrect
asúba,correct
jörða,incorrect
landa,correct
tvíst,incorrect
nýrun,correct
látur,incorrect
deytt,correct
úrísa,incorrect
harma,correct
tefði,incorrect
sárri,correct
menni,incorrect
senda,correct
þvers,incorrect
sjúka,correct
misku,incorrect
neðra,correct
okkus,incorrect
urðuð,correct
glaun,incorrect
stela,correct
níkan,incorrect
ammón,correct
askal,incorrect
eyddu,correct
lotna,incorrect
sviku,correct
mægja,incorrect
tugir,correct
samir,incorrect
samdi,correct
dokaí,incorrect
þöktu,correct
sunni,incorrect
þungt,correct
parna,incorrect
ferst,correct
kamea,incorrect
belgi,correct
bárur,incorrect
hliðs,correct
afnum,incorrect
negeb,correct
menes,incorrect
verja,correct
tíðka,incorrect
helst,correct
slöng,incorrect
fávís,correct
þrúga,incorrect
stæra,correct
sótta,incorrect
svart,correct
forin,incorrect
fjall,correct
sektu,incorrect
beerí,correct
geyst,incorrect
tigna,correct
yrðan,incorrect
sjáum,correct
mannt,incorrect
bræða,correct
merku,incorrect
bréfi,correct
fjandi,incorrect
fjalla,correct
finnar,incorrect
ónýtir,correct
þennar,incorrect
drukku,correct
ólunum,incorrect
græðgi,correct
áheyra,incorrect
könnur,correct
filist,incorrect
ávinna,correct
hennir,incorrect
reynda,correct
tróður,incorrect
hlotið,correct
fangað,incorrect
skipta,correct
ávinni,incorrect
fátæki,correct
norðum,incorrect
norðan,correct
teljar,incorrect
hreint,correct
dyrast,incorrect
forðum,correct
óborni,incorrect
safnað,correct
umhver,incorrect
altari,correct
óbyggi,incorrect
tíundi,correct
orðina,incorrect
þjónað,correct
stöður,incorrect
ólífum,correct
þjóður,incorrect
ljósta,correct
sökuna,incorrect
teljum,correct
berjar,incorrect
leiddu,correct
hvarfs,incorrect
liðinn,correct
jústum,incorrect
mísael,correct
dásemd,incorrect
ofsókn,correct
bitrun,incorrect
hörfið,correct
kallir,incorrect
látinn,correct
hjörða,incorrect
áreita,correct
níðina,incorrect
dygðir,correct
sestum,incorrect
sestir,correct
prýddi,incorrect
útrýma,correct
grjóta,incorrect
gakktu,correct
sorgar,incorrect
ánægju,correct
daufið,incorrect
þarftu,correct
slegra,incorrect
snúinn,correct
granns,incorrect
skipar,correct
örkinu,incorrect
reiðir,correct
jósast,incorrect
heiður,correct
fellun,incorrect
himnar,correct
kynngi,incorrect
hugann,correct
ánetja,incorrect
hleypa,correct
gráttu,incorrect
kastið,correct
bakkað,incorrect
skilji,correct
simrod,incorrect
hvötum,correct
sunnar,incorrect
þurfti,correct
kirjam,incorrect
hólpin,correct
kvikni,incorrect
kviðar,correct
hyllir,incorrect
þyrnir,correct
áreiði,incorrect
böndum,correct
frjóst,incorrect
sextán,correct
lekíta,incorrect
sílóam,correct
mannan,incorrect
fundið,correct
yðaróp,incorrect
líðast,correct
ritnið,incorrect
grannt,correct
fæðstu,incorrect
feginn,correct
keflum,incorrect
sabear,correct
tímast,incorrect
máttar,correct
snúnir,incorrect
kvöðum,correct
ríkist,incorrect
gangið,correct
mældar,incorrect
mælist,correct
nafnir,incorrect
verðið,correct
breski,incorrect
neisti,correct
almátt,incorrect
fóstra,correct
syndur,incorrect
háttur,correct
þistir,incorrect
erinda,correct
dóttuð,incorrect
læknið,correct
meistu,incorrect
brunni,correct
enginu,incorrect
talaðu,correct
landan,incorrect
reiðum,correct
afkoma,incorrect
ölturu,correct
aragðs,incorrect
huggar,correct
glöddu,incorrect
röðina,correct
þóknum,incorrect
táknum,correct
undinu,incorrect
breitt,correct
gullir,incorrect
vissir,correct
fárvið,incorrect
bifast,correct
vinsað,incorrect
úthlið,correct
dirfil,incorrect
múrana,correct
kostin,incorrect
gestur,correct
hvelli,incorrect
hvenær,correct
upprás,incorrect
óttist,correct
bringi,incorrect
kefasi,correct
vekjan,incorrect
öryggi,correct
vinstu,incorrect
megnað,correct
sauðar,incorrect
fagnið,correct
pressu,incorrect
framin,correct
skafir,incorrect
baktal,correct
hefðar,incorrect
þiggðu,correct
lentug,incorrect
herinn,correct
værist,incorrect
hvorum,correct
verðis,incorrect
reiðin,correct
alling,incorrect
nauðga,correct
harðst,incorrect
hebers,correct
hangað,incorrect
upphaf,correct
frumbun,incorrect
afneita,correct
skeggja,incorrect
skríður,correct
lehabja,incorrect
meúníta,correct
fagnast,incorrect
styrkan,correct
akringi,incorrect
kápunni,correct
gálgast,incorrect
gorgías,correct
sinnast,incorrect
annarra,correct
gjallir,incorrect
gjöfina,correct
áhöldið,incorrect
spurðum,correct
rændlit,incorrect
staðnum,correct
hendinu,incorrect
brauðum,correct
víðlega,incorrect
hæglega,correct
neytast,incorrect
leggjum,correct
söngsta,incorrect
lostinn,correct
ofinnar,incorrect
snauðum,correct
starnir,incorrect
felmtri,correct
heyrnar,incorrect
fylgsni,correct
fásinar,incorrect
fáeinir,correct
afkvæma,incorrect
frjálst,correct
þrengið,incorrect
molaðir,correct
gangaði,incorrect
svaraðu,correct
landina,incorrect
leiðina,correct
berunum,incorrect
greypti,correct
seldinu,incorrect
vitnaði,correct
múgurum,incorrect
sökklum,correct
teljist,incorrect
kananja,correct
nægjust,incorrect
grimmum,correct
frillum,incorrect
refídím,correct
kýlunar,incorrect
smurðir,correct
þykknir,incorrect
estemóa,correct
heiftra,incorrect
felmtur,correct
tuttugs,incorrect
nokkurt,correct
röddust,incorrect
birtast,correct
stöddum,incorrect
steðjað,correct
hetjast,incorrect
harmaði,correct
drengja,incorrect
broddur,correct
hverska,incorrect
nafninu,correct
ráðgaði,incorrect
dýrkuðu,correct
vístrax,incorrect
dálætis,correct
skipull,incorrect
bráðnar,correct
klifrar,incorrect
glóandi,correct
heiðist,incorrect
leiddur,correct
ofandið,incorrect
greiddu,correct
neitast,incorrect
stóðust,correct
verðist,incorrect
ætlarðu,correct
mannina,incorrect
greinum,correct
afreisa,incorrect
skírðir,correct
umburðu,incorrect
prjónað,correct
ammíhúð,incorrect
spruttu,correct
böðlaði,incorrect
styrkti,correct
refsins,incorrect
reynast,correct
dreypir,incorrect
frelsað,correct
asérust,incorrect
slógust,correct
svarans,incorrect
kveinið,correct
getsemi,incorrect
viðtöku,correct
réttund,incorrect
nautinu,correct
ritnist,incorrect
blettur,correct
þettaði,incorrect
mettaði,correct
kostnir,incorrect
serahja,correct
henning,incorrect
greindi,correct
umgengu,incorrect
rehabja,correct
snúrana,incorrect
orðstír,correct
stjóram,incorrect
grískan,correct
áhyggir,incorrect
djarfur,correct
brannst,incorrect
vitjaði,correct
neretum,incorrect
afborið,correct
farangt,incorrect
minntuð,correct
einsins,incorrect
minnkun,correct
landing,incorrect
merking,correct
innsins,incorrect
líkingu,correct
svörusk,incorrect
styrktu,correct
mjöllum,incorrect
forðast,correct
þessaðu,incorrect
hjarðir,correct
aselems,incorrect
ákærður,correct
þettast,incorrect
drekkur,correct
adrangt,incorrect
himnana,correct
omríson,incorrect
embætti,correct
höfðaði,incorrect
þrælnum,correct
austleg,incorrect
náttmál,correct
áhyggði,incorrect
hljóðar,correct
drottum,incorrect
ógæfuna,correct
umhverra,incorrect
prédikið,correct
blíðmæla,incorrect
blíðmáll,correct
mirjatré,incorrect
númeníus,correct
brýnastu,incorrect
neballat,correct
hryllast,incorrect
studdust,correct
slíkanor,incorrect
slátruðu,correct
musterka,incorrect
prédikum,correct
grafreka,incorrect
stórlega,correct
þúsundur,incorrect
bústaðar,correct
metningu,incorrect
metúsala,correct
líknesku,incorrect
játningu,correct
viskunni,incorrect
umsetnir,correct
matindum,incorrect
hellinum,correct
sinninum,incorrect
greindur,correct
launaman,incorrect
helgasta,correct
rúbensni,incorrect
portkona,correct
horfðist,incorrect
hræddist,correct
óguðlegt,incorrect
peningum,correct
öryggist,incorrect
mahasíót,correct
dýrindum,incorrect
hungraði,correct
fluttugu,incorrect
flokknum,correct
hóglátið,incorrect
djörfung,correct
brottins,incorrect
hjörðina,correct
assýrinu,incorrect
spekinni,correct
hefjarri,incorrect
ekkjunum,correct
útlendið,incorrect
umskorna,correct
fellunum,incorrect
eldingar,correct
þungruðu,incorrect
kálfsins,correct
samkvæmi,incorrect
stjörnur,correct
læringja,incorrect
fjölgaði,correct
sverðina,incorrect
bústaður,correct
heiðings,incorrect
meistara,correct
amallíón,incorrect
gálganum,correct
arfljóts,incorrect
sýrlands,correct
nauðanum,incorrect
óttuðust,correct
þjakasta,incorrect
liljulag,correct
hinnarri,incorrect
elskaður,correct
ritaðist,incorrect
postulum,correct
algúmmím,incorrect
sealtíel,correct
þustunda,incorrect
ökulagið,correct
sómasala,incorrect
ofvaxinn,correct
stilegra,incorrect
styðjast,correct
þrengnar,incorrect
hræddari,correct
kveikina,incorrect
breyttum,correct
foringur,incorrect
ávarpaðu,correct
undirnar,incorrect
ættirnar,correct
parmavet,incorrect
heiðruðu,correct
lifrinum,incorrect
þarfnast,correct
óáreiðis,incorrect
þolgæðið,correct
ummyndar,incorrect
afneitað,correct
asérusta,incorrect
köfnuðum,correct
nothæfir,incorrect
auðmýkti,correct
mítredar,incorrect
blossaði,correct
ölturnar,incorrect
þverslár,correct
fornunum,incorrect
rjúkandi,correct
leiddist,incorrect
heimilum,correct
engingum,incorrect
örvæntir,correct
níundana,incorrect
tvístrar,correct
rauðugan,incorrect
aldraðar,correct
hundsins,incorrect
ljósasöx,correct
boringum,incorrect
heilagri,correct
gengindi,incorrect
bruggaði,correct
herakstu,incorrect
hvolfast,correct
vængjuna,incorrect
ákaflega,correct
hafastið,incorrect
síðastir,correct
þrevetri,incorrect
hástöfum,correct
hnuplsam,incorrect
pýramída,correct
rangsnúi,incorrect
réttlátt,correct
almódaja,incorrect
harmljóð,correct
pyngjans,incorrect
þorstann,correct
umhyggja,incorrect
lofgjörð,correct
mellótta,incorrect
vikunnar,correct
ekkingum,incorrect
rammlega,correct
vinnisst,incorrect
virðingu,correct
hraðaróp,incorrect
krafðist,correct
leiddara,incorrect
langlynd,correct
antingum,incorrect
vonskuna,correct
fyrstakk,incorrect
almáttka,correct
gistöður,incorrect
grafhýsi,correct
stefning,incorrect
deigtrog,correct
hennarin,incorrect
blandist,correct
drenginu,incorrect
freklega,correct
slátunum,incorrect
sundrast,correct
elskuluð,incorrect
voldugur,correct
ávítarnir,incorrect
filisteum,correct
truflunum,incorrect
tíreatíta,correct
strengjum,incorrect
skepnunni,correct
sigruðust,incorrect
vegsömuðu,correct
frjálsins,incorrect
naglarnir,correct
elpaalsam,incorrect
fégjarnir,correct
sprettust,incorrect
sprungnir,correct
tvídrægir,incorrect
helmingur,correct
antíokkur,incorrect
akbórsson,correct
tvisvarir,incorrect
tómhentur,correct
virðilega,incorrect
virkisins,correct
elkanaans,incorrect
sífelldum,correct
tvinnarra,incorrect
hryggðist,correct
börnurnar,incorrect
tunglsins,correct
ljúkandið,incorrect
hræðilegt,correct
pálmargir,incorrect
himnaríki,correct
bærilegan,incorrect
fangelsið,correct
höfðingur,incorrect
rómverjar,correct
uppriskar,incorrect
upprættir,correct
flöskraut,incorrect
hjúskapur,correct
glötunnan,incorrect
tvístraði,correct
lausarnir,incorrect
hirðarnir,correct
eyðingjum,incorrect
njósnarar,correct
svikunnan,incorrect
styrktist,correct
krásetnir,incorrect
ofdrykkja,correct
laustarið,incorrect
bandingja,correct
timnannar,incorrect
úrskurðar,correct
sjálfaðir,incorrect
fjandskap,correct
vitrustri,incorrect
mildaðist,correct
fiskjalda,incorrect
holdlegum,correct
hlustaðar,incorrect
óguðlegra,correct
holskefja,incorrect
helónsson,correct
ósparlegt,incorrect
láglendið,correct
hræðsluna,incorrect
fjarlægar,correct
horfingur,incorrect
kerúbunum,correct
umtalsins,incorrect
sedrusvið,correct
brjósabab,incorrect
sléttaðir,correct
landingur,incorrect
ranglátum,correct
brauðugur,incorrect
jafnaðist,correct
borgarinu,incorrect
nautgripa,correct
rafúsonar,incorrect
samþykkti,correct
skreytinn,incorrect
kanverska,correct
svarandir,incorrect
greiðslur,correct
svarandið,incorrect
stríðsins,correct
afmarkmið,incorrect
afkomanda,correct
borgarins,incorrect
jarðvegur,correct
flóttaven,incorrect
bróðurnum,correct
skækjunum,incorrect
gapastokk,correct
handarins,incorrect
naumindum,correct
hreindinu,incorrect
víggirtum,correct
haltarins,incorrect
veikburða,correct
gráthljót,incorrect
ráðabrugg,correct
mannsigli,incorrect
fullnustu,correct
verkurins,incorrect
ættkvísla,correct
smánuðust,incorrect
lyktirnar,correct
byggindur,incorrect
ammónítar,correct
fæddustið,incorrect
levítanum,correct
meðalgann,incorrect
ástarepli,correct
makkannað,incorrect
frjósamir,correct
lærisvegg,incorrect
ritningin,correct
brugglegt,incorrect
eilíflega,correct
heiminnar,incorrect
líkamanum,correct
hendiroka,incorrect
rangindum,correct
hýstuðust,incorrect
imrísonar,correct
semeberst,incorrect
fyrndinni,correct
myndilegu,incorrect
gjörvalla,correct
niðjunnan,incorrect
undraðist,correct
þessunina,incorrect
kanaaníta,correct
skúmaskíl,incorrect
boðskapur,correct
drottingi,incorrect
útlaganna,correct
ófáanlegs,incorrect
miskunnað,correct
hólofernig,incorrect
hólofernes,correct
fögnuðinum,incorrect
filisteann,correct
krukkingum,incorrect
slagbranda,correct
köstuðnina,incorrect
þrítugfalt,correct
bjargasíta,incorrect
tuttugasta,correct
kviðvöruðu,incorrect
grængresið,correct
trófímusar,incorrect
skelfingar,correct
múturinnar,incorrect
kýprusviði,correct
viljanlega,incorrect
líkamslýti,correct
spottaðist,incorrect
akkossonar,correct
lofsöngsta,incorrect
lofgjörðar,correct
margvíslun,incorrect
skipverjar,correct
skattatías,incorrect
möndlublóm,correct
rangsleift,incorrect
fjölmargar,correct
blindingur,incorrect
gluggarnir,correct
miðrisdegi,incorrect
skyldmenni,correct
skelfarnir,incorrect
fagnaðarár,correct
beiskjalin,incorrect
fjandmanni,correct
réttlendið,incorrect
eftirlátar,correct
elskonungu,incorrect
hirðstjóra,correct
styrkjanna,incorrect
holdsveiki,correct
drekkjunum,incorrect
umbreytast,correct
þýðingjana,incorrect
kunngjörðu,correct
barstjórar,incorrect
fyrirmælin,correct
andsamlega,incorrect
styrjöldum,correct
veislausan,incorrect
mattatíass,correct
ásjónadabs,incorrect
ófullveðja,correct
flokknings,incorrect
stormhrina,correct
dagleikuðu,incorrect
lífverðina,correct
vildilegra,incorrect
skriðdýrin,correct
skrúðarhús,incorrect
dýrmætasta,correct
syndgaðist,incorrect
skilningur,correct
samannandi,incorrect
útlendinga,correct
aðfangelsi,incorrect
brúðgumann,correct
kynsemisar,incorrect
upprisunni,correct
senatpanea,incorrect
andkristur,correct
úlfaldanum,incorrect
ahílúðsson,correct
vinstafurs,incorrect
bringurnar,correct
kaleigtrog,incorrect
hafurkiðið,correct
áheyrinkum,incorrect
sáttarfórn,correct
hverslunum,incorrect
hlutkestið,correct
miðsluofni,incorrect
hægðarauka,correct
undrangrar,incorrect
aristarkus,correct
æðstaljast,incorrect
erkifantur,correct
refsivendýr,incorrect
refsidómnum,correct
boðsmennars,incorrect
framkvæmdum,correct
ljóðslegnum,incorrect
ráðsmennsku,correct
breiðinginn,incorrect
vitringunum,correct
undirheitis,incorrect
kvöldverðar,correct
kveldingjum,incorrect
loftstofuna,correct
framverjist,incorrect
nafntogaður,correct
nálgastarfa,incorrect
þjónustunni,correct
sósípaterót,incorrect
benajasonar,correct
víðfrægðina,incorrect
nýrnamörnum,correct
steinhlaðna,incorrect
sendiboðinn,correct
samkvæmlegt,incorrect
fjölskyldum,correct
bjúgsverður,incorrect
froðufellir,correct
antípaterót,incorrect
ptólemeusar,correct
ströndingur,incorrect
ógnvekjandi,correct
skýjaþykkju,incorrect
endurnýjuðu,correct
borðskrúðar,incorrect
helgidómnum,correct
biðjandmenn,incorrect
fjandmönnum,correct
hlustangana,incorrect
arfleifðina,correct
hlotningaða,incorrect
salmanesers,correct
altarimvegi,incorrect
hraustmenni,correct
uppörvilnað,incorrect
meðmælabréf,correct
friðþægindi,incorrect
friðilslaun,correct
makkaðastað,incorrect
almenningur,correct
súnemskurða,incorrect
grjóthrúgum,correct
jarðeignast,incorrect
hugspilltra,correct
mynstofnaði,incorrect
andstæðinga,correct
tvístraustu,incorrect
fjalllendið,correct
borgarkvæmt,incorrect
forgarðsins,correct
þúsundrunum,incorrect
víggirðingu,correct
tuttakenors,incorrect
álnarbreitt,correct
treystilegt,incorrect
gyðingaþjóð,correct
gleðjandmen,incorrect
fjandskapar,correct
hanameelíta,incorrect
uppsprettum,correct
flokkarnist,incorrect
hefndarverk,correct
kvonfangelsi,incorrect
línblæjurnar,correct
tjaldahryssa,incorrect
morgunvökuna,correct
hlutdeilagur,incorrect
loftstofunni,correct
biðjendurnar,incorrect
grátendurnir,correct
silfriðþægir,incorrect
sláturfórnum,correct
foringjannar,incorrect
vínyrkjarnir,correct
fjandalokinn,incorrect
fjandskapast,correct
guðhræðirnar,incorrect
árafjöldanum,correct
teresítarnir,incorrect
fótgönguliða,correct
tungurstyggð,incorrect
kvennabúrinu,correct
hafurinnarra,incorrect
einangraðist,correct
erfðalausnar,incorrect
illvirkjanna,correct
stjórnuðunum,incorrect
hreinskilnir,correct
norðurstyggð,incorrect
endurspeglar,correct
hrærisveitti,incorrect
fjárréttinni,correct
íbúannarlega,incorrect
fyrirgefning,correct
umframmgerði,incorrect
drýgindalega,correct
málmgjöldunga,incorrect
höfðingjarnir,correct
berasmiðirnar,incorrect
margvíslegrar,correct
langlátraðkar,incorrect
ráðsherrarnir,correct
sverkstjórans,incorrect
kvaðavinnunni,correct
heilögunnfána,incorrect
jerúsalemborg,correct
undirfilbylur,incorrect
fyrirgefningu,correct
skyldungarnir,incorrect
lítillækkaðar,correct
erfðalandsins,incorrect
hamadatssonar,correct
bráðugustundu,incorrect
heyrinkunnugt,correct
sprunarvöndum,incorrect
peningaupphæð,correct
kræktaðarásum,incorrect
fjallstindana,correct
