stimulus,correct_answer
銘句,incorrect
鳴く,correct
ゲ騾佐,incorrect
トペテ,correct
妊テ,incorrect
中止,correct
辞発,incorrect
仕方,correct
亜森,incorrect
わが子,correct
軌陛,incorrect
ふもと,correct
追ウ,incorrect
焼く,correct
付毛,incorrect
苦労,correct
温ワ,incorrect
アッパ,correct
ベ得痢,incorrect
訴える,correct
丸庫,incorrect
ホバブ,correct
偽ル,incorrect
存じ,correct
員無,incorrect
おのれ,correct
文辞,incorrect
増す,correct
斜ン,incorrect
暮れ,correct
得痢庫,incorrect
うたう,correct
横軌,incorrect
後に,correct
房無,incorrect
シュニ,correct
上痢,incorrect
残す,correct
浪美,incorrect
にわか,correct
残痢,incorrect
塗り,correct
ヘ家委,incorrect
兵営,correct
握事,incorrect
悪事,correct
滓柔,incorrect
四十,correct
惨雄,incorrect
三雄,correct
俗毛ル,incorrect
続ける,correct
惨日,incorrect
三日,correct
題単,incorrect
大胆,correct
握妊,incorrect
悪人,correct
凝瀬,incorrect
仰せ,correct
製含,incorrect
誓願,correct
堕石ン,incorrect
大臣,correct
時題,incorrect
時代,correct
電得ル,incorrect
伝える,correct
燈妊,incorrect
盗人,correct
題肥,incorrect
大声,correct
着委,incorrect
着い,correct
垣物,incorrect
書物,correct
紛彼,incorrect
分別,correct
電路,incorrect
伝道,correct
一翻,incorrect
一本,correct
平ワ,incorrect
平和,correct
嫉房,incorrect
失望,correct
距嫉,incorrect
居室,correct
酷物,incorrect
穀物,correct
跳委,incorrect
長い,correct
勘眼ル,incorrect
勧める,correct
訪委ル,incorrect
報いる,correct
味ワウ,incorrect
味わう,correct
慢妊,incorrect
万人,correct
繕槌,incorrect
全土,correct
勘物,incorrect
巻物,correct
邪握,incorrect
邪悪,correct
勘勘,incorrect
宦官,correct
友妊,incorrect
友人,correct
勘劇,incorrect
感激,correct
怠内,incorrect
胎内,correct
療句,incorrect
良く,correct
弁銘,incorrect
弁明,correct
按冶箕,incorrect
暗やみ,correct
通辞,incorrect
通じ,correct
慢遅ル,incorrect
満ちる,correct
浪美煮,incorrect
並びに,correct
訪脳,incorrect
奉納,correct
肋妊,incorrect
六人,correct
如毛ル,incorrect
助ける,correct
滓百,incorrect
いろいろ,correct
億洲ル,incorrect
何人,correct
批炎,incorrect
レギオン,correct
得家ン,incorrect
ペラテヤ,correct
繕群,incorrect
軍人,correct
弄妊,incorrect
造物,correct
胴銘,incorrect
そのため,correct
場処,incorrect
とともに,correct
得騾眼ル,incorrect
魂,correct
辞遅霧,incorrect
七倍,correct
員房,incorrect
ヨクタン,correct
睡ゲル,incorrect
よくする,correct
員眼ル,incorrect
信者,correct
惨粘,incorrect
ですから,correct
肝象,incorrect
等しい,correct
高侮ル,incorrect
ベテヅル,correct
論物,incorrect
悪口,correct
郷郷,incorrect
元年,correct
亜騾ウ菜,incorrect
害する,correct
得ル堕デ,incorrect
審判,correct
青胴,incorrect
ネヘミヤ,correct
得内無,incorrect
ケデモテ,correct
口咲,incorrect
北側,correct
ゼベ題,incorrect
パギエル,correct
叛弾,incorrect
綿布,correct
才慌,incorrect
最後,correct
別滓テ,incorrect
くちびる,correct
遅恵,incorrect
ゼカリヤ,correct
幸箙,incorrect
呼ばれる,correct
民俗,incorrect
完成,correct
牧物,incorrect
ザレタン,correct
燈繕,incorrect
登録,correct
埋眼ル,incorrect
西側,correct
赴糾,incorrect
安全,correct
華嫁,incorrect
婚約,correct
跳佐,incorrect
急ぎ,correct
次題,incorrect
説明,correct
希房,incorrect
つぶさに,correct
毛無得ル,incorrect
敷居,correct
眼菜ヘ無,incorrect
ヨナダブ,correct
脚可瀬,incorrect
昨夜,correct
妊塁,incorrect
家路,correct
摘追,incorrect
あいさつ,correct
式石,incorrect
和らげる,correct
軌泉,incorrect
種類,correct
柔可,incorrect
従う,correct
貝軒,incorrect
本殿,correct
テヌ具委,incorrect
ラピドテ,correct
才凱,incorrect
事績,correct
友堕遅,incorrect
卑しめる,correct
蜂銑,incorrect
鶏,correct
園後,incorrect
善悪,correct
外燈,incorrect
なおさら,correct
妊眼ル,incorrect
人数,correct
勘繕,incorrect
殺人,correct
田欄妬,incorrect
みだりに,correct
七銑,incorrect
となえる,correct
委ベ痢亜,incorrect
セレビヤ,correct
七粘,incorrect
たくわえ,correct
慢脚,incorrect
船隊,correct
斤銑,incorrect
接する,correct
脱遭,incorrect
ふりまく,correct
一粘,incorrect
来年,correct
宜ル簿亜,incorrect
やいなや,correct
怠材,incorrect
くじける,correct
耳田侮,incorrect
腎臓,correct
入痢,incorrect
迎える,correct
冶斜ル,incorrect
沈黙,correct
埋粘,incorrect
アシュル,correct
絶冶洲,incorrect
ふたたび,correct
燈播,incorrect
演説,correct
紛別,incorrect
山犬,correct
尾遭痢,incorrect
縦糸,correct
俗握,incorrect
大路,correct
尾含委,incorrect
やさしい,correct
胴隻,incorrect
暴飲,correct
叛別,incorrect
アイネヤ,correct
朱テ騾,incorrect
最上,correct
斤玄,incorrect
計算,correct
粘数,incorrect
年間,correct
軒物,incorrect
見当,correct
勘ノ軌,incorrect
回復,correct
題往,incorrect
千代,correct
蜂月,incorrect
テルハカ,correct
慌事,incorrect
正月,correct
端辞ル,incorrect
混乱,correct
蜂日,incorrect
八人,correct
箕凝,incorrect
惜しみ,correct
亜ァ綿,incorrect
ロデバル,correct
事慌,incorrect
イルエラ,correct
貞眼テ,incorrect
定める,correct
硫軌,incorrect
着く,correct
紹洲,incorrect
織る,correct
必擁,incorrect
誘惑,correct
握冷,incorrect
まっすぐ,correct
慌慌,incorrect
一同,correct
辛頼,incorrect
だちょう,correct
生轄,incorrect
午後,correct
友胴,incorrect
信任,correct
嫉問,incorrect
しつくす,correct
欠滓テ,incorrect
ほんとう,correct
頼臨,incorrect
いちばん,correct
亜ッ句侮,incorrect
歓楽,correct
才貝,incorrect
災難,correct
一銑,incorrect
近づく,correct
殖ウ,incorrect
じょうず,correct
貞按,incorrect
相連,correct
銘騾可,incorrect
報復,correct
擁凱,incorrect
燃やす,correct
爵度,incorrect
もうける,correct
胴様,incorrect
全家,correct
哀洲ル,incorrect
いただき,correct
繕邦,incorrect
全会,correct
題斤,incorrect
亡霊,correct
猛具,incorrect
記念碑,correct
接毛ル,incorrect
盛る,correct
殖委,incorrect
触れ,correct
旬委,incorrect
順に,correct
亜度箕無,incorrect
あちこち,correct
題軌委,incorrect
他人,correct
辛場ル,incorrect
につれて,correct
役即,incorrect
プテエル,correct
殿路,incorrect
夜昼,correct
斜ル無,incorrect
まったく,correct
残騾図,incorrect
貿易,correct
夜仲,incorrect
いっそう,correct
叛罪,incorrect
新穀,correct
胴員,incorrect
渡る,correct
歴題,incorrect
エコニヤ,correct
曇浴,incorrect
麗しい,correct
奴冷,incorrect
五十,correct
板痢冶,incorrect
シャウル,correct
貝訪,incorrect
適当,correct
辛場洲,incorrect
先だつ,correct
軒斤,incorrect
謙遜,correct
貝貝,incorrect
生じる,correct
赴冗,incorrect
賜,correct
亜美腕,incorrect
アビエル,correct
斜ン魔,incorrect
天下,correct
劇滓委,incorrect
六日,correct
療テ,incorrect
漁師,correct
謁得ル,incorrect
反対,correct
車ワ,incorrect
平野,correct
按黒,incorrect
バアラテ,correct
渡滓,incorrect
準備,correct
製箙,incorrect
父親,correct
欠懇,incorrect
三人,correct
題慌,incorrect
祝い,correct
瀬石句,incorrect
滅亡,correct
迫凱,incorrect
ギデオニ,correct
接掲,incorrect
位置,correct
親俗,incorrect
親戚,correct
哲痢,incorrect
包み,correct
京軌,incorrect
叫ぶ,correct
酪滓箕,incorrect
村里,correct
補斜冶,incorrect
日間,correct
一慢,incorrect
髪の毛,correct
赴潔,incorrect
八年,correct
繕妊,incorrect
立腹,correct
廉菜痢,incorrect
クシャヤ,correct
舌申,incorrect
成功,correct
七妊,incorrect
あらわれ,correct
係毛,incorrect
うかがう,correct
蜂密,incorrect
はたして,correct
弄胴,incorrect
名声,correct
題軌句,incorrect
占い師,correct
旬騾,incorrect
潤す,correct
茂箕,incorrect
支払い,correct
学物,incorrect
ゆっくり,correct
燈レル,incorrect
マッケダ,correct
騾口ル,incorrect
改めて,correct
柔誤,incorrect
十個,correct
白壁,incorrect
あわれむ,correct
習委,incorrect
焼ける,correct
擁委ル,incorrect
明るみ,correct
愉入,incorrect
メレモテ,correct
隻妊,incorrect
天上,correct
遭俗,incorrect
勧告,correct
糾軌,incorrect
病苦,correct
弄役,incorrect
たちまち,correct
按騾可,incorrect
アミホデ,correct
朴田遅,incorrect
ときには,correct
家俗,incorrect
警報,correct
盲妊,incorrect
悩ます,correct
有枡,incorrect
器具,correct
按域,incorrect
かかわり,correct
罪妊,incorrect
成人,correct
弓玄,incorrect
もっぱら,correct
辛滓委,incorrect
日夜,correct
跳ワ,incorrect
十度,correct
忠宜,incorrect
おおうみ,correct
辛辞ル,incorrect
いささか,correct
勘員,incorrect
船主,correct
勇軌,incorrect
にわたる,correct
展幕,incorrect
しっかり,correct
誤遜辞,incorrect
マグダラ,correct
口ヅ毛,incorrect
もしくは,correct
玄レル,incorrect
交わる,correct
腎根ル,incorrect
感動,correct
浴日,incorrect
クレオパ,correct
腎軌ル,incorrect
当時,correct
訪軌ル,incorrect
こうむる,correct
園日,incorrect
同類,correct
酷ゲル,incorrect
にわたり,correct
勘斜,incorrect
生存,correct
欠毛ル,incorrect
一般,correct
誤頭,incorrect
不名誉,correct
家頼,incorrect
一連,correct
粘糸,incorrect
それなら,correct
園時,incorrect
ひとこと,correct
斤吟,incorrect
対抗,correct
誤百,incorrect
手ずから,correct
補紹,incorrect
トンミム,correct
腎英,incorrect
種まき,correct
入レ,incorrect
ネアリヤ,correct
冷排,incorrect
一月,correct
簿牛委,incorrect
腫物,correct
貧滓委,incorrect
戯れ事,correct
渡洲,incorrect
一角,correct
遅騾瀬ル,incorrect
ただ今,correct
他邦,incorrect
これまで,correct
柔委,incorrect
出帆,correct
題軌菜,incorrect
砂浜,correct
尊委,incorrect
もらえる,correct
誠箕,incorrect
レピデム,correct
邦民,incorrect
一筋,correct
滅簿洲,incorrect
諸王,correct
終痢,incorrect
いにしえ,correct
紹滓,incorrect
回数,correct
材惨,incorrect
毛深い,correct
箙音,incorrect
荒らす,correct
習眼,incorrect
砕ける,correct
豪ワ瀬,incorrect
コリント,correct
思ウ,incorrect
とうとう,correct
誠痢,incorrect
デウエル,correct
恵箕,incorrect
レホボテ,correct
柔滓,incorrect
取次,correct
率訪,incorrect
ガラテヤ,correct
俗洲ル,incorrect
これほど,correct
進箕,incorrect
空虚,correct
遇象,incorrect
お待ち,correct
思委,incorrect
お話,correct
哲委,incorrect
確立,correct
療委,incorrect
一掃,correct
寂委,incorrect
とったり,correct
修痢,incorrect
ハウラン,correct
終ル,incorrect
半幅,correct
京レ,incorrect
一群,correct
糾眼,incorrect
反乱,correct
療遅,incorrect
悪名,correct
柔煮,incorrect
物見,correct
聖妬,incorrect
赦免,correct
糾ウ,incorrect
日前,correct
跳庫,incorrect
こわがる,correct
京委,incorrect
穀倉,correct
凝軌,incorrect
きまって,correct
凝句,incorrect
おさえる,correct
凝委,incorrect
太后,correct
凝ウ,incorrect
ハルシャ,correct
糾滓,incorrect
しおれる,correct
蜂柔,incorrect
八十,correct
平按,incorrect
平安,correct
冗瀬ル,incorrect
乗せる,correct
脳夫,incorrect
農夫,correct
隣妊,incorrect
隣人,correct
肋柔,incorrect
六十,correct
繕体,incorrect
全体,correct
民習,incorrect
民衆,correct
粘脳遅,incorrect
年のうち,correct
哲銘,incorrect
賢明,correct
猛遭,incorrect
武装,correct
派ゲ頭,incorrect
はげ頭,correct
煮柔委,incorrect
に従い,correct
殖ベル,incorrect
織物,correct
路廉レ,incorrect
つまびらか,correct
革袋,incorrect
組立て,correct
場ルテ埋,incorrect
作業,correct
得補冶斤,incorrect
ネタニエル,correct
孝俗,incorrect
宝蔵,correct
田痢匠,incorrect
しばたたく,correct
銘毛訪,incorrect
大理石,correct
盲一度,incorrect
没収,correct
弾殖,incorrect
永久,correct
員凝,incorrect
えり抜き,correct
衛陛,incorrect
操縦,correct
紛尿,incorrect
罪深い,correct
紹船,incorrect
小鳥,correct
殖糧,incorrect
焼き印,correct
浴冗,incorrect
信心,correct
勉弄,incorrect
百歳,correct
別才堕,incorrect
三百,correct
ゼ魔頼無,incorrect
アヒマアズ,correct
軌軌亜餓ル,incorrect
呼びかける,correct
漂叛,incorrect
左右,correct
京燈,incorrect
九年,correct
慌夫,incorrect
下着,correct
掠脱,incorrect
ゼロペハデ,correct
柔物,incorrect
じゅうぶん,correct
顔殖,incorrect
顔かたち,correct
京房,incorrect
競技,correct
紹妊,incorrect
所有,correct
水ノ上,incorrect
国境,correct
山ノ上,incorrect
成長,correct
貝ザ痢冶,incorrect
おもだった,correct
東訪,incorrect
真昼,correct
徹洲ル,incorrect
エリアサフ,correct
牛未,incorrect
船出,correct
惨柔,incorrect
六百,correct
療側,incorrect
女王,correct
発冗,incorrect
かわいそう,correct
前喪ッテ,incorrect
水夫,correct
眼ヘ田ベル,incorrect
鏡板,correct
潔眼ル,incorrect
治める,correct
宴貝,incorrect
夜明け,correct
紹怠,incorrect
政,correct
往位,incorrect
一百,correct
紹内,incorrect
商売,correct
紹距,incorrect
贖罪,correct
叔箙,incorrect
代価,correct
聖物,incorrect
女の子,correct
北ノ訪,incorrect
熱病,correct
療端,incorrect
思慮,correct
通擁,incorrect
命ずる,correct
紹数,incorrect
職人,correct
題紹,incorrect
南側,correct
誠遭,incorrect
百分,correct
蜂百,incorrect
エシタオル,correct
亜美菜堕侮,incorrect
徳行,correct
京得ル,incorrect
十人,correct
爵斤,incorrect
なまけ者,correct
事冗,incorrect
峻厳,correct
亜ヅ痢得ル,incorrect
デボンガド,correct
一侮紛,incorrect
曲げる,correct
距柔,incorrect
ものすごい,correct
糾丸,incorrect
九日,correct
亜美得ゼル,incorrect
に関して,correct
握騾美無,incorrect
エルザバデ,correct
柔辞可,incorrect
十一,correct
酪滓穴,incorrect
栄華,correct
題糾,incorrect
追いやる,correct
勇勘,incorrect
潔白,correct
柔紛,incorrect
十年,correct
旅凝,incorrect
さらしもの,correct
凝為,incorrect
行列,correct
上妬舌,incorrect
人殺し,correct
入レル,incorrect
伺う,correct
男ノ庫,incorrect
決心,correct
滓上ゲル,incorrect
カデミエル,correct
象希ル,incorrect
夕食,correct
場プテ洲魔,incorrect
でなければ,correct
怠出,incorrect
酔いどれ,correct
薫燈,incorrect
恥辱,correct
後垣軌,incorrect
悪評,correct
跳酷,incorrect
救助,correct
ピ派批賂テ,incorrect
裏切る,correct
煮追洲ル,incorrect
修繕,correct
接痢石,incorrect
平鍋,correct
命冷,incorrect
百万,correct
嗣凝,incorrect
つむじ風,correct
聖垣,incorrect
長そで,correct
硫眼ル,incorrect
脅かす,correct
出玄,incorrect
住まう,correct
殖事,incorrect
食欲,correct
冗浴,incorrect
平穏,correct
弟庫,incorrect
酒宴,correct
生軌物,incorrect
話せる,correct
習魔痢,incorrect
見せしめ,correct
紛毛前,incorrect
専心,correct
象痢物,incorrect
見つかる,correct
寂物,incorrect
だとすれば,correct
糾眼ル,incorrect
一方で,correct
百妊,incorrect
勝ち誇る,correct
製習,incorrect
エリメレク,correct
誤柔煮,incorrect
首長,correct
答得ル,incorrect
アビシュル,correct
跳弄,incorrect
をめぐって,correct
習郭,incorrect
いっせいに,correct
京貝,incorrect
糧食,correct
習妊,incorrect
イブレアム,correct
習丸,incorrect
の通り,correct
家亜場痢無,incorrect
イエアバリム,correct
凝軌頼,incorrect
行き来,correct
一心煮,incorrect
一心に,correct
賜ワル,incorrect
賜わる,correct
煮柔歳,incorrect
二十歳,correct
田家妊侮,incorrect
耐え忍ぶ,correct
朱率軌毛,incorrect
取り付け,correct
詰眼処,incorrect
詰め所,correct
京賂滓委,incorrect
強情,correct
得痢余得内,incorrect
斥候,correct
ベ菜冶餓脚,incorrect
セパルワイム,correct
騾口込無,incorrect
投げ込む,correct
煮慢誤銑,incorrect
いらせられる,correct
香場滓委,incorrect
バアルハナン,correct
婆ルベ痢テ,incorrect
柱頭,correct
匹軌呪毛,incorrect
長生き,correct
製レ着,incorrect
明くる日,correct
慌慌岸,incorrect
裁判官,correct
殖卓,incorrect
分け与える,correct
垣軌遭ル,incorrect
切り刻む,correct
京ルベ軌,incorrect
良心,correct
勉勉,incorrect
努力,correct
有洲樽庫,incorrect
ヨルダン川,correct
朱痢距ル,incorrect
受け継ぐ,correct
糾百,incorrect
ひとり暮し,correct
含委出,incorrect
真心,correct
紹習,incorrect
引き上げ,correct
眼テ具按魔,incorrect
アドニベゼク,correct
洲域可毛ル,incorrect
悪賢い,correct
燈派心,incorrect
それどころか,correct
衣殖,incorrect
尊敬,correct
根侮ザ騾弾,incorrect
刈り取る,correct
追委可毛ル,incorrect
百十,correct
亜洲赴ァル妬,incorrect
サウロサウロ,correct
誤柔妊,incorrect
三十五,correct
余羽ピ痢ポ,incorrect
くみ上げる,correct
柔煮月,incorrect
入れ物,correct
柔旬,incorrect
買い取り,correct
補紹距,incorrect
見分ける,correct
殖勉,incorrect
言いふらす,correct
殖委物,incorrect
物笑い,correct
擁痢胴可洲,incorrect
マタイアルパヨ,correct
朱痢出滓,incorrect
術士,correct
滓柔糾,incorrect
侍従,correct
度組上ゲル,incorrect
引き渡す,correct
滓補ル痢侮菜テ,incorrect
キリアテバアル,correct
出入痢,incorrect
投げ捨てる,correct
裕侍,incorrect
引き渡し,correct
朱痢出洲,incorrect
追い出す,correct
思委出,incorrect
真新しい,correct
貝軌銘騾洲,incorrect
ザルモンネトパ,correct
呪毛入レ,incorrect
連れ出す,correct
勇侍,incorrect
アレキサンデル,correct
亜ベル滓ッテ無,incorrect
バルナバニゲル,correct
