stimulus,correct_answer
ooki,incorrect
oora,correct
seri,incorrect
pura,correct
hero,incorrect
zori,correct
manu,incorrect
kuru,correct
kasi,incorrect
tiyo,correct
toke,incorrect
tuai,correct
imai,incorrect
huru,correct
anji,incorrect
tela,correct
kabu,incorrect
itua,correct
reme,incorrect
mara,correct
ehota,incorrect
meete,correct
tuuga,incorrect
tuuma,correct
igoma,incorrect
amuzi,correct
mooro,incorrect
moore,correct
maaba,incorrect
maabu,correct
tanjo,incorrect
irebe,correct
maaha,incorrect
baala,correct
muumu,incorrect
agima,correct
eetio,incorrect
zerua,correct
aturu,incorrect
aturi,correct
range,incorrect
aigue,correct
methu,incorrect
hoera,correct
turuu,incorrect
nyaga,correct
aanji,incorrect
itara,correct
mangi,incorrect
hande,correct
watwo,incorrect
oorwo,correct
kelau,incorrect
onuka,correct
kaine,incorrect
riume,correct
andwa,incorrect
amosi,correct
ethio,incorrect
ulamu,correct
share,incorrect
cione,correct
ahoti,incorrect
ahooe,correct
maiya,incorrect
naama,correct
maama,incorrect
roria,correct
ndeei,incorrect
muoya,correct
ootha,incorrect
ciako,correct
mooki,incorrect
ahiki,correct
meetio,incorrect
meetie,correct
ihooti,incorrect
ihooto,correct
tabere,incorrect
hadasa,correct
elifia,incorrect
twanyu,correct
hoteka,incorrect
hotage,correct
barizi,incorrect
jehuba,correct
ngumia,incorrect
iturea,correct
gerizi,incorrect
itooka,correct
makame,incorrect
marona,correct
kabera,incorrect
maruta,correct
karire,incorrect
tariso,correct
makana,incorrect
makome,correct
engaga,incorrect
bohani,correct
heyani,incorrect
temaai,correct
magogi,incorrect
mahehu,correct
inyire,incorrect
arefai,correct
mataru,incorrect
mahaki,correct
macina,incorrect
mahili,correct
ndooni,incorrect
aheani,correct
ciruti,incorrect
cirute,correct
ikonia,incorrect
ahikie,correct
lahamu,incorrect
pedaia,correct
mileti,incorrect
hufamu,correct
oigiri,incorrect
seferi,correct
eenene,incorrect
thuuna,correct
saleki,incorrect
arekio,correct
waragu,incorrect
yahota,correct
berini,incorrect
mahota,correct
athiya,incorrect
kwaguo,correct
zereti,incorrect
maakuo,correct
yerire,incorrect
ikinya,correct
kuonge,incorrect
eendwa,correct
woneki,incorrect
akeere,correct
ciothu,incorrect
eetaga,correct
rwanya,incorrect
rwanyu,correct
magaai,incorrect
shuali,correct
hisito,incorrect
javani,correct
iheeni,incorrect
ndundu,correct
mamani,incorrect
harari,correct
aefira,incorrect
yugaga,correct
aagani,incorrect
ataana,correct
thimea,incorrect
matega,correct
aamaki,incorrect
aambwo,correct
ndathu,incorrect
meenda,correct
mahona,incorrect
marume,correct
pereti,incorrect
deribe,correct
gologo,incorrect
kozibi,correct
ngunda,incorrect
itunda,correct
ihenge,incorrect
akoona,correct
jerere,incorrect
kuonja,correct
oohero,incorrect
rwoima,correct
mamuni,incorrect
hakila,correct
mbathi,incorrect
areehe,correct
igaini,incorrect
rekabu,correct
igakue,incorrect
mbembe,correct
aanjia,incorrect
maaruo,correct
irende,incorrect
manyua,correct
kanaga,incorrect
dinari,correct
maraca,incorrect
karigi,correct
iciina,incorrect
nduone,correct
igongo,incorrect
lehabi,correct
yaceke,incorrect
irekwo,correct
wetiri,incorrect
ainoni,correct
ciende,incorrect
molada,correct
meshemu,incorrect
mesheki,correct
meeheei,incorrect
ethambe,correct
moigiri,incorrect
wonanie,correct
boaneri,incorrect
wombire,correct
diotero,incorrect
jafethi,correct
jashumu,incorrect
jashubu,correct
ahikaga,incorrect
ahakire,correct
ahithie,incorrect
agaatua,correct
dileadi,incorrect
pithoni,correct
marigai,incorrect
mareera,correct
ekwendo,incorrect
anyiite,correct
aaheeni,incorrect
gakundi,correct
makinyi,incorrect
maringe,correct
meehage,incorrect
meehere,correct
menyire,incorrect
refaimu,correct
mabangi,incorrect
mabuthe,correct
anyooto,incorrect
ndikaae,correct
maciama,incorrect
maraire,correct
ainieli,incorrect
agoocwo,correct
tarisia,incorrect
mameere,correct
matinio,incorrect
marakua,correct
areehia,incorrect
akahota,correct
iganaia,incorrect
ikaraai,correct
wagemia,incorrect
waririe,correct
eendani,incorrect
eekirwo,correct
kishani,incorrect
heagaai,correct
haroshi,incorrect
tahathu,correct
ahuutha,incorrect
enigedi,correct
hisitia,incorrect
riumaga,correct
maakare,incorrect
oonanio,correct
haicagi,incorrect
cienjwo,correct
konaimu,incorrect
alufayo,correct
ndeetio,incorrect
eheriai,correct
kwambie,incorrect
rwaganu,correct
ndarati,incorrect
agakoma,correct
ndikeno,incorrect
akahaka,correct
oigirwo,incorrect
aciarwo,correct
tweyoni,incorrect
tworaga,correct
ndeetwo,incorrect
tuonaga,correct
hathani,incorrect
marooka,correct
ihiheeo,incorrect
akizibu,correct
rungata,incorrect
athiaga,correct
kaanaga,incorrect
dishoni,correct
iraathi,incorrect
shimuri,correct
magondu,incorrect
ngirini,correct
woigiri,incorrect
horeshu,correct
mahingu,incorrect
magerio,correct
hashuri,incorrect
hakoima,correct
geithio,incorrect
gemaria,correct
ndaambe,incorrect
kenathu,correct
itangwo,incorrect
akoorwo,correct
mahaani,incorrect
matonge,correct
haagiri,incorrect
shilihi,correct
thaatho,incorrect
aamenya,correct
aamwana,incorrect
shihoru,correct
kiragio,incorrect
meetaga,correct
malieli,incorrect
haelefu,correct
hongero,incorrect
ponitio,correct
adirica,incorrect
nemueli,correct
riithie,incorrect
elimasi,correct
elikija,incorrect
moohoro,correct
njoheei,incorrect
ikiumio,correct
ithaaha,incorrect
itumanu,correct
nyonera,incorrect
jushabu,correct
kwarire,incorrect
njaganu,correct
adonire,incorrect
ibiharu,correct
cabaaba,incorrect
aperizi,correct
alimadi,incorrect
njugaga,correct
shaloni,incorrect
inyuiki,correct
arehere,incorrect
eliteke,correct
meshema,incorrect
riumage,correct
erekano,incorrect
zukothu,correct
kinyire,incorrect
kishoni,correct
tarirwo,incorrect
lisania,correct
ihigari,incorrect
nyiitwo,correct
maanaka,incorrect
mariite,correct
agatire,incorrect
akoohwo,correct
naruaga,incorrect
tafathu,correct
irimona,incorrect
athoomu,correct
ciigane,incorrect
gaciare,correct
yathiya,incorrect
ciigaga,correct
ramarua,incorrect
amatare,correct
rekeete,incorrect
mookaga,correct
ndoimio,incorrect
njiganu,correct
waganjo,incorrect
makoine,correct
watinia,incorrect
magemie,correct
meshiko,incorrect
hoimire,correct
ithorai,incorrect
nganaga,correct
thuutie,incorrect
amatuge,correct
rungumo,incorrect
arekabu,correct
kaamawi,incorrect
wakagio,correct
bethara,incorrect
hathara,correct
sheleki,incorrect
makaahe,correct
rekeire,incorrect
kwenjwo,correct
hamweka,incorrect
ngoroku,correct
ndwaina,incorrect
ngenaga,correct
yereire,incorrect
nyororo,correct
uumithu,incorrect
maanyua,correct
hamwena,incorrect
hathaka,correct
igongoe,incorrect
akinyia,correct
hobakuku,incorrect
woheetwo,correct
areehera,incorrect
araakare,correct
ciendani,incorrect
wahotaga,correct
thitoria,incorrect
shubaeli,correct
ndarutwo,incorrect
ndionire,correct
akaanake,incorrect
akoigaga,correct
itundaga,incorrect
ariugaga,correct
hadonire,incorrect
waheirwo,correct
njambaya,incorrect
kenagaai,correct
gemagigi,incorrect
hashabia,correct
joshibea,incorrect
makooria,correct
ndatoori,incorrect
ndikaaga,correct
temanire,incorrect
tegeraai,correct
karumanu,incorrect
aarutire,correct
meeheete,incorrect
meeherio,correct
aciarawe,incorrect
igacinwo,correct
baribane,incorrect
barigici,correct
inandage,incorrect
atwarane,correct
pisidimu,incorrect
baladani,correct
maaregwo,incorrect
mareekwo,correct
hatheera,incorrect
yathimwo,correct
ndigaani,incorrect
ikengaga,correct
ngurunje,incorrect
atobokie,correct
menyiiki,incorrect
enganimu,correct
eneanaga,incorrect
mehokaga,correct
oimaganu,incorrect
aroreete,correct
haahaano,incorrect
aathiaga,correct
thingata,incorrect
maheetwo,correct
mahaleli,incorrect
maheagwo,correct
thithori,incorrect
akombori,correct
makabuku,incorrect
maakorwo,correct
igaciaro,incorrect
arokumio,correct
rekeetwo,incorrect
salimoni,correct
akeekire,incorrect
gwetirwo,correct
meenditi,incorrect
arathaga,correct
ramaheeo,incorrect
ndaagire,correct
uumithie,incorrect
shelemia,correct
yatigaai,incorrect
ireehage,correct
oonjeera,incorrect
watuirwo,correct
akoragie,incorrect
akoonane,correct
gaashita,incorrect
igathira,correct
ashaveni,incorrect
ikarutwo,correct
kwarigai,incorrect
moonagwo,correct
gwathagu,incorrect
itambaya,correct
mbarathu,incorrect
ahonokie,correct
mahigaai,incorrect
merorere,correct
ngundaga,incorrect
magwatwo,correct
aciarage,incorrect
moongana,correct
cieherio,incorrect
ateithie,correct
agookaai,incorrect
togarima,correct
pashusai,incorrect
sherebia,correct
iniinire,incorrect
meyonere,correct
aamenero,incorrect
benihuri,correct
ndiheeni,incorrect
aganagwo,correct
eekirete,incorrect
sheshani,correct
ihehenja,incorrect
ndeithia,correct
ciaheire,incorrect
jerohamu,correct
indiramu,incorrect
ihithage,correct
ihindaga,incorrect
meekirwo,correct
ithiatho,incorrect
ngarathe,correct
matakeno,incorrect
makahona,correct
tharaika,incorrect
shishaka,correct
wakwanyu,incorrect
makuange,correct
eehagwoi,incorrect
amaigage,correct
jehukathu,incorrect
barizilai,correct
meerekano,incorrect
moonekaga,correct
makaambie,incorrect
marootage,correct
acitwarwo,incorrect
moombirwo,correct
moimagana,incorrect
menyerera,correct
akandeete,incorrect
ndaakirie,correct
kileopago,incorrect
arogoocwo,correct
mwathaano,incorrect
mwathagwo,correct
thaathani,incorrect
kuonekaga,correct
eendeegwa,incorrect
shimuroni,correct
magongoro,incorrect
jehoadini,correct
ngaathani,incorrect
aakinyire,correct
jaakaragu,incorrect
kweherera,correct
ithaanake,incorrect
mwanangwo,correct
arabarati,incorrect
mbatithio,correct
moimagaai,incorrect
kiumagare,correct
demeremia,incorrect
jehosheba,correct
aperizimu,incorrect
eyendeete,correct
ciiragiri,incorrect
ciikaraga,correct
keehokeku,incorrect
agatwarwo,correct
aaneekaga,incorrect
cionekaga,correct
mathuutha,incorrect
mathugumo,correct
sositoria,incorrect
heliopoli,correct
akaiguire,incorrect
ndaiguaga,correct
ndaaringa,incorrect
agatooria,correct
wamahinda,incorrect
warutirwo,correct
manemania,incorrect
manyiitwo,correct
mawathoni,incorrect
mamenyeke,correct
thogorage,incorrect
mareehaga,correct
ababilosi,incorrect
yendeetwo,correct
ngaarirwo,incorrect
ngaamatua,correct
ikoragana,incorrect
aheenagia,correct
ngaathiya,incorrect
tigilathu,correct
nengerera,incorrect
njeherera,correct
cukururwo,incorrect
njikaraga,correct
cieherimu,incorrect
yahaanaga,correct
koonganjo,incorrect
wonanagia,correct
arainitho,incorrect
oonanirio,correct
ciaiguaga,incorrect
mwaheirwo,correct
tamoonire,incorrect
iteendaga,correct
enyithire,incorrect
menyithia,correct
aatoonyia,incorrect
aahooyaga,correct
wanyaanyu,incorrect
mameneete,correct
shalumanu,incorrect
jaramuthu,correct
ngurunjwo,incorrect
ihurunjwo,correct
macioneki,incorrect
bethaveni,correct
mibishadi,incorrect
mikilothu,correct
aciarania,incorrect
twahuuhwo,correct
ithaanaga,incorrect
maaheagwo,correct
icingania,incorrect
ciaikagia,correct
muonerera,incorrect
meeranaga,correct
wathooguo,incorrect
mahereete,correct
asidonire,incorrect
njeterere,correct
atongoona,incorrect
gederothu,correct
ithaahiha,incorrect
shaaraimu,correct
meehokeku,incorrect
ngoocagwo,correct
ithenyaai,incorrect
kwagithio,correct
aciohorwo,incorrect
mwatwarwo,correct
icangondo,incorrect
iguucagio,correct
sheshazai,incorrect
daberathu,correct
mwananeli,incorrect
baaligadi,correct
igongooti,incorrect
meekageei,correct
igongoria,incorrect
aniinagwo,correct
atahireda,incorrect
maingatwo,correct
ndukaniti,incorrect
ngahunjie,correct
ndeegwaku,incorrect
muumagare,correct
maciaribe,incorrect
maiganaga,correct
yanahathe,incorrect
aahikirie,correct
naakenere,incorrect
yathirire,correct
evilimadi,incorrect
gibethoni,correct
mbarathimo,incorrect
ndungataga,correct
kendanagia,incorrect
ikaranagia,correct
ngumanagwo,incorrect
mahuruutwo,correct
maaciarawe,incorrect
maahaanaga,correct
ndutuuraai,incorrect
ndarathire,correct
magongoria,incorrect
matoonyaga,correct
matigaacio,incorrect
maheenagia,correct
njookeetwo,incorrect
kooragirwo,correct
mameerirwo,incorrect
itikoragwo,correct
maakaririo,incorrect
maramuonia,correct
mahigarire,incorrect
maikaragia,correct
twacuurire,incorrect
twarutirwo,correct
ahilihangi,incorrect
ndiramenya,correct
wenyereire,incorrect
arehereete,correct
mooragania,incorrect
ndamenyaga,correct
moohorohio,incorrect
elinathani,correct
agacicooka,incorrect
imenyithia,correct
aswaniinwo,incorrect
etoonyagia,correct
areeherere,incorrect
gakomeetio,correct
mationanie,incorrect
aamooneete,correct
marahuutha,incorrect
aamarutire,correct
agacangoro,incorrect
ikaagerera,correct
aikarinoni,incorrect
imenyekaga,correct
horerekano,incorrect
aconokeete,correct
kwendeegwa,incorrect
amenyithie,correct
maraathani,incorrect
makaniinwo,correct
thaahuuhwo,incorrect
maathikaga,correct
irigithaka,incorrect
aakinyirie,correct
maacikuuga,incorrect
maahenagia,correct
mbarathima,incorrect
twendeetio,correct
ngumaniini,incorrect
jehaleleli,correct
matiihagio,incorrect
amahonokie,correct
ngurungumo,incorrect
njehereria,correct
igacihinda,incorrect
arakoragwo,correct
aareehitho,incorrect
aamenyeete,correct
ataaroraai,incorrect
meonanagia,correct
kwaroragwo,incorrect
maatarirwo,correct
thesalonia,incorrect
maamenyire,correct
ihengeraga,incorrect
anengerane,correct
maciiganja,incorrect
matioinaga,correct
wageranaai,incorrect
wareehagwo,correct
magongorwo,incorrect
magathirwo,correct
mwakirabia,incorrect
mataakuire,correct
mwendwanyu,incorrect
meeheanire,correct
meendwarie,incorrect
akainainia,correct
inegenagia,incorrect
maameneete,correct
ciandekeei,incorrect
maatigirwo,correct
cionekanio,incorrect
aagwathire,correct
aakoririku,incorrect
itakaahona,correct
mbaaragaai,incorrect
tuganagaai,correct
meehirieli,incorrect
gatheecaga,correct
ihooteirwo,incorrect
agoocithio,correct
njambarati,incorrect
ndakenagio,correct
hisitarane,incorrect
makaanagie,correct
aroimagire,incorrect
ndahakagwo,correct
thakamaina,incorrect
maathanaga,correct
irengeetha,incorrect
jathinieli,correct
hinyaagire,incorrect
bethanathu,correct
mwathariko,incorrect
wathanagwo,correct
aagaathani,incorrect
ngoocithia,correct
bendeithie,incorrect
aatharirie,correct
kwarigitha,incorrect
shelomithu,correct
ekwanyiita,incorrect
maherithio,correct
mwathingie,incorrect
ikaaneneha,correct
mwathagiai,incorrect
akahonerie,correct
augusitera,incorrect
migidaleli,correct
mawathanie,incorrect
malikishua,correct
moothamiri,incorrect
ciaciaraga,correct
ahibiranire,incorrect
ndamaathire,correct
abelitekosi,incorrect
esarihadoni,correct
marigithani,incorrect
mahonokirie,correct
maamaathani,incorrect
maahunjagia,correct
atherithani,incorrect
sabakithani,correct
agerekeetwo,incorrect
ndaciarirwo,correct
ngahoteetwo,incorrect
acirutithie,correct
meciiragaai,incorrect
menyereraai,correct
ikaririkaae,incorrect
ndikeneetio,correct
marigithaga,incorrect
marekererie,correct
ndungataano,incorrect
sefarivaimu,correct
mbaaraakaga,incorrect
aikaranagia,correct
kwaraganaga,incorrect
maanangagwo,correct
geririkamba,incorrect
wathamakaga,correct
evilimeriba,incorrect
epaforodito,correct
jerekaniini,incorrect
maatoonyire,correct
ngururumanu,incorrect
twarigainie,correct
mamathamaki,incorrect
maronyiitwo,correct
moohanangwo,incorrect
athoomithie,correct
itikoragiri,incorrect
yahonokirie,correct
yangethagwo,incorrect
wanengerire,correct
ngaaganagia,incorrect
athondekire,correct
thigaatheru,incorrect
maanyiitire,correct
arabarathia,incorrect
ndeciiragia,correct
kaanagaatho,incorrect
makaaroraga,correct
meendeithio,incorrect
igathararia,correct
mwagithaaha,incorrect
meeciiragia,correct
pelatiahota,incorrect
maciirithio,correct
rangiringie,incorrect
cookereraai,correct
kendagaatho,incorrect
ibatarainie,correct
waciarutaga,incorrect
jehonathani,correct
maambatithe,incorrect
ikaarekanio,correct
aatongoorwo,incorrect
itobokeetio,correct
leviathenge,incorrect
itoonyeetio,correct
mataanoohwo,incorrect
hatikooneka,correct
maheenaniai,incorrect
magatherera,correct
mwakanjigua,incorrect
ndakarutire,correct
oorageranie,incorrect
marathengio,correct
mibizathani,incorrect
methushaeli,correct
mwathayagia,incorrect
matikoragwo,correct
mwathanirio,incorrect
akoongerera,correct
thondekeetio,incorrect
thondekeraai,correct
maganjathani,incorrect
matigaakorwo,correct
ahibirishoni,incorrect
ikomboreetwo,correct
magararagaai,incorrect
matigaacooke,correct
makorerekano,incorrect
marutithagia,correct
meenjeeranwo,incorrect
aririkanagwo,correct
ithengereete,incorrect
athondekeire,correct
eendeeherere,incorrect
matigaacooka,correct
magacingagie,incorrect
matagaacooka,correct
mwendagaathi,incorrect
gaatuithirio,correct
mwakongoothe,incorrect
maahaicanaga,correct
njoherodakua,incorrect
maamenyithie,correct
atongoonanie,incorrect
aatongoririe,correct
eendwainaine,incorrect
ngaaherithia,correct
pahathondeka,incorrect
maathaamirio,correct
aripakisanda,incorrect
moongerereke,correct
ndaciherithi,incorrect
akamahurunja,correct
mbarathikoli,incorrect
moimagaririe,correct
atwarekeetwo,incorrect
meshilemothu,correct
mwakomagirwo,incorrect
maamooragaga,correct
aathukalidea,incorrect
wathondekire,correct
thaahaanaini,incorrect
mangongoraga,correct
ndeeherithio,incorrect
ndateithagia,correct
mwambathirwo,incorrect
maathambagia,correct
igongoonanie,incorrect
mamenyereete,correct
waragerekaga,incorrect
yamenyereete,correct
makoimagaika,incorrect
matigaakenio,correct
maakinyuothe,incorrect
maacemanirie,correct
thigaringaga,incorrect
matongoragio,correct
ciiragaanene,incorrect
thingatagaai,correct
athikweherwo,incorrect
akareehithia,correct
ndungateegwa,incorrect
acitwarithia,correct
mwathangaawa,incorrect
ndamanyaagia,correct
ndakaamalikia,incorrect
ndakaanahikie,correct
ndaatwaringai,incorrect
aiguithanagio,correct
kweherithiomi,incorrect
maathondekaga,correct
ndaherithiage,incorrect
ndikeenyenyio,correct
gatuunyanagia,incorrect
amaraathimaga,correct
memenyithaano,incorrect
acangacangaga,correct
mwathamakiuma,incorrect
maathondekire,correct
mbarathishadi,incorrect
ndakaanahikio,correct
shelomithirwo,incorrect
maarutithagio,correct
akanithaanako,incorrect
akaareehithia,correct
areehereragia,incorrect
twabatithirio,correct
ngaaheageetha,incorrect
ngaamahurunja,correct
mamenyereetio,incorrect
matikaaniinwo,correct
ciiragageetha,incorrect
ataathoomeire,correct
gaakorokerera,incorrect
wahenahenagia,correct
ndakaaneekaga,incorrect
akaumenyithie,correct
maitherimothi,incorrect
matikaanjigua,correct
petharibariba,incorrect
manyamaaragia,correct
nikopolionire,incorrect
gatikaanyuaga,correct
mareeherithire,incorrect
matikaahonokia,correct
aiguithaathire,incorrect
amatongoreetie,correct
ngirigithakame,incorrect
aamatongoragia,correct
thigamuonekaga,incorrect
ndamahurunjire,correct
