stimulus,correct_answer
мија,incorrect
мами,correct
шиле,incorrect
ахор,correct
крил,incorrect
црни,correct
вета,incorrect
лови,correct
сата,incorrect
брка,correct
нало,incorrect
бели,correct
дово,incorrect
изел,correct
алиш,incorrect
елен,correct
очит,incorrect
кнез,correct
наме,incorrect
вест,correct
лото,incorrect
суви,correct
цари,incorrect
едер,correct
капа,incorrect
режи,correct
дено,incorrect
изли,correct
авиш,incorrect
авен,correct
огни,incorrect
дига,correct
одре,incorrect
воен,correct
окот,incorrect
роде,correct
живе,incorrect
цело,correct
глед,incorrect
урна,correct
бието,incorrect
биете,correct
магаш,incorrect
честа,correct
волно,incorrect
пасам,correct
палам,incorrect
мишал,correct
злост,incorrect
угоре,correct
вавил,incorrect
грижи,correct
едени,incorrect
можел,correct
племи,incorrect
елини,correct
штето,incorrect
фркне,correct
стоен,incorrect
брзам,correct
никот,incorrect
темни,correct
прето,incorrect
синај,correct
дости,incorrect
копно,correct
напак,incorrect
земал,correct
прија,incorrect
чувте,correct
трниш,incorrect
топот,correct
незна,incorrect
говор,correct
едини,incorrect
тешки,correct
перни,incorrect
шамир,correct
задна,incorrect
поука,correct
заста,incorrect
јавач,correct
извод,incorrect
молец,correct
левам,incorrect
стоел,correct
остап,incorrect
даваа,correct
пајак,incorrect
крчми,correct
левим,incorrect
тргни,correct
климе,incorrect
бучат,correct
ширеј,incorrect
стапа,correct
едента,incorrect
велите,correct
душате,incorrect
црвена,correct
височи,incorrect
мажите,correct
навачи,incorrect
бориме,correct
нареку,incorrect
видите,correct
мареши,incorrect
грнчар,correct
кошник,incorrect
копнее,correct
сетина,incorrect
следна,correct
овниот,incorrect
течење,correct
сведов,incorrect
враќаш,correct
седржи,incorrect
стомна,correct
одгова,incorrect
тргнал,correct
продов,incorrect
нареди,correct
заедни,incorrect
дознае,correct
зареку,incorrect
пороси,correct
демови,incorrect
изедов,correct
одатта,incorrect
свршат,correct
халале,incorrect
стопат,correct
местив,incorrect
светат,correct
ветето,incorrect
полека,correct
поколи,incorrect
помори,correct
женост,incorrect
имајте,correct
средно,incorrect
носила,correct
несрет,incorrect
лидија,correct
радото,incorrect
почнав,correct
бадеме,incorrect
обнови,correct
присто,incorrect
јавено,correct
христа,incorrect
доведи,correct
морени,incorrect
можеме,correct
витски,incorrect
зачуди,correct
стојан,incorrect
обреза,correct
јерови,incorrect
робови,correct
истеец,incorrect
истави,correct
мазиле,incorrect
нисрох,correct
тристо,incorrect
трупот,correct
очитув,incorrect
пустош,correct
недост,incorrect
глинен,correct
јереме,incorrect
гедера,correct
китите,incorrect
внесат,correct
оружиш,incorrect
украле,correct
јаспие,incorrect
побива,correct
силници,incorrect
силниот,correct
чувајќи,incorrect
водачот,correct
ништето,incorrect
чекајте,correct
полнува,incorrect
измешан,correct
шесната,incorrect
плаќаат,correct
првеник,incorrect
болскот,correct
забелег,incorrect
побрзај,correct
порочно,incorrect
развеам,correct
мускули,incorrect
бахурим,correct
хагрижи,incorrect
исчезне,correct
мошници,incorrect
торбата,correct
радотии,incorrect
вечната,correct
ближува,incorrect
упатува,correct
песница,incorrect
печалба,correct
ливните,incorrect
машките,correct
мерност,incorrect
нишајќи,correct
закрило,incorrect
засрами,correct
племите,incorrect
кренеме,correct
должија,incorrect
молчете,correct
молчиња,incorrect
степите,correct
навесат,incorrect
помисли,correct
неразум,incorrect
поживеа,correct
ведница,incorrect
победат,correct
подгово,incorrect
запусти,correct
личието,incorrect
челадта,correct
ѕверово,incorrect
ѕверови,correct
божечки,incorrect
одвреме,correct
прикови,incorrect
прилика,correct
чичката,incorrect
дрскост,correct
полнија,incorrect
горниот,correct
невесте,incorrect
неверни,correct
сионово,incorrect
соништа,correct
пилците,incorrect
ноќвите,correct
стребаа,incorrect
секаков,correct
колниот,incorrect
полнење,correct
селуваа,incorrect
баладан,correct
средели,incorrect
средина,correct
добличи,incorrect
робуваа,correct
околнет,incorrect
младост,correct
додолжи,incorrect
кадмиел,correct
споколу,incorrect
спокоен,correct
напраша,incorrect
излезат,correct
иселеше,incorrect
жедната,correct
пештени,incorrect
саруеви,correct
градија,incorrect
шестина,correct
времете,incorrect
уплашен,correct
кратата,incorrect
мирните,correct
токмеам,incorrect
качивме,correct
племиот,incorrect
плачење,correct
изворно,incorrect
извадат,correct
гатство,incorrect
клисури,correct
напрема,incorrect
јадевме,correct
голтани,incorrect
ползата,correct
патекне,incorrect
кравите,correct
завлезо,incorrect
засадам,correct
истрига,incorrect
фалевме,correct
крепаша,incorrect
случува,correct
надејно,incorrect
некогаш,correct
општува,incorrect
близина,correct
правање,incorrect
казниме,correct
пристал,incorrect
посадив,correct
лудивте,incorrect
понесоа,correct
подаров,incorrect
издадов,correct
товарен,incorrect
исфрлен,correct
немираа,incorrect
признав,correct
узнаваа,incorrect
енганим,correct
бумбари,incorrect
соопшти,correct
накрива,incorrect
навлезе,correct
видецот,incorrect
родилка,correct
барејќи,incorrect
значење,correct
магајте,incorrect
божјата,correct
говотот,incorrect
моавско,correct
вдовите,incorrect
кедарот,correct
пренети,incorrect
огромни,correct
акратно,incorrect
ниските,correct
попусти,incorrect
капител,correct
заповел,incorrect
избегав,correct
продост,incorrect
посетам,correct
неговме,incorrect
дадовте,correct
пострем,incorrect
телешко,correct
мехеров,incorrect
каатови,correct
маскини,incorrect
осветил,correct
илјадица,incorrect
илјадите,correct
големате,incorrect
големата,correct
половиот,incorrect
положија,correct
изреката,incorrect
примивте,correct
поведите,incorrect
долините,correct
напрашаа,incorrect
извршена,correct
познаење,incorrect
познавме,correct
сведовме,incorrect
простите,correct
последиш,incorrect
ископани,correct
договиот,incorrect
доилките,correct
празница,incorrect
избегале,correct
престото,incorrect
престоли,correct
витските,incorrect
лекуваат,correct
покрајот,incorrect
ликуваат,correct
пристата,incorrect
напаѓаат,correct
неправил,incorrect
побегнам,correct
заедност,incorrect
загинете,correct
гранието,incorrect
убивајќи,correct
исхрабри,incorrect
зафатија,correct
посрамот,incorrect
кажување,correct
ислување,incorrect
лекување,correct
дветецот,incorrect
сметајте,correct
исцелиот,incorrect
сличните,correct
одозгоре,incorrect
шеханија,correct
римските,incorrect
собираат,correct
судските,incorrect
плешката,correct
опковиот,incorrect
удирајќи,correct
воспеаја,incorrect
убивајте,correct
волотија,incorrect
умножува,correct
делотови,incorrect
искажано,correct
служувам,incorrect
седнувам,correct
престата,incorrect
месеците,correct
грнчарев,incorrect
недостиг,correct
необлечи,incorrect
замислил,correct
ракатите,incorrect
истрезни,correct
боравија,incorrect
одредија,correct
устатоци,incorrect
цврстина,correct
страница,incorrect
златната,correct
воспевај,incorrect
воздигне,correct
левањето,incorrect
веригите,correct
срамножи,incorrect
огорчени,correct
пропасно,incorrect
притисна,correct
овниците,incorrect
јазиците,correct
сјајниот,incorrect
псалмите,correct
утредени,incorrect
споменик,correct
одговото,incorrect
владеете,correct
заспална,incorrect
заситија,correct
растелко,incorrect
поминете,correct
згрешина,incorrect
здравото,correct
ривлечен,incorrect
опковани,correct
женското,incorrect
царуваат,correct
мисламка,incorrect
стрелата,correct
направда,incorrect
извршиле,correct
отспрема,incorrect
возењето,correct
сепалени,incorrect
одделува,correct
заправен,incorrect
запечати,correct
големиња,incorrect
отфрлете,correct
марешини,incorrect
мишраити,correct
полскиот,incorrect
напишани,correct
ученично,incorrect
службите,correct
чувашето,incorrect
светкаат,correct
великови,incorrect
реченото,correct
изгорето,incorrect
затрепка,correct
стадотии,incorrect
облутави,correct
неговори,incorrect
живеевте,correct
целовите,incorrect
грабливи,correct
гласотии,incorrect
владееше,correct
мразецот,incorrect
хоровите,correct
држители,incorrect
облаците,correct
пратенот,incorrect
наречено,correct
постолот,incorrect
логорите,correct
цефанина,incorrect
сериозно,correct
острасна,incorrect
сторивте,correct
испразно,incorrect
испраќам,correct
јадешкум,incorrect
тргнавме,correct
заповеќе,incorrect
војските,correct
македско,incorrect
изворска,correct
растрада,incorrect
запенува,correct
колениот,incorrect
изменила,correct
седникот,incorrect
гатскиот,correct
наземаше,incorrect
неодамна,correct
надојата,incorrect
наспроти,correct
колнуваш,incorrect
замразив,correct
утешната,incorrect
плашливи,correct
насладот,incorrect
ветувања,correct
натпанеа,incorrect
ваалмеон,correct
местапки,incorrect
исправат,correct
поцврсто,incorrect
зафатено,correct
оплавија,incorrect
чакалите,correct
повериги,incorrect
заведува,correct
местивме,incorrect
испосече,correct
забаваму,incorrect
задоволи,correct
бидетето,incorrect
аврамови,correct
укрепира,incorrect
владение,correct
остричка,incorrect
творејќи,correct
филистен,incorrect
исплашив,correct
тевањето,incorrect
спуштија,correct
поговите,incorrect
заградам,correct
грешинит,incorrect
продаваш,correct
градејно,incorrect
кениецот,correct
мокривка,incorrect
зеленото,correct
нивнатре,incorrect
цариници,correct
дофрлија,incorrect
гоморски,correct
истувајќи,incorrect
врзувајќи,correct
собраници,incorrect
собраните,correct
оддесното,incorrect
одрековте,correct
исплашеше,incorrect
разрушете,correct
работуваа,incorrect
началства,correct
немоштува,incorrect
потекнува,correct
сепаление,incorrect
семејство,correct
бедратата,incorrect
поучуваше,correct
ждрепките,incorrect
згрешивме,correct
мислужиме,incorrect
духовниот,correct
силниците,incorrect
искушение,correct
побожници,incorrect
побожните,correct
изградови,incorrect
наследник,correct
коработни,incorrect
нечесниот,correct
помислено,incorrect
подигнете,correct
нечистина,incorrect
манасиево,correct
избегашно,incorrect
наследите,correct
доведајќи,incorrect
покажавте,correct
хананието,incorrect
хагриецот,correct
засекаква,incorrect
покажувам,correct
јудејство,incorrect
четвртото,correct
јужниците,incorrect
ашдодците,correct
заприлепи,incorrect
раздвоени,correct
местувале,incorrect
истргната,correct
можелезот,incorrect
немаштија,correct
затегнале,incorrect
никнуваат,correct
отставата,incorrect
небесната,correct
јасниците,incorrect
едемската,correct
потребива,incorrect
населбите,correct
топлуваше,incorrect
казнуваат,correct
врататиев,incorrect
останевме,correct
заслушата,incorrect
горчевина,correct
народилка,incorrect
постапија,correct
одбраница,incorrect
победници,correct
макитивте,incorrect
известија,correct
ветротаим,incorrect
војувајте,correct
повикашен,incorrect
вистинити,correct
трагитини,incorrect
понизност,correct
градовици,incorrect
разбирање,correct
лаадските,incorrect
каатовите,correct
крвавилно,incorrect
продаваше,correct
богослово,incorrect
напојуваа,correct
верувимов,incorrect
работници,correct
другариња,incorrect
средината,correct
постеници,incorrect
разберете,correct
местолите,incorrect
одговарам,correct
неговореа,incorrect
храмовиот,correct
оклонивме,incorrect
исцеливте,correct
зачудесно,incorrect
штитовите,correct
заповелби,incorrect
запустува,correct
гозападна,incorrect
неисушени,correct
објасница,incorrect
ослободам,correct
изгорешен,incorrect
халдејска,correct
јахојадат,incorrect
првенецот,correct
друготови,incorrect
откажувај,correct
сакаатови,incorrect
асирската,correct
сестрадам,incorrect
нечистота,correct
четворени,incorrect
телесното,correct
поиспрати,incorrect
сивмајска,correct
оскудното,incorrect
запнуваат,correct
вреќавање,incorrect
дојдените,correct
господига,incorrect
направени,correct
станијата,incorrect
миризливо,correct
кедоносец,incorrect
увезуваше,correct
околепиот,incorrect
вдовицата,correct
кладеното,incorrect
авесаломе,correct
неказната,incorrect
избезумат,correct
нивниците,incorrect
исползува,correct
кораведно,incorrect
задржуваш,correct
ноамовите,incorrect
спечалила,correct
масликолу,incorrect
страшниот,correct
ангелието,incorrect
пророкува,correct
одберешам,incorrect
купувавме,correct
заремотов,incorrect
зарадував,correct
офирскање,incorrect
очекувате,correct
царствува,incorrect
преброија,correct
требицата,incorrect
разбираат,correct
шуматишта,incorrect
шишенцето,correct
собератата,incorrect
ахазиевите,correct
држителите,incorrect
гробницата,correct
нечеството,incorrect
несреќниот,correct
престојата,incorrect
престолите,correct
ближниците,incorrect
височината,correct
вашителите,incorrect
гревовното,correct
крстеникот,incorrect
летописите,correct
наученично,incorrect
мијалникот,correct
говоријата,incorrect
неправедно,correct
тврдението,incorrect
трпеливост,correct
исповедите,incorrect
височините,correct
далекуваат,incorrect
јосифовите,correct
станешниот,incorrect
левитските,correct
заемодадам,incorrect
највидните,correct
стебледеше,incorrect
глуждовите,correct
пропаснови,incorrect
испитуваше,correct
помошникот,incorrect
пратеникот,correct
очистината,incorrect
езекиевиот,correct
проповерен,incorrect
придружија,correct
исперењето,incorrect
стрижачите,correct
посторство,incorrect
височество,correct
случувајќи,incorrect
влегувајте,correct
изведочија,incorrect
искушувате,correct
надворецот,incorrect
настојници,correct
истувањето,incorrect
расудуваат,correct
направилон,incorrect
отстранети,correct
законијата,incorrect
заедницата,correct
спокојници,incorrect
соблазните,correct
утрешникој,incorrect
средствата,correct
последства,incorrect
поклонуваа,correct
еднаковиот,incorrect
напречници,correct
неговореше,incorrect
ништожност,correct
себесникот,incorrect
создавајте,correct
случајното,incorrect
обложување,correct
напрашуваа,incorrect
поставувам,correct
штитниците,incorrect
постелката,correct
сестраница,incorrect
хуфамовото,correct
заповерува,incorrect
раскинуваш,correct
поголемови,incorrect
покоруваме,correct
вторниците,incorrect
рувимовиот,correct
блискушува,incorrect
проголтува,correct
насредните,incorrect
произлезат,correct
мачениците,incorrect
светилишта,correct
јаростижна,incorrect
свршеникот,correct
испокорува,incorrect
разбојници,correct
празоближи,incorrect
богољубиви,correct
разберачот,incorrect
помошничка,correct
пустеникот,incorrect
смилостиви,correct
приврзував,incorrect
седржителе,correct
изјавуваат,incorrect
осамнување,correct
запаѓањето,incorrect
пострадаат,correct
напразнови,incorrect
владетелот,correct
хашавиезер,incorrect
обиколуваа,correct
дворешност,incorrect
бронзеното,correct
отстратата,incorrect
поверуваат,correct
господобро,incorrect
љубомората,correct
сретнаесет,incorrect
способност,correct
нечистаток,incorrect
заборавиле,correct
воздравило,incorrect
извршуваме,correct
развраќата,incorrect
поттикнати,correct
оружјеност,incorrect
иродовците,correct
честискаат,incorrect
однесување,correct
одмеремина,incorrect
безумникот,correct
идолитвата,incorrect
вплетуваат,correct
софонијата,incorrect
познанието,correct
утробиштам,incorrect
испразнета,correct
господигна,incorrect
единствено,correct
градотолчи,incorrect
оддалечена,correct
неговарост,incorrect
обвинители,correct
убиственик,incorrect
подмолност,correct
останешник,incorrect
единствена,correct
господоцна,incorrect
разгранета,correct
ногатскиов,incorrect
дотежнувал,correct
мосеротаим,incorrect
неизгаслив,correct
уништожник,incorrect
согледливи,correct
очистеецот,incorrect
родословен,correct
очистокрај,incorrect
јасновидец,correct
гумножуваш,incorrect
поверувале,correct
изгонувајќи,incorrect
покажувајќи,correct
кажалиштето,incorrect
истражуваат,correct
пособницата,incorrect
придружници,correct
друготовите,incorrect
лицемерност,correct
свртувањето,incorrect
сиромашните,correct
избератарот,incorrect
поверувавте,correct
намажелезни,incorrect
иселениците,correct
лазачувајќи,incorrect
искушувајте,correct
разбератаму,incorrect
непокорните,correct
пророколиби,incorrect
поздравивме,correct
нивнителите,incorrect
свештенство,correct
натопувачот,incorrect
исахаровото,correct
жественикот,incorrect
одмаздникот,correct
запленената,incorrect
заплашувања,correct
појасотиите,incorrect
одметниците,correct
началникога,incorrect
помислуваше,correct
работиштата,incorrect
страничните,correct
раширатеник,incorrect
победоносна,correct
неговоријат,incorrect
извршувајте,correct
гнаселената,incorrect
шестотините,correct
зградостите,incorrect
аморејските,correct
згответецот,incorrect
возљубената,correct
истољубивај,incorrect
родословија,correct
неговорејци,incorrect
возвеличува,correct
господигнав,incorrect
осквернуваа,correct
милостивата,incorrect
принесеното,correct
погребувајте,incorrect
опседнувајте,correct
последството,incorrect
безбожниците,correct
престотините,incorrect
престојувате,correct
неговоријата,incorrect
живеалиштето,correct
роденчетокот,incorrect
поткрепуваат,correct
поколништата,incorrect
постапувајќи,correct
волшепствени,incorrect
дарежливоста,correct
изгрешникога,incorrect
обесчестивте,correct
споместотини,incorrect
испитувањето,correct
израеловинар,incorrect
благословени,correct
раскинијатни,incorrect
пророкувајте,correct
царевитските,incorrect
јасновидците,correct
мудростуваше,incorrect
удостојуваат,correct
железнабошци,incorrect
поставувајќи,correct
бесчестапува,incorrect
мелхиседеков,correct
откроверувим,incorrect
единствениот,correct
гневинтската,incorrect
гергесејците,correct
нагословотот,incorrect
несогласност,correct
непокоријата,incorrect
неостварливи,correct
закрилепуваа,incorrect
потиштеноста,correct
направелеаев,incorrect
прељубодејки,correct
вршенственот,incorrect
соломоновото,correct
господигнале,incorrect
благовестеше,correct
опаметниците,incorrect
раководењето,correct
отстранешнат,incorrect
ненаселената,correct
роповернериј,incorrect
ракописаниот,correct
станијателот,incorrect
готварниците,correct
допуштенична,incorrect
проверувајте,correct
идолопотреба,incorrect
ненаситноста,correct
надгледницата,incorrect
поткрепувајте,correct
отстражарници,incorrect
адраазаровите,correct
вознемоштедам,incorrect
совршенствата,correct
искушанришани,incorrect
воскликнување,correct
наследеновите,incorrect
нечистотијата,correct
прославослово,incorrect
престолнината,correct
народослободе,incorrect
известувањето,correct
народословата,incorrect
очистилиштето,correct
сиромасиевата,incorrect
јахојадаевиот,correct
пловинатански,incorrect
презаситеност,correct
стојаносуваат,incorrect
разгледувавте,correct
стојувалатите,incorrect
трудбеничките,correct
гревознемојте,incorrect
замолкнувајте,correct
викалатјаници,incorrect
страхопочитта,correct
пренесатаните,incorrect
почувствувала,correct
