stimulus,correct_answer
peru,incorrect
kelb,correct
ssew,incorrect
ġibt,correct
bgħa,incorrect
tnax,correct
tgħa,incorrect
trid,correct
llem,incorrect
tfal,correct
rrah,incorrect
lejk,correct
nfar,incorrect
tron,correct
sset,incorrect
xint,correct
luli,incorrect
żina,correct
ikka,incorrect
gilu,correct
wieħ,incorrect
pari,correct
ddiem,incorrect
ddija,correct
bġona,incorrect
lvuċi,correct
fieri,incorrect
nimxu,correct
tikom,incorrect
silet,correct
lgħed,incorrect
agħtu,correct
indif,incorrect
saffa,correct
qabdi,incorrect
ħadux,correct
ramin,incorrect
ħasbu,correct
bkoll,incorrect
ġusti,correct
ħabta,incorrect
ħasel,correct
xxewh,incorrect
samax,correct
oħoli,incorrect
tibqa,correct
rebba,incorrect
isibu,correct
rgħin,incorrect
qbadt,correct
meħet,incorrect
iseħħ,correct
ilfek,incorrect
ramet,correct
stmah,incorrect
żibel,correct
ħutin,incorrect
sofak,correct
misti,incorrect
jiġix,correct
żżagħ,incorrect
armat,correct
titra,incorrect
sabar,correct
irreċ,incorrect
irrit,correct
aljel,incorrect
wiżnu,correct
jitta,incorrect
qablu,correct
lgħod,incorrect
dritt,correct
ħasab,incorrect
għodd,correct
jitħa,incorrect
tifla,correct
jgħat,incorrect
ħutha,correct
nikan,incorrect
xiber,correct
talfa,incorrect
ħamra,correct
malaf,incorrect
mexxa,correct
jitha,incorrect
lilna,correct
tfant,incorrect
jġiżż,correct
islim,incorrect
bigħu,correct
jgħas,incorrect
ssala,correct
għelt,incorrect
ħalek,correct
mellx,incorrect
ssejf,correct
tpatti,incorrect
jpatti,correct
twarju,incorrect
twavel,correct
tiswit,incorrect
sakkar,correct
jeħlin,incorrect
refajm,correct
bogħdu,incorrect
nġabar,correct
leżert,incorrect
apollu,correct
sajjat,incorrect
elteki,correct
ijietu,incorrect
ġmielu,correct
mnifsu,incorrect
spanja,correct
jaħdek,incorrect
naħseb,correct
daħlef,incorrect
għollu,correct
fżgħoż,incorrect
lvaska,correct
xejjet,incorrect
żewweġ,correct
tarsja,incorrect
taħbtu,correct
jaħlet,incorrect
qiskom,correct
isslat,incorrect
jaħqar,correct
lewweġ,incorrect
poġġew,correct
anzija,incorrect
fommha,correct
wissel,incorrect
ħatafx,correct
sitraħ,incorrect
jishar,correct
tagħġa,incorrect
niesek,correct
simrod,incorrect
tiżnix,correct
waqtul,incorrect
ilkont,correct
twarji,incorrect
iħossu,correct
talina,incorrect
ħaffru,correct
bejnet,incorrect
demmek,correct
dejjeġ,incorrect
żżewġt,correct
tagħni,incorrect
jistħu,correct
rritlu,incorrect
nnisel,correct
mejjem,incorrect
aħikar,correct
bogħol,incorrect
gersun,correct
filfoq,incorrect
bilġir,correct
fixxef,incorrect
timxux,correct
begħdu,incorrect
idoqqu,correct
inqatt,incorrect
tiftix,correct
ġudika,incorrect
nqered,correct
jxejja,incorrect
dħaltu,correct
fejnha,incorrect
nofsna,correct
sejjel,incorrect
narahx,correct
giddix,incorrect
fħores,correct
ħassam,incorrect
maħrub,correct
ilħuha,incorrect
ilqima,correct
ġerwer,incorrect
kolaja,correct
irrefa,incorrect
lmanna,correct
ttalja,incorrect
iżżejt,correct
tagħka,incorrect
qabdek,correct
filgħu,incorrect
pariri,correct
ġagħad,incorrect
jaraha,correct
lkitli,incorrect
skaren,correct
ħażagħ,incorrect
lirbit,correct
ixxetx,incorrect
fdarha,correct
qegħek,incorrect
offrew,correct
ħaxija,incorrect
jiċħdu,correct
dejjaħ,incorrect
agħtih,correct
fismen,incorrect
sieħeb,correct
umilji,incorrect
rġajtu,correct
ttgħax,incorrect
jsoddu,correct
beriko,incorrect
niktbu,correct
lvendi,incorrect
tfajla,correct
ikkmet,incorrect
iżżaqq,correct
ħosaba,incorrect
torbtu,correct
iżżgħu,incorrect
iddumx,correct
lqassa,incorrect
nnifsi,correct
lirrab,incorrect
jimlew,correct
ilkron,incorrect
jieqaf,correct
lġlieġ,incorrect
tħeġġu,correct
lpetta,incorrect
bordni,correct
qallem,incorrect
għalla,correct
ptolom,incorrect
flgħar,correct
ilbgħu,incorrect
ilpjan,correct
kampja,incorrect
beltek,correct
taddew,incorrect
qaddsu,correct
taljaw,incorrect
bilsir,correct
tattew,incorrect
ħaxixa,correct
wieħel,incorrect
qalila,correct
ċarraq,incorrect
ġabuha,correct
żgħożi,incorrect
verġni,correct
intort,incorrect
issitt,correct
kolliq,incorrect
fittul,correct
bilmek,incorrect
ħarsux,correct
qanqil,incorrect
qillti,correct
warajm,incorrect
għamla,correct
maestu,incorrect
maskil,correct
lillaw,incorrect
għażla,correct
lgħawi,incorrect
tgħixu,correct
mistat,incorrect
għerfi,correct
tassed,incorrect
miġbur,correct
jagħmi,incorrect
jagħli,correct
nagħġbu,incorrect
jagħraf,correct
jkarkom,incorrect
jkexkxu,correct
fhimhom,incorrect
xlewhom,correct
tfarrġa,incorrect
tfisser,correct
rewwiet,incorrect
lgwerra,correct
għaxija,incorrect
qalbkom,correct
illuvju,incorrect
ilġerħa,correct
tniġġsa,incorrect
gederot,correct
lbtieħu,incorrect
topazju,correct
jildulu,incorrect
ħasibha,correct
issined,incorrect
intilef,correct
tiegħda,incorrect
wliedha,correct
ixewwel,incorrect
tħeġġeġ,correct
filomew,incorrect
ħadoram,correct
limrieħ,incorrect
taqbida,correct
ilparab,incorrect
ilġebla,correct
bhejjeġ,incorrect
ntebaħx,correct
ittoral,incorrect
xjilbsu,correct
kisruqa,incorrect
jifirdu,correct
qżieżaq,incorrect
qdusitu,correct
lpostlu,incorrect
jqassam,correct
tfarrab,incorrect
jfisser,correct
lħbibek,incorrect
ttfajla,correct
tnaddab,incorrect
nfejjaq,correct
nniehom,incorrect
lgħaġna,correct
fakkabi,incorrect
tgergru,correct
nheżżet,incorrect
jżarżru,correct
żgħażen,incorrect
xjieklu,correct
limgħux,incorrect
maħbuba,correct
jikkmin,incorrect
niġbrok,correct
ilfruni,incorrect
tinżlux,correct
lmessaq,incorrect
tteżori,correct
ħżunija,incorrect
tfarrku,correct
għammen,incorrect
għażiża,correct
ilħalfu,incorrect
erġajtu,correct
żagħżul,incorrect
nagħtih,correct
ilsieri,incorrect
miżżewġ,correct
ħwejjem,incorrect
faħħruh,correct
ħaffejn,incorrect
ħaffirt,correct
rummieh,incorrect
baqriet,correct
iħammar,incorrect
nqaċċtu,correct
lminija,incorrect
ttwavel,correct
tiġġani,incorrect
ilfaraġ,correct
ilpliet,incorrect
ilħtija,correct
ġewwiġt,incorrect
tagħmir,correct
bisitha,incorrect
ilqolla,correct
ttielek,incorrect
ħenadad,correct
priġuni,incorrect
ssetgħa,correct
jitniet,incorrect
jitfgħu,correct
xogħodu,incorrect
xjaqsmu,correct
ġġarraq,incorrect
dwejjaq,correct
ħarafni,incorrect
bilmina,correct
talanza,incorrect
filħwat,correct
iqegħda,incorrect
mnaddaf,correct
ħwejjer,incorrect
jsalvaw,correct
maqsuha,incorrect
serraħt,correct
ħbietna,incorrect
ħwejġek,correct
vastiga,incorrect
weġibtu,correct
iġġisni,incorrect
jħobbni,correct
partier,incorrect
ssaħħet,correct
qallieh,incorrect
ħallieh,correct
lħaddew,incorrect
tqarraq,correct
żwiemek,incorrect
oqogħdu,correct
minnuwi,incorrect
issalib,correct
mallikx,incorrect
ilbiesi,correct
talgħux,incorrect
ħaristx,correct
nnissew,incorrect
ridunix,correct
jfittma,incorrect
iqassmu,correct
nagħġeb,incorrect
issadid,correct
titniet,incorrect
tinsiex,correct
bebajot,incorrect
inaddfu,correct
vleġġin,incorrect
iddemel,correct
ilħeġġu,incorrect
talħsad,correct
tqalluh,incorrect
jterraq,correct
fittura,incorrect
bissebħ,correct
qargħet,incorrect
ħażniet,correct
mallini,incorrect
newwilt,correct
tależer,incorrect
talenti,correct
ilester,incorrect
ilestih,correct
bħallik,incorrect
nħallik,correct
tannell,incorrect
inewwel,correct
keċċier,incorrect
imħabba,correct
ngħiduha,incorrect
jgħiduha,correct
għamilja,incorrect
għamiltu,correct
ġustizzi,incorrect
purtieri,correct
milliżra,incorrect
bissabar,correct
qawwarlu,incorrect
qaddisin,correct
tależert,incorrect
jitolbuh,correct
lfamiltu,incorrect
jqiegħed,correct
wkolluha,incorrect
qegħdulu,correct
tfittelf,incorrect
tfittixx,correct
lġemgħux,incorrect
jfaħħruk,correct
talgirga,incorrect
talqligħ,correct
fleżilja,incorrect
nitolbuh,correct
bilħallu,incorrect
bilħatar,correct
ddwielet,incorrect
akkużawh,correct
jinsejna,incorrect
seratija,correct
fixxellu,incorrect
ġaħsijel,correct
nidrobha,incorrect
jidfnuha,correct
imbiereġ,incorrect
perfetti,correct
magħżluh,incorrect
millforn,correct
biswieli,incorrect
niġġerra,correct
xogħolli,incorrect
joffriha,correct
tibagħad,incorrect
tibagħtu,correct
ħmistral,incorrect
tħallihx,correct
ilġemgħu,incorrect
jinstabu,correct
mitwieli,incorrect
fisimhom,correct
mtabbgħu,incorrect
treġġgħu,correct
tiegħdin,incorrect
wliedhom,correct
jibgħajn,incorrect
niftaħru,correct
issijiet,incorrect
bilħtija,correct
għedthom,incorrect
għedtlek,correct
sabuhuli,incorrect
oħolijab,correct
ixxellem,incorrect
triqatha,correct
inkejjem,incorrect
meħujjel,correct
jegħluqa,incorrect
reliġjon,correct
taddejja,incorrect
ċċrieket,correct
fiżżgħux,incorrect
imħarrġa,correct
ddnubien,incorrect
newluhom,correct
ċċedriju,incorrect
fiddeheb,correct
ittieled,incorrect
ittaqsim,correct
imqaddej,incorrect
infaħħru,correct
ilkelmtu,incorrect
jitqabad,correct
immexxej,incorrect
intefgħu,correct
malinċep,incorrect
ilmidgħi,correct
ġagħaġeb,incorrect
flgħalqa,correct
kiservuh,incorrect
jilqgħuh,correct
qaddeheb,incorrect
biżżewġt,correct
pajjirha,incorrect
ċittadin,correct
ibeżżagħ,incorrect
irħiehom,correct
maħniena,incorrect
ġosbeksa,correct
imqajjeb,incorrect
imqaċċta,correct
tetrarju,incorrect
żokortok,correct
ilqaddew,incorrect
nistgħux,correct
raddewha,incorrect
wissejtu,correct
kiberija,incorrect
ġeżanija,correct
iġġijiem,incorrect
adultera,correct
ifirħula,incorrect
ixxbihat,correct
miterija,incorrect
ilmaħfra,correct
ħajtulux,incorrect
ħajjitha,correct
ilħażilt,incorrect
infirxet,correct
iċċaħħar,incorrect
ksirniex,correct
lmedjaha,incorrect
fadlilha,correct
rewwietu,incorrect
lġwienaħ,correct
jitkella,incorrect
ilqiegħa,correct
tiegħedt,incorrect
jagħmilx,correct
jitkeċċi,incorrect
talardin,correct
ptolemaħ,incorrect
jogħġbok,correct
nikolhom,incorrect
listatwa,correct
megiddar,incorrect
imkasbar,correct
xebgħuta,incorrect
niftaħar,correct
mniġġiel,incorrect
gwerrier,correct
qallieri,incorrect
ħassejtu,correct
għamilji,incorrect
għasafar,correct
tagħġibt,incorrect
millvelu,correct
kontriju,incorrect
semmewha,correct
ittronin,incorrect
offrewlu,correct
jintgħat,incorrect
ilbaċili,correct
unurihom,incorrect
ħbiebkom,correct
attieklu,incorrect
telquhom,correct
jilagħad,incorrect
ilgwerer,correct
xgħelieq,incorrect
agħtihom,correct
xagħrfuh,incorrect
jkollokx,correct
masajjeb,incorrect
mixtrija,correct
ttheddew,incorrect
lavukati,correct
lħmistra,incorrect
ixxerrej,correct
qallihom,incorrect
ilmaqjel,correct
miegħdin,incorrect
ġisimhom,correct
lbhejjex,incorrect
teqridha,correct
ddagħdet,incorrect
irromblu,correct
bdagħhom,incorrect
telaqhom,correct
miegħedt,incorrect
dendluha,correct
ilplieta,incorrect
jaqilgħu,correct
millwiet,incorrect
tistenna,correct
ittixhdu,incorrect
nħarisha,correct
ilqaddes,incorrect
setgħetx,correct
missinin,incorrect
wegħdiet,correct
jmissieħ,incorrect
tkellimx,correct
ħallfili,incorrect
jistmell,correct
sittilna,incorrect
ġagħalni,correct
attielek,incorrect
jsalvana,correct
liddixxi,incorrect
ilwegħdi,correct
imbagħat,incorrect
flinħawi,correct
missined,incorrect
biżżibġa,correct
lqassrux,incorrect
ttagħlim,correct
taddewmu,incorrect
wassalni,correct
bagħatta,incorrect
spallejh,correct
għalleat,incorrect
għażżejt,correct
tiegħduk,incorrect
uliedkom,correct
milletti,incorrect
jafuhiex,correct
jistalla,incorrect
kisrulux,correct
ilkmandru,incorrect
jitolbuni,correct
lfriegħek,incorrect
nxebbhuha,correct
filporfir,incorrect
talporfir,correct
nxteħtieġ,incorrect
iħallihom,correct
tiflaħħqu,incorrect
tismagħna,correct
ilfidilha,incorrect
ilġentili,correct
jiddinjal,incorrect
jismagħha,correct
dendlulek,incorrect
wegħduhom,correct
marrekabi,incorrect
jiddawwar,correct
illagħhom,incorrect
naqqruhom,correct
filpassis,incorrect
ħarsithom,correct
tagħġieġa,incorrect
millqedem,correct
fissmilha,incorrect
millġisem,correct
jaħarbiet,incorrect
jaħbatlek,correct
mistendar,incorrect
bilfrosta,correct
jinxerrew,incorrect
liskandli,correct
ittagħhom,incorrect
ħsibijiet,correct
ħżunituri,incorrect
fwidnejja,correct
wissieħed,incorrect
saħħarkom,correct
ilġerħana,incorrect
jiftiehmu,correct
bilqiegħu,incorrect
ssinagoga,correct
ħlejjaħta,incorrect
stmellejt,correct
ilħwejġek,incorrect
difrejhom,correct
kontijoku,incorrect
millpoplu,correct
jixbgħula,incorrect
limsejkna,correct
lqaddeheb,incorrect
lqalbenin,correct
erbgħajsa,incorrect
qegħedtni,correct
illagħlim,incorrect
tajniehom,correct
talisafar,incorrect
bilħamsin,correct
bilqassir,incorrect
mistrieħa,correct
missijiem,incorrect
fittiġrif,correct
taddejjeġ,incorrect
tintrefax,correct
ilġeżragħ,incorrect
ilmessaġġ,correct
purtinaġġ,incorrect
dnubietna,correct
staqsikom,incorrect
itilquhom,correct
iroxxuhom,incorrect
tlumuhiex,correct
tebbgħuta,incorrect
lmedjatur,correct
jżebilħin,incorrect
iqiegħdek,correct
ssententi,incorrect
jaqbduhom,correct
grazzjoni,incorrect
jxejruhom,correct
ħolqiegħi,incorrect
bmibegħda,correct
ismagħlim,incorrect
imħarrġin,correct
jilqassma,incorrect
nitilgħux,correct
imbagħatu,incorrect
jagħmluha,correct
oppożitek,incorrect
jlestulha,correct
tħassisin,incorrect
abitabbli,correct
mitejniet,incorrect
għemilkom,correct
jaqilgħat,incorrect
jitqanqal,correct
jilmiżert,incorrect
marregoli,correct
kellugija,incorrect
millboloh,correct
mixgħeles,incorrect
lirrumani,correct
filġarras,incorrect
ilknejjes,correct
bsebgħajb,incorrect
jħarbtuha,correct
qiegħelam,incorrect
ċimiterju,correct
trifesfsu,incorrect
lġudaiżmu,correct
perswadin,incorrect
talknisja,correct
kellimiti,incorrect
nitlaqhom,correct
iddwielha,incorrect
ittbatija,correct
ilbogħoll,incorrect
jitwieżen,correct
tixtarret,incorrect
taħsilhom,correct
kellmulej,incorrect
temmnunix,correct
isħariġni,incorrect
lixkejjer,correct
ittindant,incorrect
ittgergir,correct
lġentiera,incorrect
spallitha,correct
talmogħar,incorrect
magħrufin,correct
jħallġens,incorrect
żerrigħat,correct
joqogħdin,incorrect
flebusija,correct
neżżgħira,incorrect
titkixxfu,correct
jgħamilji,incorrect
jissaħħaħ,correct
alessaqaf,incorrect
libbishom,correct
xogħożija,incorrect
iddejquha,correct
asrijelin,incorrect
ħtijietna,correct
lkamaleka,incorrect
jistqarru,correct
iddjarnan,incorrect
waħħaltux,correct
mħabbrużi,incorrect
tgħallimt,correct
ttwissaba,incorrect
jiġġieldu,correct
skontriju,incorrect
għarrafna,correct
jqawwieti,incorrect
ilkwiekeb,correct
jintgħass,incorrect
preskritt,correct
thenneton,incorrect
jinħasilx,correct
salbaħarqu,incorrect
jitbiegħdu,correct
skontrifon,incorrect
qegħedthom,correct
leżragħwel,incorrect
melkisedek,correct
flgħalihom,incorrect
aħbarijiet,correct
ilbitħalli,incorrect
jidhrilkom,correct
jitfaċċata,incorrect
ilkundanna,correct
ledumijiet,incorrect
lganċijiet,correct
pilastrieħ,incorrect
dnubiethom,correct
lmagħrafha,incorrect
lmagħżulin,correct
iwarrabtet,incorrect
spallejkom,correct
imqaddeheb,incorrect
bejnietkom,correct
ġejtunieri,incorrect
ilġenituri,correct
ssalvazzja,incorrect
blimqagħad,correct
jistagħmel,incorrect
jkellmuhom,correct
jqaddejjaħ,incorrect
ppreżentaw,correct
taċċedriju,incorrect
alessandru,correct
talkantiku,incorrect
għaddejtha,correct
jitkellhom,incorrect
xxellugija,correct
nżergħattu,incorrect
kkonsagraw,correct
bittiswaba,incorrect
bittifsira,correct
millġiswit,incorrect
millmidneb,correct
fittagħhom,incorrect
talbhejjem,correct
nitlaqtugħ,incorrect
nimlielkom,correct
tbiddmuhom,incorrect
jqabbillek,correct
iddeżerċtu,incorrect
tweldulhom,correct
iqarriġnun,incorrect
nżommulhom,correct
fittelfies,incorrect
millimwiet,correct
deċidejjem,incorrect
neżżagħhom,correct
jistmellem,incorrect
ilfizzjali,correct
serragħwġu,incorrect
bilġibdiet,correct
lfamiljiet,incorrect
jordnalkom,correct
bixxwejjel,incorrect
flimwejjed,correct
mqaddinjam,incorrect
lgħadajjar,correct
jistqarrab,incorrect
ilmanaħtin,correct
loħrajniek,incorrect
nħallikomx,correct
jistgħuhom,incorrect
jserraħkom,correct
ħallħruqin,incorrect
mittagħniq,correct
xortizzjuż,incorrect
rreġistrat,correct
lkapijiemu,incorrect
issetgħana,correct
jħawwartek,incorrect
tgħaddihom,correct
jġibuhulna,incorrect
nfejqilhom,correct
lbaqagħatx,incorrect
jitħarrġux,correct
talogħluqa,incorrect
għakkishom,correct
imbagħaġna,incorrect
dirgħajkom,correct
tiegħelieq,incorrect
ngħabbukom,correct
lgħeġubija,incorrect
stranġiera,correct
imbagħatab,incorrect
jkellimhom,correct
iġagħattar,incorrect
jqassamlek,correct
imbagħadna,incorrect
ilfortizzi,correct
intiżirana,incorrect
ilħebronin,correct
talkupptejh,incorrect
talġudizzju,correct
simrobbilew,incorrect
tiżdidilkom,correct
tlittagħhom,incorrect
ntellagħkom,correct
ilpaltilhom,incorrect
talmuntanji,correct
talkisebbħu,incorrect
bilmistħija,correct
millimkienu,incorrect
tassinagoga,correct
filkarriġna,incorrect
talħallelin,correct
qallimkeċċi,incorrect
għallmidjan,correct
ġudikatavru,incorrect
lkmandament,correct
jitqabadhom,incorrect
ilministeru,correct
madankollha,incorrect
ilfanterija,correct
niftakartal,incorrect
tibilgħuhom,correct
inferragħad,incorrect
ssofferenzi,correct
siffortizza,incorrect
inxerridhom,correct
jitkellhomx,incorrect
meribbagħal,correct
ilbiċċanfar,incorrect
ttwissijiet,correct
imbagħaddej,incorrect
inkellimkom,correct
betbagħatak,incorrect
jiffavorina,correct
lillmexxina,incorrect
talgħarabja,correct
jiġġudizzja,incorrect
jipperswadi,correct
tattennewha,incorrect
tassillemin,correct
ssaltnatura,incorrect
siħorlibnat,correct
jraqqdituri,incorrect
ħżunijietna,correct
millberakah,incorrect
ssentimenti,correct
issaltnatur,incorrect
ħsibijietek,correct
millmexxewk,incorrect
marrakkonti,correct
imbagħarrfu,incorrect
fteħafneħes,correct
skontrihomx,incorrect
għallballut,correct
iżgħariġhom,incorrect
skartajtuni,correct
tiegħedewwa,incorrect
talilmijiet,correct
fiżżerriedu,incorrect
iddestinata,correct
ilqaddejjel,incorrect
ssagħalbuni,correct
ilkittifsira,incorrect
iżżrinġijiet,correct
fiergħajnejk,incorrect
litturufnati,correct
fiergħattkom,incorrect
bixxellugija,correct
kellmuntanji,incorrect
nergalsarser,correct
sittieħduhom,incorrect
nibagħtilhom,correct
ddjarniġjużi,incorrect
tassinedriju,correct
tħallħruxija,incorrect
kkonsagrahom,correct
fittriqathom,incorrect
rivelazzjoni,correct
naħfrilkotra,incorrect
lilliżraelin,correct
lqaddeżerċtu,incorrect
bissinċerità,correct
qiegħedewwel,incorrect
ffiddienaram,correct
