stimulus,correct_answer
yele,incorrect
yepi,correct
umbe,incorrect
wase,correct
ukwe,incorrect
embi,correct
like,incorrect
uzwe,correct
yoko,incorrect
uana,correct
eziyo,incorrect
eliwe,correct
iyise,incorrect
adala,correct
ngisa,incorrect
nanti,correct
elali,incorrect
oweza,correct
kweni,incorrect
thana,correct
igibo,incorrect
iyini,correct
nelwe,incorrect
izele,correct
emkha,incorrect
yithi,correct
esidi,incorrect
owala,correct
njana,incorrect
alala,correct
wange,incorrect
wehla,correct
eliko,incorrect
iziso,correct
aweni,incorrect
ijogi,correct
ozasi,incorrect
edomu,correct
kwezo,incorrect
ngabe,correct
okari,incorrect
kauzi,correct
ilini,incorrect
alise,correct
amako,incorrect
isika,correct
agelo,incorrect
obiza,correct
agadu,incorrect
ifune,correct
njeni,incorrect
tlola,correct
watha,incorrect
bakha,correct
iinda,incorrect
isifu,correct
isoki,incorrect
abuze,correct
nanta,incorrect
ngale,correct
elime,incorrect
ngeza,correct
ibuyi,incorrect
asifi,correct
esane,incorrect
umuse,correct
uzasi,incorrect
thize,correct
eduza,incorrect
aqede,correct
sengi,incorrect
abuza,correct
lathu,incorrect
yezwa,correct
uyamu,incorrect
ekana,correct
elini,incorrect
mdumo,correct
lehlo,incorrect
bodwa,correct
bapho,incorrect
asoze,correct
uzima,incorrect
ugude,correct
ohlula,incorrect
ophuma,correct
belini,incorrect
bavuka,correct
azinye,incorrect
azakhe,correct
kujamo,incorrect
bajama,correct
enyana,incorrect
uzonda,correct
bebezi,incorrect
abomvu,correct
imihlo,incorrect
obutha,correct
nakale,incorrect
kutjha,correct
zababo,incorrect
namaza,correct
bafaza,incorrect
basela,correct
ngelwa,incorrect
benani,correct
umbula,incorrect
matjha,correct
othini,incorrect
athini,correct
nilumo,incorrect
unakho,correct
beliko,incorrect
saloyo,correct
ngophe,incorrect
ngoela,correct
khetho,incorrect
zifuna,correct
nelisi,incorrect
kajehu,correct
sakani,incorrect
sokufa,correct
akethi,incorrect
nedaka,correct
ziyeli,incorrect
mimoya,correct
utsora,incorrect
uyenze,correct
okwezi,incorrect
abonwa,correct
yenako,incorrect
mamafa,correct
odlana,incorrect
uhlola,correct
yajeke,incorrect
umjuda,correct
kupeza,incorrect
yehena,correct
ebuphe,incorrect
ubethe,correct
athulu,incorrect
osenze,correct
alelwa,incorrect
komuzi,correct
thinti,incorrect
bonake,correct
amezwa,incorrect
nibone,correct
ngiswa,incorrect
yabese,correct
elwana,incorrect
nelifa,correct
abatho,incorrect
ubuhle,correct
njenge,incorrect
iphuma,correct
enzeli,incorrect
lesini,correct
masabo,incorrect
nayibe,correct
opheka,incorrect
uphezu,correct
akulwa,incorrect
womuzi,correct
njenga,incorrect
ahlome,correct
iphazi,incorrect
izinja,correct
thathu,incorrect
mkakhe,correct
kwehlo,incorrect
enakhe,correct
kimiso,incorrect
ekhona,correct
ungaki,incorrect
nobuno,correct
eningi,incorrect
ngikho,correct
amatho,incorrect
kunani,correct
phamba,incorrect
azenze,correct
iyatje,incorrect
irhubo,correct
ubuleni,incorrect
elibeni,correct
yahloni,incorrect
yaphela,correct
anganye,incorrect
angenwe,correct
esibulo,incorrect
isimiso,correct
idoniko,incorrect
ephulwe,correct
umsinye,incorrect
senarha,correct
bezwami,incorrect
lomuntu,correct
kuthaze,incorrect
nakunye,correct
sakarha,incorrect
benzela,correct
ngibulo,incorrect
yambuza,correct
aziyeli,incorrect
neefodi,correct
amehlwe,incorrect
okhethe,correct
kufutha,incorrect
nakuphi,correct
omsungu,incorrect
lilodwa,correct
ezandle,incorrect
nebutho,correct
ujitire,incorrect
atlhoge,correct
ngusuwe,incorrect
simunye,correct
acoziwe,incorrect
efileko,correct
encwana,incorrect
sihlala,correct
alileko,incorrect
ebudisi,correct
kweemba,incorrect
kwezono,correct
ayowuru,incorrect
ayafana,correct
makhilo,incorrect
kuthula,correct
ubudlho,incorrect
ufumene,correct
ngukile,incorrect
siletha,correct
likweni,incorrect
aniyale,correct
kanyena,incorrect
khuluma,correct
ematjho,incorrect
wafunda,correct
isibumbi,incorrect
isizathu,correct
ukuzizwe,incorrect
angisoze,correct
obhubeza,incorrect
alungele,correct
yawelani,incorrect
karekabi,correct
erhalazi,incorrect
ivangeli,correct
inceleni,incorrect
nebegade,correct
lihlambo,incorrect
umhlambi,correct
babuzesa,incorrect
nayifika,correct
magerizi,incorrect
sesibili,correct
engileko,incorrect
neenkomo,correct
nelinywa,incorrect
umkhonto,correct
kwakhosi,incorrect
kutjhiwo,correct
bambathi,incorrect
komlandu,correct
bakazayo,incorrect
sibulawe,correct
sengakho,incorrect
kwezinye,correct
wangweni,incorrect
bangcono,correct
akahloni,incorrect
azifihle,correct
ibalwana,incorrect
ubhohani,correct
ungileko,incorrect
nomndeni,correct
akatselo,incorrect
nokuvuka,correct
siburuja,incorrect
nanikela,correct
igungula,incorrect
adlulele,correct
ikambeni,incorrect
netjhila,correct
weensebe,incorrect
nezikulu,correct
angendle,incorrect
ningekhe,correct
ematjhwa,incorrect
esenzasi,correct
unebhode,incorrect
elakhiwe,correct
ekupheko,incorrect
khuphani,correct
ngaphelo,incorrect
ngitjele,correct
isimbuzo,incorrect
eligudle,correct
beyinoni,incorrect
weenkoro,correct
ukuphuki,incorrect
wokwakha,correct
akakathi,incorrect
iintjebe,correct
abaphana,incorrect
imiphako,correct
bekundla,incorrect
warhadla,correct
yewubiwa,incorrect
umthwalo,correct
kanyanye,incorrect
neenyosi,correct
onamathi,incorrect
zithande,correct
zitjhafi,incorrect
sifunana,correct
avunguli,incorrect
igadango,correct
nabanenu,incorrect
umthathe,correct
nguoholi,incorrect
komncani,correct
ilwazisa,incorrect
imbuzana,correct
ezikunzi,incorrect
nomkakhe,correct
izondeso,incorrect
noselako,correct
kwakakhu,incorrect
bambamba,correct
akukhuli,incorrect
anitjele,correct
wenamisa,incorrect
neenzibi,correct
ehlakana,incorrect
uthumele,correct
hlanzela,incorrect
bathwese,correct
ayinongo,incorrect
angeqise,correct
kwakasuse,incorrect
yindawami,correct
esidlhego,incorrect
iinkhonzi,correct
ukuguqisa,incorrect
ukurarana,correct
akwenzisa,incorrect
ukwenzile,correct
ngemlande,incorrect
ngetswayi,correct
bewayinye,incorrect
beyiphezu,correct
amandlala,incorrect
amatjhila,correct
owamariya,incorrect
eliligugu,correct
zamadlane,incorrect
bengamele,correct
izibonisa,incorrect
akatjhise,correct
komuthini,incorrect
banikelwa,correct
samalandu,incorrect
bakhulume,correct
neminyawo,incorrect
isangwelo,correct
yemilonda,incorrect
semindeni,correct
ngizibulo,incorrect
sakaaroni,correct
liyanitje,incorrect
beyiphile,correct
kubafundi,incorrect
yesiqhema,correct
abasiliva,incorrect
kwepandla,correct
esandlela,incorrect
neenhlobo,correct
itlharana,incorrect
aneengazi,correct
emajikake,incorrect
womtjhado,correct
ebusukela,incorrect
yindodana,correct
bayigwebi,incorrect
sithokoze,correct
ilangango,incorrect
bekungaba,correct
ngobuliwe,incorrect
emalibeni,correct
norerholo,incorrect
anzinzise,correct
ukuyaleni,incorrect
amathumba,correct
bamhlanga,incorrect
bamjamisa,correct
okwadlana,incorrect
siyambuka,correct
iinkosami,incorrect
eziligugu,correct
balazalwa,incorrect
bakayihlo,correct
uzitjhani,incorrect
uzifunela,correct
nemindevu,incorrect
nelizwini,correct
wathazeke,incorrect
ngomnotho,correct
lapheleni,incorrect
namanyala,correct
unguabidi,incorrect
ekufanele,correct
adududuza,incorrect
uvuselele,correct
ematjhisa,incorrect
malangabi,correct
esisendle,incorrect
kwasimoni,correct
bayabhini,incorrect
wafuthela,correct
zobukhiwo,incorrect
mahlandla,correct
waphulume,incorrect
yesilwana,correct
azibukela,incorrect
kwemibuso,correct
azilayimu,incorrect
eengazini,correct
ngitjhumi,incorrect
lendodana,correct
kuthukulu,incorrect
sesilwana,correct
iimphathu,incorrect
zitjhiswe,correct
nokungaki,incorrect
ningisize,correct
ingihlelo,incorrect
ethetheko,correct
yesunduze,incorrect
umpostoli,correct
kwentanye,incorrect
lilingana,correct
kubulande,incorrect
wamalahle,correct
ngeenyeza,incorrect
nomkhanyo,correct
emlilwazi,incorrect
kabhikiri,correct
asilwakhe,incorrect
ukufikela,correct
akubeleko,incorrect
iimbawezo,correct
uhlulwela,incorrect
iphunguke,correct
unikeleko,incorrect
nemihleni,correct
ngesiriya,incorrect
nangibona,correct
ungahlele,incorrect
amatlhuwo,correct
ekhwelela,incorrect
iliqiniso,correct
iqinisele,incorrect
ujeremayi,correct
wahlukela,incorrect
wobukhosi,correct
esinganje,incorrect
esifanako,correct
baphikeni,incorrect
leengwebo,correct
elikholwe,incorrect
yomkhumbi,correct
mhlophezu,incorrect
afunyanwa,correct
wabakhuba,incorrect
nakufuzwa,correct
thandathu,incorrect
wafundisa,correct
namkhapha,incorrect
komhlambi,correct
ngemehlwe,incorrect
samafutha,correct
akakhotsi,incorrect
sikhulele,correct
ukukoloya,incorrect
nananyana,correct
okukhotha,incorrect
abalekele,correct
oqatjhumi,incorrect
igedzwana,correct
bekuphazi,incorrect
nesigungu,correct
ovuthalele,incorrect
adlelezele,correct
othathathi,incorrect
angathathi,correct
nawusukela,incorrect
yabafileko,correct
kunamalevi,incorrect
seembunjwa,correct
manembatho,incorrect
bewembatha,correct
isithandla,incorrect
ukukhalima,correct
kwabhudlho,incorrect
amatsidoni,correct
ngakukhosi,incorrect
ngazenzela,correct
wafumanase,incorrect
badlumbana,correct
basesinani,incorrect
wayokususa,correct
nobusukela,incorrect
nithembela,correct
esibindise,incorrect
isifundiso,correct
nemihlango,incorrect
nobuhlungu,correct
womthandwa,incorrect
eniyiphiwe,correct
ngifihlela,incorrect
ngekampeni,correct
uzebulondo,incorrect
anomphambo,correct
amaperetha,incorrect
ukugwetjwa,correct
katjhileko,incorrect
onothileko,correct
elwandlela,incorrect
ukwesabeka,correct
yewuzalisa,incorrect
beenkarana,correct
asesilwazi,incorrect
ngizomenza,correct
ukuyamezwi,incorrect
kwesiquntu,correct
nawuphephi,incorrect
waziphatha,correct
nakubonani,incorrect
nangaphasi,correct
ingasusele,incorrect
bekulandwa,correct
umbolekiko,incorrect
umenarhemu,correct
bakhunjini,incorrect
bapholiswa,correct
yinikeleko,incorrect
nemizanayo,correct
lanqombana,incorrect
searigobho,correct
kumumadlha,incorrect
kwemibundu,correct
amatsidisi,incorrect
lokubulala,correct
anomlemuka,incorrect
akwamukela,correct
neempondwe,incorrect
anesiquntu,correct
umfowabizo,incorrect
oneenthelo,correct
umbhudanye,incorrect
baphelelwe,correct
zamahlokho,incorrect
ngomusakho,correct
nejatjhiwo,incorrect
neyomileko,correct
zeeniezeri,incorrect
yabalekela,correct
ngujewuthi,incorrect
wajikijela,correct
ipahlalela,incorrect
zizakuvela,correct
naselelake,incorrect
niyithumbe,correct
uzokwazini,incorrect
engikuyale,correct
agirizwako,incorrect
ozithobako,correct
akusesanga,incorrect
nokutlhoga,correct
abatloloja,incorrect
ikhobokelo,correct
ekhethwini,incorrect
emthinapho,correct
iinzukulwa,incorrect
okuyinarha,correct
ebebandisi,incorrect
uzakubopha,correct
ninghoyile,incorrect
ungawesabi,correct
owayitjali,incorrect
okuvuswako,correct
obekuthabo,incorrect
ngizizwela,correct
kwamatende,incorrect
sibantwana,correct
elilifunzi,incorrect
ezingasoze,correct
azokutjani,incorrect
umyalwakhe,correct
ujobabamba,incorrect
nemizaneni,correct
ongepumala,incorrect
lakajakopo,correct
ngifunyaka,incorrect
phendukani,correct
eatakamiso,incorrect
ayifunyane,correct
ungiqinisi,incorrect
ongahlengi,correct
ngapharora,incorrect
njengewoma,correct
ikhawukhulu,incorrect
nibaphelise,correct
ngiyithando,incorrect
nangethando,correct
umatafuleni,incorrect
ngujehoyada,correct
ungaphazimu,incorrect
ungithiyele,correct
imihlalweni,incorrect
esifungweni,correct
isithathako,incorrect
isidiribeso,correct
nangalibulo,incorrect
yathululela,correct
nawufohloza,incorrect
kukhokhelwe,correct
nodumbulawe,incorrect
nosaretseri,correct
wesijanyisa,incorrect
kwentatjana,correct
senyamalevi,incorrect
emikhonweni,correct
yobukhandla,incorrect
barhwantela,correct
neencekwaba,incorrect
sekulungile,correct
siyibophazi,incorrect
ngamatjhila,correct
ubusukobana,incorrect
iindledlana,correct
okunentanye,incorrect
ngizimisele,correct
umfajaphela,incorrect
baphuthelwe,correct
ngebangange,incorrect
ngizakubuya,correct
nombulukilo,incorrect
amasamariya,correct
isilaphathi,incorrect
ahlongakala,correct
asafuhlulwa,incorrect
alizitjhayi,correct
lesibangane,incorrect
ziinhlabani,correct
lithobalini,incorrect
ziimbandana,correct
sobukhosana,incorrect
nizakuphila,correct
nilistabori,incorrect
abelethelwa,correct
lakanarhena,incorrect
akananhloni,correct
urhohliseka,incorrect
uthembekile,correct
emhlokobana,incorrect
uzakufumana,correct
yekuthwakhe,incorrect
ngelitsheni,correct
ejerikholwa,incorrect
ebantwinabo,correct
asabamkhawu,incorrect
akuthokozwe,correct
okwamqinise,incorrect
kukuzwisisa,correct
badangwakha,incorrect
yewungilise,correct
sizakukazimu,incorrect
zizakubuyela,correct
nabatlolweni,incorrect
ziimfanekiso,correct
ziphaphumela,incorrect
bakhothamela,correct
yemilondlini,incorrect
kukhutjhelwe,correct
engikhombana,incorrect
nesithembiso,correct
nabahlalweni,incorrect
engingazange,correct
isilaphazimu,incorrect
ungewakazimu,correct
angithumbeni,incorrect
isikhubekiso,correct
kwaphumayeli,incorrect
okubuyelelwe,correct
lakarisomisa,incorrect
labahlanguli,correct
nakulanganye,incorrect
engimzwelako,correct
ngakavungubo,incorrect
ngamagadango,correct
libuthombana,incorrect
ngendlinakhe,correct
bajamisandle,incorrect
kupheleliswa,correct
nezinyembeza,incorrect
engakholwako,correct
nginandileko,incorrect
ngobhigitana,correct
ukuziinkathi,incorrect
ukuzilandula,correct
wakhukhunjwe,incorrect
wangaphandle,correct
yathunjululo,incorrect
namanzinziso,correct
kukwenzeleko,incorrect
abuyiselelwe,correct
ebeyisakwami,incorrect
uzakuhlawula,correct
nibahlawumbe,incorrect
zakakhorarhi,correct
wokukhalithi,incorrect
wokuvuselela,correct
izifihlaliso,incorrect
obuvuselelwe,correct
ngawubhuruze,incorrect
besayokufika,correct
kwakajerikho,incorrect
ngokuphazima,correct
nesikhutjalo,incorrect
lesiphambeko,correct
bamrithwakho,incorrect
ngizitjelile,correct
nibangandela,incorrect
kaarhiyezeri,correct
lakhuthungwa,incorrect
nangikhuluma,correct
mlimithobako,incorrect
ujehorhanani,correct
ukurumbulule,incorrect
watshwenyeka,correct
ambulungipho,incorrect
zisilaphazwe,correct
ziinkhohlisi,incorrect
nerhalawumba,correct
umnaziselusa,incorrect
nakabatjhili,correct
utlolokobana,incorrect
yobusisiweko,correct
ubhubhisambo,incorrect
lethempeleni,correct
ziingcwaleni,incorrect
endledlaneni,correct
wobufanekiso,incorrect
samamidiyani,correct
ukupholiyadi,incorrect
abawanikelwe,correct
teretserwana,incorrect
abangalaleli,correct
yipendulokha,incorrect
bungaphasana,correct
yekunguazuba,incorrect
ngolungileko,correct
nanizungiphe,incorrect
besakokorana,correct
amakamarhuru,incorrect
zakanabhothi,correct
khonakalethu,incorrect
asinalungelo,correct
encilibhodlo,incorrect
abadlelezeli,correct
kwebhetuwele,incorrect
kusinyenyiso,correct
wamrhobekana,incorrect
esizombeleze,correct
nohlonyelela,incorrect
iimbandanezo,correct
aphihlangeli,incorrect
ukuzobethusa,correct
yemikhundlela,incorrect
wangibuyisela,correct
nokukhundlele,incorrect
nokukhohliswa,correct
ngokuzibuluki,incorrect
ngokuphohloza,correct
ngemlilodwana,incorrect
ongepumalanga,correct
nilingamhlanu,incorrect
yibhethearaba,correct
bayomthombana,incorrect
yangeentabeni,correct
nesikhathange,incorrect
bakhanyiselwa,correct
iinqwambulula,incorrect
ezicwengileko,correct
ngokumthwalwe,incorrect
ngokukhuthala,correct
nesikhutjhise,incorrect
nabarhayilako,correct
barhwarhuweli,incorrect
yesahlukaniso,correct
zisilaphandla,incorrect
nebakosozizwe,correct
bekungasalela,incorrect
ngiyakubusisa,correct
ngebandathulu,incorrect
yakwazebuloni,correct
otjanenidlula,incorrect
ngokuzimisela,correct
ipharurhuwele,incorrect
wokuvimbezela,correct
akakabuyelako,incorrect
iimphuraphura,correct
nokweenkanuka,incorrect
eyasithembisa,correct
enezizandlela,incorrect
incekukazakhe,correct
yeenthorofidi,incorrect
kwabhenjamini,correct
umnyakendinde,incorrect
ngizokwephula,correct
iinthelelwaso,incorrect
obuyiselelako,correct
wasikhundluse,incorrect
lisithelelele,correct
zihlangombana,incorrect
bangabhujiswa,correct
bekwakazamusa,incorrect
ngiyanincenga,correct
kwehlisendaba,incorrect
njengesiqhelo,correct
umlanjanikelo,incorrect
kungekwenarha,correct
unganelangabi,incorrect
esabuthelelwa,correct
ninamehlwehlo,incorrect
utjhugululela,correct
nangetjingile,incorrect
ibuthakathaka,correct
wemindeneliya,incorrect
uzokuphayelwa,correct
labahlalelise,incorrect
beniwalandele,correct
aningasithano,incorrect
enganangumelo,correct
onguyitsiriya,incorrect
abakubonileko,correct
aseatjhingazi,incorrect
ngocwengileko,correct
bezalizwenabo,incorrect
angalaphekiko,correct
izanehlongaka,incorrect
nomlembelembe,correct
sengimthokoze,incorrect
njengamabutho,correct
wetjingidleni,incorrect
zakathalimoni,correct
ningamaperizi,incorrect
ngizokuqinisa,correct
kuazarathathi,incorrect
amadodakazabo,correct
okugcinanamla,incorrect
amageritjhoni,correct
anomlambukela,incorrect
ziyokuthukula,correct
uebhatjhilise,incorrect
uyamthukulula,correct
zeminengiliya,incorrect
ukutletlebula,correct
sagesithabisa,incorrect
abangakalungi,correct
umthengekehla,incorrect
ngibabhebhule,correct
itafulathumbe,incorrect
zakarhathitha,correct
kukhokhenakho,incorrect
abanjengalaba,correct
umbusiselwakhe,incorrect
umthandazwakho,correct
mlibalotjhwalo,incorrect
ophunyurhileko,correct
alitjhisindisa,incorrect
ezinganamlandu,correct
bekunegagadani,incorrect
engazithembisa,correct
yahlulwandleni,incorrect
leenkulungwana,correct
sokuphathelele,incorrect
neenkhohlakali,correct
wawuthazakudla,incorrect
bawathungelela,correct
encwadingazimu,incorrect
nizakuthanyela,correct
ngizokuqedakho,incorrect
ngikuthumelela,correct
ecwengizazitha,incorrect
itukuthelwakhe,correct
wokukhalelwana,incorrect
amadodakazakhe,correct
bokuvulwenakho,incorrect
ngikwendlalela,correct
namatsimomothi,incorrect
singakhandelwa,correct
sinagoginikele,incorrect
okubosingazimu,correct
nebemikhunjiwa,incorrect
nidlhemadlheme,correct
phakatjhaphura,incorrect
ezisilapheleko,correct
ayikhethempeli,incorrect
ebeyizombeleze,correct
uzimabhajadisi,incorrect
nangomthandazo,correct
inyangithizela,incorrect
uzakukuthabela,correct
uzimihlalelise,incorrect
wamatshwenyeko,correct
emgwebethekile,incorrect
sephulamthetho,correct
yenalikhombini,incorrect
nemadodanenami,correct
angabezazizini,incorrect
elithululiweko,correct
wewukhambekosi,incorrect
anivimbezeleko,correct
angabakuvulele,incorrect
umninisidiribe,correct
wafikakwemithi,incorrect
bangasenalitho,correct
ohlakahlanzeke,incorrect
amagadangwakhe,correct
ngitjheritjhiwo,incorrect
ngokwemindenayo,correct
zeenqetjhaphuma,incorrect
besiqinisekiswe,correct
nakuhlangangele,incorrect
seniphelelisiwe,correct
ngizayibekezele,incorrect
abazakutjhidela,correct
ilirhubuthokoza,incorrect
esilinganisweni,correct
netlakanganathi,incorrect
ngiziphendulela,correct
umlilwethembeze,incorrect
bazilungiselela,correct
eenthungocwengi,incorrect
ngemasinagogini,correct
isihlulwandlele,incorrect
ekuhlakanipheni,correct
bonakalungisela,incorrect
ngizokurhwatjha,correct
iinthelelisithi,incorrect
yekhobokakazeli,correct
sezilikhohlwami,incorrect
ngokwemindenawo,correct
mfungisaphumaye,incorrect
angisisikhulumi,correct
ilethangemasale,incorrect
nezinganasibalo,correct
unimfihliziyoni,incorrect
ozakuphendukela,correct
nemikhobokanele,incorrect
niziinzukulwana,correct
kwasitomatjhumi,incorrect
angentendenakhe,correct
amuhlengamagade,incorrect
yakwabhenjamini,correct
asinagoginisana,incorrect
kweenkulungwana,correct
omkhumbenakezwa,incorrect
katsuritjhadayi,correct
bamakasiyawuthi,incorrect
endabenakhwapha,correct
namarayothineya,incorrect
ngamatshwenyeko,correct
bekungababilisi,incorrect
yewungiphathele,correct
langesimfaristi,incorrect
bayokutshwenywa,correct
nemitletlerebede,incorrect
ziziinkulungwana,correct
wokuthengikubone,incorrect
nemithethwenakho,correct
isizamfakazimulo,incorrect
engisijamisileko,correct
abosodzilahlwami,incorrect
nahlakaniphileko,correct
ongencekukhosana,incorrect
engakahlambuluki,correct
amtemarubhisekhe,incorrect
emtjhikatjhikeni,correct
yomnyamathathayo,incorrect
neyokurhubutjhwa,correct
emasamathathathu,incorrect
bekungasenamuntu,correct
ukuhlengomhlandu,incorrect
esinobuphulukelo,correct
