stimulus,correct_answer
inte,incorrect
mali,correct
lomu,incorrect
lobu,correct
lebi,incorrect
zife,correct
onzi,incorrect
ezwe,correct
lomo,incorrect
yile,correct
ukhi,incorrect
sala,correct
sisi,incorrect
saya,correct
enga,incorrect
yeka,correct
onga,incorrect
kuba,correct
ekha,incorrect
yiba,correct
ubeni,incorrect
ubeka,correct
esabi,incorrect
lenye,correct
isibo,incorrect
isiba,correct
ebela,incorrect
uzulu,correct
izana,incorrect
endlu,correct
waphi,incorrect
bapha,correct
lombe,incorrect
sizwe,correct
lweni,incorrect
egazi,correct
bepha,incorrect
sihle,correct
bekho,incorrect
ubona,correct
lango,incorrect
lakha,correct
useni,incorrect
uleya,correct
utshi,incorrect
asuke,correct
lendo,incorrect
elala,correct
lengi,incorrect
azabe,correct
izela,incorrect
imele,correct
fundi,incorrect
banye,correct
ngeni,incorrect
kweze,correct
wathu,incorrect
afuna,correct
kunga,incorrect
azuze,correct
bathu,incorrect
iholo,correct
okulu,incorrect
nanzi,correct
benge,incorrect
ucele,correct
sengi,incorrect
nampa,correct
bephe,incorrect
ezulu,correct
wange,incorrect
ivele,correct
wangi,incorrect
loogi,correct
lombi,incorrect
iqili,correct
iselwe,incorrect
ezelwe,correct
yefula,incorrect
sevini,correct
zilawo,incorrect
kulazo,correct
yikuma,incorrect
linake,correct
kaliso,incorrect
zivele,correct
oqwane,incorrect
iaramu,correct
abheni,incorrect
sehefa,correct
waweni,incorrect
bacina,correct
ikanga,incorrect
awenza,correct
unyoka,incorrect
inzuzo,correct
wayeli,incorrect
umnini,correct
kaduwa,incorrect
saqeda,correct
ueliyo,incorrect
iphuma,correct
enyaka,incorrect
enqama,correct
lusini,incorrect
ubhani,correct
ahambi,incorrect
eqonda,correct
besabi,incorrect
esenza,correct
lobube,incorrect
sibize,correct
emakhe,incorrect
esehla,correct
ngumbu,incorrect
zamasi,correct
bekayo,incorrect
abekwa,correct
zimeni,incorrect
sawela,correct
yikuse,incorrect
kabale,correct
kayimi,incorrect
siyabe,correct
amakho,incorrect
ezizwe,correct
uzatho,incorrect
ubapha,correct
beyimi,incorrect
zisiya,correct
afundi,incorrect
ogcina,correct
ezingo,incorrect
izinti,correct
ibhedu,incorrect
angeke,correct
unkulu,incorrect
mkhulu,correct
sizana,incorrect
kajehu,correct
babeni,incorrect
okwalo,correct
waleni,incorrect
yaguqa,correct
ulwano,incorrect
ugwalo,correct
libali,incorrect
engeze,correct
apheko,incorrect
ehlobo,correct
olwane,incorrect
owakhe,correct
ucwini,incorrect
lufike,correct
sokulu,incorrect
izinso,correct
sekuba,incorrect
kasoke,correct
khange,incorrect
uthume,correct
kwetho,incorrect
lezoni,correct
ngipho,incorrect
ingoma,correct
izihla,incorrect
ukulwa,correct
ilukhi,incorrect
ukhalo,correct
wabusi,incorrect
basala,correct
ebizwe,incorrect
khupha,correct
leaphi,incorrect
enobhi,correct
kodana,incorrect
kanina,correct
phambo,incorrect
bafike,correct
kaabhi,incorrect
yizono,correct
phambe,incorrect
welula,correct
eminya,incorrect
ezilwa,correct
yakheli,incorrect
sengibe,correct
lempela,incorrect
silokhu,correct
loshoba,incorrect
siqhela,correct
ngibuzo,incorrect
ngibuse,correct
mankomo,incorrect
yakithi,correct
emazula,incorrect
lensolo,correct
ibaneni,incorrect
utshaya,correct
wasethu,incorrect
lakhiwe,correct
yafundi,incorrect
yaqonda,correct
amazana,incorrect
zendawo,correct
wamvumo,incorrect
banqoba,correct
engiswe,incorrect
lenzani,correct
indleni,incorrect
ingcono,correct
zomethi,incorrect
lasutha,correct
kumelwa,incorrect
bebonke,correct
lonkulu,incorrect
behlela,correct
kolwane,incorrect
lebhali,correct
zakhaya,incorrect
lezimvu,correct
inyazwa,incorrect
yabamba,correct
inanayo,incorrect
kuhlala,correct
ediweyo,incorrect
edakeni,correct
zolwane,incorrect
liphuma,correct
ulimayi,incorrect
uhanani,correct
thikisa,incorrect
imikolo,correct
lwetshe,incorrect
usekela,correct
bamlima,incorrect
bamuzwa,correct
ngakale,incorrect
yabalwa,correct
ukhanzi,incorrect
lempiko,correct
efikeni,incorrect
etshaya,correct
alemasi,incorrect
elingwa,correct
wobukho,incorrect
wehlise,correct
kwemila,incorrect
okuyize,correct
lamatho,incorrect
sebezwe,correct
ngokulu,incorrect
okwakho,correct
ezinani,incorrect
izipani,correct
lobhene,incorrect
lobuhle,correct
zohlaka,incorrect
loruthe,correct
nekhoke,incorrect
iithila,correct
kolungi,incorrect
beqonde,correct
gebheyo,incorrect
bethuka,correct
izipheka,incorrect
iziphofu,correct
mlindisa,incorrect
afundisa,correct
ahlokazi,incorrect
athunywa,correct
zithethi,incorrect
ziphambi,correct
yesabiyo,incorrect
umharodi,correct
zilitsho,incorrect
yimfihlo,correct
lokulini,incorrect
zokubusa,correct
kubonela,incorrect
babulele,correct
khangeni,incorrect
edongeni,correct
kayisela,incorrect
sithanda,correct
kamaleke,incorrect
kamaseya,correct
wendleni,incorrect
izihloko,correct
entshoyo,incorrect
zegolide,correct
khonzela,incorrect
izintaba,correct
kubonina,incorrect
umkhonto,correct
kubekayo,incorrect
sizafika,correct
ezinyelo,incorrect
amabhera,correct
linganye,incorrect
esehlile,correct
kanyelwe,incorrect
owezimvu,correct
zensiswa,incorrect
yintonga,correct
amabelwa,incorrect
esebanga,correct
indudula,incorrect
isilwane,correct
azinkani,incorrect
azitheli,correct
lakuweli,incorrect
kubabusi,correct
ukuzihlo,incorrect
izingoma,correct
kuqogele,incorrect
kaenoshi,correct
wamkhono,incorrect
bakwenze,correct
wentanda,incorrect
amaamoni,correct
okukumbe,incorrect
bakamosi,correct
alamakho,incorrect
eyinyama,correct
phambeni,incorrect
okukhona,correct
isixwayi,incorrect
iziqgoko,correct
ubulondo,incorrect
uzanikwa,correct
ozafundi,incorrect
lumbhalo,correct
eyodwake,incorrect
ovuthayo,correct
ecathuka,incorrect
eadulami,correct
abahluke,incorrect
ukusipha,correct
ngakhosi,incorrect
babulala,correct
ephetshi,incorrect
ahlulele,correct
usebhayo,incorrect
wakufaka,correct
kumeluko,incorrect
bakhonze,correct
kuleviya,incorrect
umbukiso,correct
zokuqondo,incorrect
sebehambe,correct
eyemisela,incorrect
usibulale,correct
mkhumbuso,incorrect
ethembisa,correct
lomkabona,incorrect
ingqoloyi,correct
kalizweni,incorrect
yaseedomi,correct
isifubeni,incorrect
kwamandla,correct
balahlanu,incorrect
wazenzela,correct
esethushi,incorrect
kwesifula,correct
ezivumele,incorrect
ezibunjwe,correct
kangiholo,incorrect
kangisoze,correct
yasephila,incorrect
yezikhulu,correct
sasifungo,incorrect
zamasango,correct
kasikhona,incorrect
kulamanye,correct
esegebizo,incorrect
esifanele,correct
yamfakazi,incorrect
wamxotsha,correct
inhlobile,incorrect
sezizwile,correct
samafuthi,incorrect
amadimoni,correct
ngokuzane,incorrect
ngokulaya,correct
elimazana,incorrect
elibonisa,correct
omkhulula,incorrect
likhulume,correct
sikaeliyo,incorrect
wayebekwa,correct
zakuphela,incorrect
kumaamoni,correct
okwetheni,incorrect
sezizwana,correct
ngeleleni,incorrect
ngikubeka,correct
ebafakazi,incorrect
alifanani,correct
kwakulayo,incorrect
okubulewe,correct
lezimpilo,incorrect
lingcwele,correct
umnganisa,incorrect
lilandela,correct
ezintando,incorrect
sokuphila,correct
lasokanga,incorrect
yazilahla,correct
balawumbe,incorrect
wakhuleka,correct
ngendleni,incorrect
zezizweni,correct
uthunyuka,incorrect
asesodoma,correct
samasonde,incorrect
babuswela,correct
lakhosini,incorrect
wahlasela,correct
kakhutsho,incorrect
lezinqaba,correct
ngendlini,incorrect
yizigqili,correct
kaenanisa,incorrect
wavalelwa,correct
izindleni,incorrect
izindleko,correct
kasikhume,incorrect
zazizinde,correct
esikhushi,incorrect
amahlahla,correct
sebembule,incorrect
yayingazi,correct
udumazane,incorrect
efananayo,correct
zabonweni,incorrect
yezihambi,correct
uzawahuqe,incorrect
azivikele,correct
ngizimulo,incorrect
ngemilayo,correct
ayesezela,incorrect
ubusufika,correct
amahageye,incorrect
esibunjwe,correct
libabheni,incorrect
lilahlela,correct
usufikeni,incorrect
uzefaniya,correct
kuyehlazo,incorrect
kuzenziwa,correct
ukucunule,incorrect
amaketane,correct
eziliguqa,incorrect
izibhalwa,correct
isiphamba,incorrect
esebuyele,correct
lamanzini,incorrect
lesiqinti,correct
emnandiso,incorrect
isegazini,correct
yomhlathu,incorrect
eseselani,correct
yambuluke,incorrect
wesabatha,correct
begxamuze,incorrect
somthetho,correct
esigodaka,incorrect
esigodini,correct
enkanyeli,incorrect
zingasiwa,correct
eziphethi,incorrect
ngithethe,correct
ezehlanzi,incorrect
balindele,correct
emihlolwa,incorrect
azachaywa,correct
laphokoza,incorrect
kokubalwa,correct
ujudiyane,incorrect
ephahleni,correct
owesifake,incorrect
zikuhleka,correct
kulamaana,incorrect
lamahloka,correct
eshayanga,incorrect
kugodliwe,correct
ngakhotho,incorrect
bakhuleke,correct
ekuselenu,incorrect
mkhonzeni,correct
lingamhla,incorrect
engamupha,correct
usakhothi,incorrect
kaahiludi,correct
abantweza,incorrect
amakholwa,correct
eyayilamvu,incorrect
eyayisilwa,correct
okunatheni,incorrect
ongcoliswe,correct
sesandlala,incorrect
bamlandela,correct
ngokugcobe,incorrect
ngizadlula,correct
owesifundi,incorrect
kwezinsika,correct
ukuphekayo,incorrect
amazinyane,correct
iwakhuleli,incorrect
iwafihlele,correct
okubhuleko,incorrect
okulabantu,correct
lizavusela,incorrect
yisivikelo,correct
lamaarikho,incorrect
yayiyekela,correct
sesidelilo,incorrect
labakhandi,correct
wokuthelwe,incorrect
sekusemini,correct
ngakuhlanu,incorrect
kungushama,correct
wamhlamusa,incorrect
wamkhalela,correct
ngeshonale,incorrect
bakoasheri,correct
lingabokho,incorrect
lezindlini,correct
ukudlulele,incorrect
ezizwaneni,correct
zagidigadi,incorrect
bayinikele,correct
lwavuthani,incorrect
ayemtshele,correct
basigiqala,incorrect
bamazibulo,correct
bonakalabo,incorrect
esivandeni,correct
welulekeli,incorrect
wesokunene,correct
lesitotoba,incorrect
lemihogoyi,correct
lenyangise,incorrect
kakwenziwe,correct
kwesifunda,incorrect
ngezintaba,correct
labadaleni,incorrect
saserefayi,correct
elalimakho,incorrect
ezazihanqe,correct
azifihlala,incorrect
asejerikho,correct
oyikukhosi,incorrect
ekubizweni,correct
yamadodeni,incorrect
yasekhushi,correct
okumnikeli,incorrect
babhidlize,correct
wabuyeleki,incorrect
balitshise,correct
uluhlungwa,incorrect
eyathathwa,correct
sikagadisa,incorrect
lemikhonto,correct
umfowabona,incorrect
waphenduka,correct
yinhlizini,incorrect
yemfundiso,correct
ukuyadlale,incorrect
ukusethesa,correct
lenyamakho,incorrect
babhujiswe,correct
ubhubhapha,incorrect
asibonanga,correct
yikuzabele,incorrect
siyidelile,correct
amehloboya,incorrect
basebesima,correct
hatshelile,incorrect
wayetshilo,correct
kwathironi,incorrect
inkululeko,correct
emhlubulwe,incorrect
zisethuswa,correct
sengalethu,incorrect
yesibusiso,correct
ingqondili,incorrect
wamxwayisa,correct
acengeziqa,incorrect
kesiyibuze,correct
amahlulisa,incorrect
ayezenzele,correct
kaahabithi,incorrect
loshebhina,correct
kanyathumi,incorrect
engafuniyo,correct
iqinisenza,incorrect
ejeziselwa,correct
uibhithari,incorrect
sahlangana,correct
enkangothi,incorrect
lokububula,correct
owesikhaza,incorrect
sithandane,correct
othaphamba,incorrect
ekufundeni,correct
uyazungubo,incorrect
uyindodana,correct
amkhothayo,incorrect
bathandana,correct
ubuhluphela,incorrect
ozabhubhisa,correct
amanyamanzi,incorrect
amanyathelo,correct
umsilahlela,incorrect
leyesihlanu,correct
engasebethu,incorrect
lokuphumula,correct
owesitshoyo,incorrect
lingatshona,correct
yokuhlawuli,incorrect
yamakhenani,correct
zingavumele,incorrect
zingaphansi,correct
wesihambili,incorrect
sathengiswa,correct
eziqalekelo,incorrect
ilibhubhise,correct
yokuzingaze,incorrect
leziluhlaza,correct
yasetshengi,incorrect
bayamkhonza,correct
ezihluphela,incorrect
kwabalawuli,correct
zizagebhane,incorrect
sikajothamu,correct
kabayithume,incorrect
labathelisi,correct
ezikhombili,incorrect
ayithandayo,correct
amashelweni,incorrect
okuzibekayo,correct
kwesandlelo,incorrect
usezandleni,correct
libhithanda,incorrect
lenkazimulo,correct
yaziqondisi,incorrect
langothando,correct
ezikhukhulu,incorrect
eziphaphayo,correct
lwesihawuli,incorrect
uzakutshela,correct
yokungisiwe,incorrect
yokuphumula,correct
yathinkemba,incorrect
ngamaketane,correct
enkangizayo,incorrect
lenhlanyelo,correct
inkosindoda,incorrect
sengiseduze,correct
ngizakudili,incorrect
ngezinkemba,correct
kabudingalo,incorrect
lamapulanka,correct
lamhlophayo,incorrect
osiduduzayo,correct
ithuphelela,incorrect
uhlambulule,correct
bomthenteni,incorrect
njengoesawu,correct
sekuyithiya,incorrect
lawokugcoba,correct
emkhathumba,incorrect
yahlakazeka,correct
lomthetheni,incorrect
emadodaneni,correct
nkosinikelo,incorrect
ekhanyiweyo,correct
ubuyabelela,incorrect
osilamulele,correct
lokubhudumo,incorrect
sikajeshuwa,correct
ogcwatshumi,incorrect
ongasokanga,correct
ayabhothani,incorrect
ziyikuphila,correct
lichachithi,incorrect
lothalimoni,correct
elikhumbiko,incorrect
ayemukeleyo,correct
abaswebhoni,incorrect
abafelokazi,correct
bamngenyane,incorrect
bakaphawuli,correct
esephenduli,incorrect
lingamukeli,correct
lesixhumeli,incorrect
bezisebenzi,correct
ukuphelango,incorrect
ukuphambula,correct
wabuzadlule,incorrect
zemisebenzi,correct
udwebizweni,incorrect
ozithweleyo,correct
khangezemba,incorrect
kwezinqwaba,correct
ukuthuthaba,incorrect
zizingeleze,correct
umhlabafake,incorrect
kungakubili,correct
inanayineni,incorrect
sikaarawuna,correct
empumalitha,incorrect
owayephethe,correct
wayesikhombe,incorrect
wayesimisele,correct
lezikhangeli,incorrect
yokukhonzela,correct
esikhathwayo,incorrect
esithandweni,correct
lezifakwenza,incorrect
yokubonakala,correct
wonakaliyibo,incorrect
engizakulaya,correct
sakhonokhoke,incorrect
sengiluphele,correct
sokufiphambi,incorrect
yokuziphatha,correct
ngokwesabele,incorrect
sikasolomoni,correct
lokuqhaqhawe,incorrect
wababuyisela,correct
sesakwenzani,incorrect
engakwenzayo,correct
lojedidekayo,incorrect
lasemhlabeni,correct
kwabazukulwe,incorrect
kwamacilongo,correct
engcwatshumi,incorrect
oluphakemeyo,correct
esiphephetho,incorrect
imiphefumulo,correct
yezinyangazi,incorrect
okwesabekayo,correct
zizabahlanga,incorrect
basebefikile,correct
ngamatshiswa,incorrect
ngesikhundla,correct
lengesangala,incorrect
ekusindiseni,correct
wambululelwe,incorrect
ngikuthumela,correct
bakhothokoze,incorrect
wakhothamela,correct
emakamiswayo,incorrect
ekufundeleni,correct
aliphelelene,incorrect
osekhwapheni,correct
amazangilibe,incorrect
oyizondisayo,correct
zivulekisiwe,incorrect
abokuthunjwa,correct
magundiselwa,incorrect
sithengisiwe,correct
eyayilahlanu,incorrect
kwabaphilayo,correct
wawuphilathe,incorrect
bazakwenzela,correct
lenyakathana,incorrect
yokwahlulela,correct
ngizakuhlazo,incorrect
wesikhumbuzo,correct
amadunanzani,incorrect
lesiphambeko,correct
kwesabezinye,incorrect
hlanganisani,correct
izisidalwano,incorrect
ngalixwayisa,correct
olungwanengi,incorrect
esilungileyo,correct
yesitshumile,incorrect
olobulephero,correct
libangalahla,incorrect
lasezindlini,correct
bejerikhombe,incorrect
lekhiriyathi,correct
bengamaedomi,incorrect
yomndlunkulu,correct
baphrisoleka,incorrect
wahlambulula,correct
bakulakanini,incorrect
kakulakuvuka,correct
lealithoniso,incorrect
kwakungujesu,correct
wokuthintini,incorrect
yokuthengisa,correct
amakamelapho,incorrect
umninimandla,correct
abazasizange,incorrect
abazaphekela,correct
kungagebhiri,incorrect
kwabasindayo,correct
ikhathesikho,incorrect
ogcotshiweyo,correct
umhlabahlaka,incorrect
lemikhuhlane,correct
wenqolenxele,incorrect
ebuthongweni,correct
umxwayisanda,incorrect
umtshokotsho,correct
lilindezelele,incorrect
yezinyamazana,correct
inhluphilathi,incorrect
lasezintabeni,correct
labapheliseka,incorrect
zokuthululela,correct
laseziqondayo,incorrect
lasemabunzini,correct
umsebekungene,incorrect
basebesenzisa,correct
yikhothaniswa,incorrect
esikhethiweyo,correct
lomphendukana,incorrect
ngikhangelele,correct
kwamalotshiwe,incorrect
ezikhohlisayo,correct
ngesilibhukhi,incorrect
ngabanyathela,correct
yilemothileyo,incorrect
esizunguzwayo,correct
isisibekezela,incorrect
isinanakazana,correct
lezithokotsha,incorrect
wabaphrofethi,correct
izidaliyikube,incorrect
izibonakaliso,correct
engabezelwane,incorrect
lezimangaliso,correct
eyebutshokoza,incorrect
ozakwehluleka,correct
amanesisekeli,incorrect
kwamaisrayeli,correct
emhlabafowenu,incorrect
njengabaphila,correct
lakubonangawo,incorrect
kulokuthokoza,correct
lokwezophahle,incorrect
emathempelini,correct
ilelungilanga,incorrect
kalibuyelanga,correct
inhlizitshumi,incorrect
wayebanqobile,correct
imikhilenzele,incorrect
ezihlinziweyo,correct
okupheliwenza,incorrect
bengelanhloni,correct
engcolilemizi,incorrect
lokwahlulelwa,correct
bazingafikisi,incorrect
ngesithembiso,correct
wawehlaseakhi,incorrect
lalingujedida,correct
esencengezima,incorrect
ungacaphukeli,correct
ephekizinyaka,incorrect
ukubonakalisa,correct
aqhubelokhala,incorrect
kabakubonanga,correct
uziqhenyakani,incorrect
elalingaphezu,correct
abalungapheyo,incorrect
ngokwedluleyo,correct
ngenyangelanga,incorrect
engizakwenzela,correct
ngumyangigcoba,incorrect
labomakhelwane,correct
ababepheronomi,incorrect
ezilahlekileyo,correct
empumalawumisa,incorrect
njengokuvumela,correct
bameshelisithi,incorrect
kuyamthokozisa,correct
kwezingelezami,incorrect
ngokulinganayo,correct
wasiqalekileyo,incorrect
kulondolozelwe,correct
amanengizasusa,incorrect
lezenyanyekayo,correct
kwesonalangana,incorrect
wezithukuthuku,correct
yobukholwandla,incorrect
bangisebenzele,correct
kusukumathumbe,incorrect
kulesisihlahla,correct
abantukuthutha,incorrect
engakhulumanga,correct
wathintathumbu,incorrect
ngabaphrofethi,correct
lamuhlalindisi,incorrect
aqakathekileyo,correct
kwakungiqedisi,incorrect
ukuzithokozisa,correct
engumnahashuhi,incorrect
uyalibingelela,correct
phambazalimoni,incorrect
obungamatshumi,correct
ulotshelangele,incorrect
engizaphungula,correct
yiziqakisanayo,incorrect
ezalandulelayo,correct
mhlabayikutshi,incorrect
ongayigodlanga,correct
msizilithekeli,incorrect
uzaphakanyiswa,correct
ngumhlengaseni,incorrect
kulongqwaqwane,correct
wayenothozwana,incorrect
esizunguziweyo,correct
ekusiyalwelula,incorrect
ungangincitshi,correct
ngizawachobozi,incorrect
engasabonisisi,correct
kwesabekwedele,incorrect
engizokutshela,correct
lealithakadani,incorrect
kulomhlatshelo,correct
kanyelodolobhi,incorrect
ngakujeduthuni,correct
ekamesabhanani,incorrect
wahlangabezana,correct
oyihlatshiseki,incorrect
angangcwatshwa,correct
wobanikelwanda,incorrect
wayengabudingi,correct
incwadilizweni,incorrect
zizakhithikela,correct
kanyezelalaywa,incorrect
sasilithalenta,correct
ngiwelizinduna,incorrect
waserehobhothi,correct
iskariyatshumi,incorrect
kulohimeniyasi,correct
labalawulelwane,incorrect
yayingelamandla,correct
bengezingceleni,incorrect
kwakulamatafula,correct
kangikutshonala,incorrect
ababuthakathaka,correct
basebaqhubekayo,incorrect
babengamatshumi,correct
mhlabaphristiya,incorrect
ekuhlakanipheni,correct
ngibaqalisenini,incorrect
ababengabangane,correct
ngasesidumazana,incorrect
ngawokukhanyisa,correct
emaphephakamela,incorrect
abalindimasango,correct
indlelodongenza,incorrect
bazakuchasisela,correct
babusisesenzayo,incorrect
kaliyikutshiswa,correct
yokuzizophosela,incorrect
selilivimbezele,correct
amatshathembeni,incorrect
abasebekumisile,correct
engezikhatshumi,incorrect
langomphefumulo,correct
osesalangokuthi,incorrect
ubhakhibhukhiya,correct
nguyisagwacamba,incorrect
wayengelanhloni,correct
wakhohathenteni,incorrect
bangabukhangeli,correct
lesivangelacala,incorrect
kalizimiselanga,correct
ilamahlasemunwe,incorrect
ngabathungameli,correct
ziyenelisilwane,incorrect
kabakhathalanga,correct
lwesihlambulala,incorrect
labangakholwayo,correct
ubuyisithunyuka,incorrect
siyisigombolozi,correct
ephethelilanina,incorrect
lasebhalimeyoni,correct
edolobhenjamina,incorrect
waphulukundlela,correct
ukuthengisisuthi,incorrect
ngizayithumezela,correct
kajozadakwenzani,incorrect
kaluyikwamukelwa,correct
laselikhumbusisa,incorrect
kabazilandelanga,correct
eminyathembekayo,incorrect
njengokumisiweyo,correct
njengokokuzamele,incorrect
ngizalitshengisa,correct
ubuhlukaisrayeli,incorrect
abakhululekileyo,correct
