stimulus,correct_answer
ନଯ,incorrect
ନୟ,correct
ଏଡ,incorrect
ଏଡ଼,correct
ଦଯ,incorrect
ହର,correct
ସଯ,incorrect
ଚପ,correct
ବଯ,incorrect
ଲବ,correct
ରକ,incorrect
ଚତ,correct
ଦକ,incorrect
ଲତ,correct
ଅଳ,incorrect
ଏଯଏ,correct
ସକ,incorrect
ଚବ,correct
ଅଭ,incorrect
ଝଉ,correct
ଅଞ,incorrect
ତଜ,correct
ଉଡ,incorrect
ପଗ,correct
ଯଡ,incorrect
ଗଶ,correct
ପଡ,incorrect
ଗଭ,correct
ସଡ,incorrect
ନଖ,correct
କଡ,incorrect
ହଣ,correct
ବଦଇ,incorrect
ହଲଇ,correct
ଆଡ,incorrect
ବଘ,correct
ଆଟ,incorrect
ସଭ,correct
ଜଞ,incorrect
ମଧ,correct
ଘତ,incorrect
ଥଆ,correct
ଏନମ,incorrect
ଏରସ,correct
ବଡ,incorrect
ଚଣ,correct
ମଞ,incorrect
ଉପମ,correct
ଏଥଉ,incorrect
ଅବଦ,correct
ବଯକ,incorrect
ବୟକ,correct
ମହଯ,incorrect
ରପୟ,correct
ଜଯର,incorrect
ନଜର,correct
ହଯର,incorrect
ମୟର,correct
ଯଦଯ,incorrect
ଯଦବ,correct
ଆଜତ,incorrect
ଆଜକ,correct
ବଦଯ,incorrect
ଚଲଯ,correct
ଶଧ,incorrect
ଭଷ,correct
ପପଦ,incorrect
ସବଦ,correct
ଯଗଯ,incorrect
ଗୟକ,correct
କହଚ,incorrect
ମନକ,correct
କନଯ,incorrect
ଗଦର,correct
ସନଯ,incorrect
ହସବ,correct
ସମଯ,incorrect
ଗରର,correct
ଅଭର,incorrect
ଅଶର,correct
ହଦଯ,incorrect
ବପର,correct
ସଵଯ,incorrect
କମର,correct
ବଜଜ,incorrect
ଆଗତ,correct
ପଢ,incorrect
ଯରମ,correct
ମତଯ,incorrect
ବସର,correct
ହଠ,incorrect
କଠ,correct
ତମଯ,incorrect
ପରର,correct
ଗବଯ,incorrect
ଦବତ,correct
ମଲଯ,incorrect
ନସର,correct
ଯଜନ,incorrect
ରପତ,correct
ତମଲ,incorrect
ହଲବ,correct
ସଯର,incorrect
ନଚବ,correct
ଠଯ,incorrect
ଅମଣ,correct
ଛଡ,incorrect
ବସତ,correct
ଧପଇ,incorrect
ଥଇଲ,correct
କଢ,incorrect
ଯନସ,correct
ଆପନ,incorrect
ଚଳଇ,correct
ଆଜନ,incorrect
ପଲତ,correct
ଶପଇ,incorrect
ଧଇଲ,correct
ଅଧଯ,incorrect
ଅଙଗ,correct
ଅଧବ,incorrect
ଗଲକ,correct
ଅଶତ,incorrect
ଅଥଚ,correct
ଉଭଯ,incorrect
ଅଗଧ,correct
ବହଣ,incorrect
ମହଣ,correct
ଛନର,incorrect
ଏହତର,correct
ପଡକ,incorrect
କଷର,correct
ବଭର,incorrect
ଦଳନ,correct
ବଶଚ,incorrect
ଦଷର,correct
ନମଣ,incorrect
ପଣତ,correct
କମଣ,incorrect
ଜଡ଼ତ,correct
ପଣଲ,incorrect
ଯଶବ,correct
ଧନଯ,incorrect
ଭରମ,correct
ପଖଯ,incorrect
ମଳନ,correct
ଅତଯକ,incorrect
ଟକର,correct
ଯଥନ,incorrect
ମଶର,correct
ପବଶ,incorrect
ବମଖ,correct
ସବଷ,incorrect
ତତଶ,correct
ସଟକ,incorrect
କଟର,correct
କଛନ,incorrect
ମଘର,correct
ଗଷଯ,incorrect
ଗଣକ,correct
ଶପଗ,incorrect
ଶଲହ,correct
ଅହନତ,incorrect
ଅହୟର,correct
ଚଢଅ,incorrect
ଗଢ଼ଅ,correct
କଲଖ,incorrect
କଲଟ,correct
ଗପଣ,incorrect
ଯଆଳ,correct
ଯପଥ,incorrect
ରଗଟ,correct
ଧଯର,incorrect
ଛୟର,correct
ଆଘନ,incorrect
ତଫନ,correct
ସମଶ,incorrect
ଗନଧ,correct
ହଷଯ,incorrect
ହଡ଼କ,correct
କଥନ,incorrect
ପଡ଼ର,correct
ଘନତ,incorrect
ଅବସତ,correct
ବଷଯ,incorrect
ଦଶନ,correct
ବଧଵ,incorrect
ସଧମ,correct
ଆଗଳ,incorrect
ବରଣ,correct
ମରଘ,incorrect
ନମଷ,correct
ଈଶହ,incorrect
ଭରର,correct
ଦଢଇ,incorrect
ତଷତ,correct
ସହପଇ,incorrect
ଚକଳ,correct
ଗଟର,incorrect
ମଶଲ,correct
ଛମନ,incorrect
ଛଦର,correct
ତହଣ,incorrect
ବରଟ,correct
ଅବସମ,incorrect
ଅପକର,correct
ମଶଵ,incorrect
ହଶମ,correct
ଜଞଚ,incorrect
ପନଧ,correct
କରଭ,incorrect
ବଦଳ,correct
ବନଯର,incorrect
ଗଠକ,correct
ଦରତନ,incorrect
ସହୟତ,correct
ମଘଷ,incorrect
ପଛଡ଼,correct
ପରଯଯ,incorrect
ରଜଗହ,correct
କନଯକ,incorrect
ଗବୟକ,correct
ନଗମତ,incorrect
ମରଗର,correct
ସମଦଯ,incorrect
ଗହସବ,correct
ଶଥତ,incorrect
ଏକଥର,correct
ଆତତର,incorrect
ନୟତର,correct
ରଜଯର,incorrect
ପରମର,correct
ଅଶସବ,incorrect
ଅଶଚତ,correct
ଜତଵନ,incorrect
ଦରକତ,correct
କବକଯ,incorrect
ଆବଦନ,correct
ଏଉତତଯ,incorrect
ଝଡ଼ବ,correct
ହଦଯଯ,incorrect
ନଦରତ,correct
ମଯତବ,incorrect
ଯୟଦର,correct
ସମଯର,incorrect
ସମମନ,correct
ବହଵର,incorrect
ସତଵର,correct
ଥବଳ,incorrect
ଶତଳ,correct
ରଯଯଗ,incorrect
ଆୟବର,correct
କନଯର,incorrect
ବଜରର,correct
ଶଷଯ,incorrect
ଘଷର,correct
ମଠନ,incorrect
ଦଇଶହ,correct
ତମଗର,incorrect
କଲବର,correct
ପଣଇଲ,incorrect
ଦଖଛ,correct
କରଯଯ,incorrect
ପରମକ,correct
ଯଶଷ,incorrect
କଟଳ,correct
ଝଳନ,incorrect
ଖଇଅଛ,correct
ଇଶଵର,incorrect
ଗପତର,correct
ଅଛନକ,incorrect
ଘଣୟ,correct
ତମଯର,incorrect
ସହନର,correct
ଚଷଣ,incorrect
ଉଠଇଲ,correct
ଅଳନତ,incorrect
ଅକଷର,correct
ଲଖଣ,incorrect
କଶଳ,correct
ଅଧଯର,incorrect
ଘଣତ,correct
ନଫଳ,incorrect
ଏତବଳ,correct
ଭଙକ,incorrect
ଯଉଥଲ,correct
ଅନଙକ,incorrect
ଘଟନ,correct
ଉତପଣ,incorrect
ଏକଆଡ଼,correct
ଭଠଇ,incorrect
ଗଢ଼ଲ,correct
ଅନଯମନ,incorrect
ଅନୟମନ,correct
ଜଣଯଯ,incorrect
ଜଣଯକ,correct
ସଵପଣ,incorrect
ସଵଚଛ,correct
ଜଞଚନ,incorrect
ଜଞନର,correct
ବହଥନ,incorrect
ବହଥଲ,correct
ବଳନଦ,incorrect
ପଣତତ,correct
ଧନଯର,incorrect
ଅନତରର,correct
ହବଳନ,incorrect
ପତଳକ,correct
ଦଲଙକ,incorrect
ନରଙକ,correct
ସମଶହ,incorrect
ପରଭବ,correct
ତହଙଗ,incorrect
ଚରଣର,correct
କରଙକ,incorrect
ବରଙକ,correct
ସମଶଯ,incorrect
ସନଧନ,correct
ସମଗଣ,incorrect
ଦରପଣ,correct
ସଫଦନ,incorrect
ବଟଯକ,correct
ଆଘନର,incorrect
ନଶଵସ,correct
ତଥଯର,incorrect
ପଳନତ,correct
ଉପରତତ,incorrect
ଧରତତ,correct
ଗଟରବ,incorrect
ମଖଲକ,correct
ମଡକତ,incorrect
ବଖୟତ,correct
ବଡଗର,incorrect
କଳପତ,correct
ବନଷତ,incorrect
ବରଷୟ,correct
ମଧଯନ,incorrect
ଜଳକର,correct
ଆଜଙକ,incorrect
ପକଇଅଛ,correct
କରଭର,incorrect
ବସଥବ,correct
ଜଣଗମ,incorrect
ବଶଜତ,correct
ହଦଧଯ,incorrect
ପକଇବକ,correct
ଉତସତନ,incorrect
ଉଦୟନକ,correct
ଯଷଯର,incorrect
କଣତର,correct
ନଚଶବ,incorrect
ହଫରର,correct
ସଵଗଣ,incorrect
ଚରଗଣ,correct
ବଯକଶ,incorrect
ଦରକଷ,correct
ଧଵରର,incorrect
ଧଵସତ,correct
ଏଥପଣ,incorrect
ଇଫରଣ,correct
ମଧଯତ,incorrect
ଯଜଞର,correct
ଗଢଇବ,incorrect
ବତରଣ,correct
ପଞନତ,incorrect
ବଙଗର,correct
ବଧଯର,incorrect
ବଧସବ,correct
କଶଵର,incorrect
ବଝନତ,correct
ଦଷଯର,incorrect
କଳସର,correct
ଉପସତର,incorrect
ଭରତର,correct
ଉପପମକ,incorrect
ଶରରକ,correct
ଦଶଵର,incorrect
ଜଣକର,correct
ଉଠରଯ,incorrect
ପକଷକ,correct
ଚହଙକ,incorrect
ଆଣଅଛ,correct
ମଧଯର,incorrect
ପରଧୟ,correct
ଇଷକଡ,incorrect
ପରବଳ,correct
ଅଭଙକ,incorrect
ଗହସଥ,correct
କନତନର,incorrect
ସନତନର,correct
ଲଭମଣ,incorrect
ମଷଟତ,correct
ଯବହଦଯ,incorrect
ମହସୟର,correct
ଆସତଯର,incorrect
ଦରଦରର,correct
ଦବରଦନ,incorrect
ଗଲୟଦୟ,correct
ଦଖଥତ,incorrect
ଚଳଇବକ,correct
ଜଳଶଯ,incorrect
ବଶଷର,correct
ତହରଯଯ,incorrect
ସମନସର,correct
ମଦଯତର,incorrect
ମଦରସବ,correct
ହବକଯର,incorrect
ପରକତର,correct
ସମଯରର,incorrect
ସମମନର,correct
ଛଡତତ,incorrect
ଛଡ଼ଅଛ,correct
କରଯଯନ,incorrect
ସମଦରକ,correct
ମଖଥକ,incorrect
ଚଳଇବର,correct
କଅଣସର,incorrect
ନଗରମନ,correct
ବରଦଦବ,incorrect
ବରତତନ,correct
ଉଚଛନଯ,incorrect
ଏଥପରବ,correct
ଦଅନଙକ,incorrect
ଯଷଟର,correct
ତହରତଯ,incorrect
ସତରମନ,correct
ରଦପରର,incorrect
ବହୟରପ,correct
କଥପଣ,incorrect
ବଥରଣ,correct
ସଟରଣ,incorrect
ଆଘରଣ,correct
ପରପକଯ,incorrect
ପରତମର,correct
ରଜଯସତ,incorrect
ପରକତକ,correct
ମସବରସ,incorrect
ବଲମୟନ,correct
ଆଜନମନ,incorrect
କନୟମନ,correct
ଆଡଶପ,incorrect
ତଳଭଗ,correct
ଅନଙଗଲ,incorrect
ଫଟନତ,correct
ପବତସତ,incorrect
ଗବତସକ,correct
ସମନଦନ,incorrect
ବକୟବଦ,correct
ଡକଷଯ,incorrect
ଇକରଣର,correct
ରଦଶଣ,incorrect
ଯନଶଳ,correct
ହବରତସ,incorrect
ବରତତଲ,correct
ହବରନତ,incorrect
ଗଢ଼ଅଛ,correct
ସଦପରଜ,incorrect
ପବତରତ,correct
ଉପଦକଷ,incorrect
ଅନଦକଳ,correct
ବଧଡକ,incorrect
ଦଖଉଅଛ,correct
ନଜକମନ,incorrect
ସହଦମନ,correct
ପଠଯର,incorrect
କଠନୟ,correct
ସଵରନତ,incorrect
ଜଵଳଇବ,correct
ଶଷତର,incorrect
ଧଳସବ,correct
ଇଷଠର,incorrect
ଯହଠର,correct
ମହନତବ,incorrect
ବକରବଦ,correct
ସଗନରବ,incorrect
ଆନନଦତ,correct
ନରଷଟ,incorrect
ନରଜନକ,correct
ଅରଘନତ,incorrect
ଅଧକତର,correct
ଉଚଚଶନ,incorrect
ଅଧରମକ,correct
ସଦପରତ,incorrect
ଚନଦରର,correct
ଆପନନବ,incorrect
କଣଟକ,correct
ଯଥନଯଏ,incorrect
ବରଷଯଏ,correct
ଶଵରଣ,incorrect
ଅନସରଣ,correct
ଅନକଟଜ,incorrect
ଅରଦଧକ,correct
ସଦପରବ,incorrect
ପରବକତ,correct
ଅହଳନଯ,incorrect
ଶଖମର,correct
ଆରକଟଏ,incorrect
ଲଦୟମନ,correct
ସମଶଷ,incorrect
ବଶଦଧ,correct
ଇଲଫଳଇ,incorrect
ଉଲଙଗନ,correct
ଦଢଳଇ,incorrect
ବଜଠର,correct
ପଡବକଯ,incorrect
ପଡ଼ତମନ,correct
ଲକକଷଯ,incorrect
ସମଦଧର,correct
ପଚରଯଳ,incorrect
ଲଜଜବଧ,correct
ଉପରଷଣ,incorrect
ଘରଷଣ,correct
ମତଯଗଣ,incorrect
ଦବତଗଣ,correct
ସଖଲଯତ,incorrect
ଦଣତବତ,correct
ନହରଣବ,incorrect
ପରଦଶକ,correct
ଯପରଭମ,incorrect
ନଗରସଥ,correct
ମଧରକର,incorrect
ଯଶୟହର,correct
ଉପବତଯକ,incorrect
ଉପଦରବର,correct
ବରମସଥ,incorrect
ଗରଗଣର,correct
ବଯଭମଯ,incorrect
ଗଷଠକ,correct
ଦଖରଅଛ,incorrect
ଜଵଳଅଛ,correct
ତହତମଭ,incorrect
ମହଯଦଧ,correct
ସକଶଚତ,incorrect
ବକଷପତ,correct
ତହଙଗଲ,incorrect
ଲକଙକର,correct
ବଶଵମର,incorrect
ଆଜଞକର,correct
ଦଖରମନ,incorrect
ଗଣନକର,correct
ଦଳପନର,incorrect
କଶଯକତ,correct
କରଭରମ,incorrect
ସମମଖନ,correct
ସଠଗଣ,incorrect
ବହରସଥ,correct
ତହଣମନ,incorrect
କଳନମନ,correct
ମଧନକକ,incorrect
କଣସମତ,correct
ଦଷଠର,incorrect
ବଶଠର,correct
କହଭନତ,incorrect
ସଵଧନତ,correct
କଲଗଳନ,incorrect
ପତବଶୟ,correct
ଅଧଯଙକ,incorrect
ଶଣଥଲ,correct
ବନସଙକ,incorrect
ପରସଙଗ,correct
ପରଣଅଛ,incorrect
ବୟଥସବ,correct
ଏଉତତଙକ,incorrect
ଶଷଶର,correct
ଈଶଵସତ,incorrect
ଧରମକର,correct
ମହଯନବନ,incorrect
କରୟକରମ,correct
ନକକରବସ,incorrect
ଜତପରବତ,correct
ସଯମନତନ,incorrect
କକକରମନ,correct
ପରତଦବତ,incorrect
ପରତଦନର,correct
ନବଶଶର,incorrect
ମରଣଥୟ,correct
ଉତସରଙକ,incorrect
ଉପସତମଭ,correct
ତମନନରବ,incorrect
ପରକରମକ,correct
ପବଚସଵର,incorrect
କମରଯୟର,correct
ଇସହସଥତ,incorrect
ଧପରଥକ,correct
କନତନତନ,incorrect
ସତରଲକର,correct
ନନଦଆଗତ,incorrect
ତଦନନତର,correct
ମରଯଯରତ,incorrect
ସମପରକୟ,correct
ସଦପରତଯ,incorrect
ପବତରକର,correct
କହନରହର,incorrect
ନରବସନର,correct
ଯବପଠର,incorrect
ଦରଜନମନ,correct
ତହରଯତର,incorrect
ମହତତଵର,correct
ନଆନତସର,incorrect
ନୟୟନସର,correct
ଦବତଗନମ,incorrect
ପରସପରକ,correct
ଶଷଠର,incorrect
ଶଷଫଳ,correct
କରଥପଣ,incorrect
ଦରଘଗଳ,correct
କଅବଶଵର,incorrect
ମଶଙକର,correct
ବଲମନନତ,incorrect
ସମପତତର,correct
ଦଷଠଇବ,incorrect
ଦଷଟଲକ,correct
ସଚରଯଯନ,incorrect
ମୟବୟମନ,correct
ଡକଷଯର,incorrect
ଅସତରଧର,correct
ଅମନଷଗର,incorrect
ଅଜଞନମନ,correct
ଅଟନଗନଦ,incorrect
ପରସରବର,correct
କବଚରଅଛ,incorrect
ପତଅଛନତ,correct
ତମଭଗଣ,incorrect
ଦଶବନଧ,correct
ହଜନପତଯ,incorrect
ଆରତତନଦ,correct
ଅନଯଦଧର,incorrect
ଅଗରଗଣୟ,correct
ଜଞଜଞବ,incorrect
କଶଦଶୟ,correct
ସଥନତଳ,incorrect
ମଳସକଳ,correct
ସଦପରନତ,incorrect
ସହସମସତ,correct
ଅବଶଦଯର,incorrect
ଶଶବସର,correct
ଏରପତମଭ,incorrect
ଅନନତକଳ,correct
ଜଣନଧଯ,incorrect
ଜଳଧପତ,correct
କଥନକଣ,incorrect
ନଥନଙକ,correct
ଅନଗଣତର,incorrect
ଭଙଗଅଛ,correct
ଭଜଞଚଲ,incorrect
ବସତନଗର,correct
ସଥନମଳ,incorrect
ହରଣବଶ,correct
କରବପରଥ,incorrect
ପରବପରଷ,correct
ଦଶଵସତର,incorrect
ବଶଵସତତ,correct
ପରତତମଭ,incorrect
କରତତଙକ,correct
ତତରଷରର,incorrect
ସତରଧରମ,correct
ଗହକଟରକ,incorrect
ଦବତଗଣକ,correct
ନଷଯରବନ,incorrect
ପଶଚତପଦ,correct
ଦରକରଥତ,incorrect
ନଯଗରଥକ,correct
ହବରତଗଣ,incorrect
ସନତନଙକ,correct
ସପଷମପତ,incorrect
ତରଧଵନର,correct
ତହତମଭର,incorrect
କରରକଷକ,correct
ନଯଦରବଳ,incorrect
ନବଦୟରଥ,correct
ମରପରଙକ,incorrect
ଗଦଲୟଙକ,correct
ସମମତମଭ,incorrect
ବଲଦବଗଣ,correct
ନଦତମଭର,incorrect
ଯହନଙକର,correct
ଦଶଯତତମ,incorrect
ସଫରବୟମ,correct
ବରଥନମତ,incorrect
ଯଜଞବଦକ,correct
ଯଦଧରଚନ,incorrect
ବରଦଧଚର,correct
ସମସଥନଯ,incorrect
ବସସଥନର,correct
ସଥରଯଯନ,incorrect
କଥବରତତ,correct
ପରବରଧନ,incorrect
ମତରଗଣକ,correct
ଘନରଦରବ,incorrect
ଭରସଯକତ,correct
ମଧଯମନତ,incorrect
କଥମତରର,correct
ମନନଧଯର,incorrect
ଜୟଷଠର,correct
ନମନଷଯର,incorrect
ମହରଙକତ,correct
ପରଯଯଙକ,incorrect
ସମଦରସଥ,correct
ଉଚଚଶଣର,incorrect
ଅଧୟକଷକ,correct
ସଥତଯବତ,incorrect
ବଶୟଗମନ,correct
ଅଛନତଙକ,incorrect
ଫରଶଙକ,correct
ଜଳପକଵର,incorrect
ଜଞନବନର,correct
ସନଷମସତ,incorrect
କରଥଆନତ,correct
ମନନବଧର,incorrect
ବସତସଥନ,correct
ସକଳତକର,incorrect
ନଶଚନତର,correct
ଶଫଳଦଯ,incorrect
ଅପବତରକତ,correct
ତମଭଗରହ,incorrect
ଜଞନଗଚର,correct
ଅଦରରତତର,incorrect
ଲଖଅଛନତ,correct
ସମନଙଗଲ,incorrect
ଜଣଅଛନତ,correct
ତଙକରଅଛ,incorrect
ବଧନନସର,correct
ସମଶଵରପ,incorrect
ପରମଧନୟ,correct
ଆକଷଯତବ,incorrect
ସଵରଥପର,correct
ସମସଥମନ,incorrect
ବହସଖୟର,correct
ଯଷପତରମ,incorrect
ବଥଲହମର,correct
ଆତମଭରମ,incorrect
ଆଘତକରର,correct
ଘଟଥମନ,incorrect
ଭମକମପର,correct
ଅବଜଜଠତ,incorrect
ଇସରଏଲଙକ,correct
ତମଭମତର,incorrect
ଉପଦରବକର,correct
ଦଇଶଵରଣ,incorrect
ଅବତରଣଣ,correct
ପଡଦଶଣ,incorrect
ଇସରଏଲକଳ,correct
ପଶନତମଭ,incorrect
ମଘସତମଭ,correct
କରବକରଅଛ,incorrect
ପରବସଗହର,correct
ସଥନଯଇଅଛ,incorrect
ବନଧଯଇଅଛ,correct
ସଦପବସତର,incorrect
ବନଦଚହନତ,correct
ଆମଭକଷର,incorrect
ଉତତରକଳନ,correct
ଜଞସନଙକ,incorrect
ବଷମନଙକ,correct
ସଧପରଙକ,incorrect
ସଧମନଙକ,correct
ଦନରମସତର,incorrect
ବଦୟଯନତର,correct
ନବନଶଣତ,incorrect
ଦଵଦଶଙକ,correct
କଥସତରଣ,incorrect
ପଶମନଙକ,correct
ପନରମତଯକ,incorrect
ପରରତପଦର,correct
ଯଜକରବହର,incorrect
ଗମନକରମନ,correct
ତମଭତବଳ,incorrect
ଈଶଵରଗଣ,correct
ଦବସନତଗନ,incorrect
ବଦୟପରପତ,correct
ଗଷଠଇଅଛ,incorrect
କଷତରସଥ,correct
ସଦପରକତକ,incorrect
ପରସବବଦନ,correct
ମଖଲକଙକ,incorrect
ଯଶୟଙକର,correct
ସଦପରଯନତ,incorrect
କଷଧରତତ,correct
ଡକଶଚରଲ,incorrect
ଭୟଙକରତ,correct
ସଦପରତତର,incorrect
ହସତଦନତର,correct
ହସତବଳଶ,incorrect
ମହକଳଶର,correct
ଚଔଅଛଦଯଗ,incorrect
ତରକବତରକ,correct
ସହସଥପତର,incorrect
ସମମଖଠର,correct
ବଶଚରରତଯ,incorrect
ମଧୟବରତତ,correct
ଯବଦମଵଦଶ,incorrect
ମରତତସକଳ,correct
ଗଟବଯମନତ,incorrect
ଜଳପରଣଣ,correct
ସହସମଯଙକ,incorrect
ମହଯଜକଙକ,correct
ବରସତବଳର,incorrect
ବୟକତଙକର,correct
ବରଚଛରତଯ,incorrect
ପତତଳଦଵର,correct
ସକଷପରଚଯ,incorrect
ସକଷୟତମଵ,correct
ବନଯକଷରଗ,incorrect
ଦଵରପଳମନ,correct
ବତମଭମନତ,incorrect
ସଵଚଛନଦର,correct
ସରଗରହସଥ,incorrect
ପରନତରସଥ,correct
ରଜଞତପତତ,incorrect
ଦରଶନକରମ,correct
ତମଭରମଯର,incorrect
ବଶରମଦନର,correct
ତମଵନଧଯକ,incorrect
ଦନୟଲଙକର,correct
ସମଦଭମରବ,incorrect
ବବହଉତସବକ,correct
ନଶଵରନତର,incorrect
କଷମସତରର,correct
ପରତବଯଜଣ,incorrect
ପରତମସକଳ,correct
ରକଷମନତନ,incorrect
ପଶଚଦଗମନ,correct
ଏକରଅଛନତର,incorrect
ଭଇମନଙକର,correct
ତମଯରଶଵର,incorrect
ପଦବକଷପର,correct
ଛଦଦଶଧଯ,incorrect
ଇସରଏଲବଶୟ,correct
ହବକରବଶର,incorrect
ବକୟପରମଣ,correct
ଚଲବଯଦଳର,incorrect
ଅରଦଧବଶର,correct
ପପରତତମଭ,incorrect
କଷଧୟକଷ,correct
ଦରକଷଣଣ,incorrect
ମନଷୟଠର,correct
ବରନତମଭର,incorrect
ଅଧପତଗଣର,correct
ଖନରମସତର,incorrect
ଇସରଏଲବଶର,correct
ସମନନଧଯର,incorrect
ଇଲଶୟଙକର,correct
ଦଢବରଶଵ,incorrect
କଟଭକଷତ,correct
ଦଅନତଷଣତ,incorrect
ନଷକଳଙକ,correct
ଏଷସତଯଭମ,incorrect
ଅଧପତଗଣକ,correct
ଅନଵସରବଯବ,incorrect
ଧରମବଲମଵ,correct
ତମଭମନନତ,incorrect
ଧରଯୟଶଳ,correct
ସଧଯଭଷତ,incorrect
ମଶପସତକର,correct
ରହବରତଙକ,incorrect
ଶଷବସଥର,correct
ଆପଣଣକଟ,incorrect
ଆଶରବଦସବ,correct
ସଦପରହବଶ,incorrect
ଗଷଠସମହ,correct
ନଗଣସପରଭ,incorrect
ଯଦଧମନଙକ,correct
ନରଥପତରଭ,incorrect
ନକଷତରମଳ,correct
ସମଵଦଶଙକ,incorrect
ସଵକରଣଣର,correct
ତମଭମଶଵର,incorrect
ଗଷଠଗଣକ,correct
କପରବଦଯନତ,incorrect
ସଵରଣଣକର,correct
ଦଷରଳକମନ,incorrect
ଧରମଶସତର,correct
ମତରକଷଠଇ,incorrect
ନଗରଧୟକଷ,correct
ପରଯଯନତନର,incorrect
କରୟକରତତର,correct
ରହଥପତମଭ,incorrect
ଗରଷମକଳନ,correct
ଦଷଠରଖର,incorrect
ଦଷଟପରପତ,correct
ତମତମଭଙକ,incorrect
ବରଚଛସକଳ,correct
କରଭମଣଲଯ,incorrect
ଦଷଟତନସର,correct
ଟପରବଧନତ,incorrect
ଶମରଣଠର,correct
ସଦପରବଶଶ,incorrect
ଊରଦଧଵସଥ,correct
କହନତରକଟର,incorrect
ପରନତରସଥତ,correct
ଅଷଯସମନଙକ,incorrect
ବଜତୟମନଙକ,correct
ମତରମସଥନତ,incorrect
ଗହରକଷକମନ,correct
ପରତତରକଷଯ,incorrect
ପରବପରସଥତ,correct
ଆଶସବକଯନତ,incorrect
ଆଶରବଦଯକତ,correct
ସକଶଵସନଦବ,incorrect
କଷଠନରମତ,correct
ସଦପରମଶଵର,incorrect
ପରବସସଥନର,correct
ନକମନଷଠର,incorrect
ପରହରମନଙକ,correct
ସଙକଠଗତର,incorrect
ଆଶରୟସଵରପ,correct
ଏଫସତବରସଥ,incorrect
ବବହସମଵନଧ,correct
ତମଭରଯଯନତ,incorrect
ନରମଣକରତତ,correct
ସସକଷଟଙକ,incorrect
ପତଲକମନଙକ,correct
ବଷକଳକଙକ,incorrect
ଗଦସନତନଗଣ,correct
ସମନଙକରଯବ,incorrect
ପରରଣକରତତ,correct
ସଦପରବଶଯର,incorrect
ଚତତପରବଧକ,correct
ଅପରମନନଦରକ,incorrect
ଉପପରବତସମହ,correct
କମନଙକରଯଯ,incorrect
ନନଦକମନଙକ,correct
ମଧକଶଵରଣ,incorrect
ଧମରବରଣଣ,correct
ଡକଳପକଇଅଛ,incorrect
ଘରଣଣବୟର,correct
ସମନନଦଶଵର,incorrect
ମହଲକମନଙକ,correct
ଆଡମରଭଙକ,incorrect
ନରଘତକଠର,correct
ମଶରହଙଗଳ,incorrect
ଶନତପରପତର,correct
କହବବହରଯଲନ,incorrect
ସତୟବକୟଯକତ,correct
ନରଭମନଙଗକ,incorrect
ଜୟଷଠଧକର,correct
ଯଦଧଯଦଧଯର,incorrect
ଗରଶୟମନଙକ,correct
ବହରତତଲକମନ,incorrect
ମହନଦରପରପତ,correct
ଆତମଵତଯକତକ,incorrect
ନୟମସନଦକବହ,correct
ଉତତତରନତଙକ,incorrect
ଯବଷୟମନଙକ,correct
ସଠରପରତସହ,incorrect
ଭକଷୟଦରବୟ,correct
ପରନଦକଶମଣ,incorrect
ପତବଶପରଧନ,correct
ଅଶଵଗଣଙକର,incorrect
ଖରଷଟଶରତ,correct
ଦକଆସନଦମନତ,incorrect
ଭରତଭରଯୟକ,correct
କହଲମଶଣସର,incorrect
ଜଞତମନଙକର,correct
ବପରତତଯକଟକ,incorrect
ସରବନତକରଣର,correct
ଭମରବରତଯକର,incorrect
ଅମମନସନତନମନ,correct
ଏଉତତମଭମନନତ,incorrect
ଶଷୟମନଙକର,correct
ପରମଯରପତଳର,incorrect
ପରରତମନଙକର,correct
ଗରରକଷଯକଠ,incorrect
ଯହଦୟମନଙକର,correct
ବକରଯଯକଷଯତ,incorrect
ଅଙଗପରତୟଙଗ,correct
ବଞଚଳନଧଯର,incorrect
କଷତରଖଣତର,correct
ଅଭମନଙକରନତ,incorrect
ଦରଦଦଶଗରସତ,correct
କନତଶରବଯବର,incorrect
ସକଷୟପତରଦବ,correct
ନମନଙଗରଦଦଗ,incorrect
କରଯୟଶସକମନ,correct
ବଯଷଠରଯଯର,incorrect
କରଆଦୟସଥନର,correct
ଏଥରବବନଟରଲ,incorrect
ନପତଲବଶଠର,correct
ଆପଣବସଦପରମ,incorrect
ଆକଶମଣତଳର,correct
ଆରତତଳତବଲପ,incorrect
ପରସକମନଙକର,correct
ଭଷତକଶରରପ,incorrect
ପରଚରକମନଙକ,correct
ତତମଭମଦଉଥବ,incorrect
ନଗରଦଵରସକଳ,correct
ଘନଷଯସକଷଟ,incorrect
ଭବଷୟଦବକତକ,correct
ପରଥନତଜଞଚଯ,incorrect
ଗରଶନୟମନଙକ,correct
ଆମଭମନନବଶଲ,incorrect
ଭରତପତରଗଣକ,correct
ଆମଭଙଗଳଶର,incorrect
ସତରଧରମନଙକ,correct
ନକଟଳଅଛନନତ,incorrect
ରକତପତକରହସତ,correct
ରଖକରଭମନତର,incorrect
କଣଟଗଛଗଡ଼କ,correct
ଆନଙଗଳଆନତକ,incorrect
ତତସମରଣରଥକ,correct
