stimulus,correct_answer
hani,incorrect
pota,correct
helo,incorrect
gina,correct
horo,incorrect
ampo,correct
jera,incorrect
jery,correct
jeho,incorrect
rako,correct
mida,incorrect
hono,correct
tovo,incorrect
nera,correct
safo,incorrect
tazo,correct
nora,incorrect
sivy,correct
foha,incorrect
fohy,correct
baha,incorrect
volo,correct
nome,incorrect
sema,correct
lala,incorrect
mamo,correct
imbe,incorrect
sela,correct
lafa,incorrect
heno,correct
zavo,incorrect
mipy,correct
zava,incorrect
rama,correct
anefy,incorrect
boaty,correct
tongo,incorrect
amboa,correct
kareo,incorrect
homba,correct
sitra,incorrect
poaka,correct
kotro,incorrect
vaika,correct
ivela,incorrect
tiani,correct
tadia,incorrect
niely,correct
mboly,incorrect
feony,correct
alita,incorrect
aleha,correct
satro,incorrect
saino,correct
fiany,incorrect
saiky,correct
mikao,incorrect
matoy,correct
intso,incorrect
feoni,correct
zadra,incorrect
ilika,correct
nitso,incorrect
elany,correct
eliako,incorrect
eliaba,correct
nalava,incorrect
nalaza,correct
vadipo,incorrect
rainny,correct
tavini,incorrect
taviny,correct
besiny,incorrect
fokony,correct
fivavy,incorrect
biriky,correct
hanini,incorrect
hanety,correct
mirony,incorrect
mirona,correct
filady,incorrect
ankizy,correct
natoro,incorrect
hamata,correct
hivela,incorrect
hihira,correct
farana,incorrect
vatana,correct
norary,incorrect
mivaky,correct
tafini,incorrect
hidiny,correct
hiaivo,incorrect
hiaiky,correct
tariko,incorrect
fatiny,correct
mahafa,incorrect
marika,correct
fitafy,incorrect
handro,correct
meloma,incorrect
risipo,correct
tahako,incorrect
sofiny,correct
hovoha,incorrect
nihira,correct
tokoni,incorrect
mifaly,correct
harety,incorrect
valiny,correct
ahitry,incorrect
hosory,correct
fahady,incorrect
mitory,correct
fahafa,incorrect
jerena,correct
tovola,incorrect
mizora,correct
bataka,incorrect
hihoby,correct
zafiny,incorrect
sariny,correct
nodoka,incorrect
solika,correct
antani,incorrect
nahata,correct
nisaha,incorrect
mamoha,correct
fahare,incorrect
haharo,correct
harani,incorrect
hareta,correct
nihini,incorrect
entini,correct
famaro,incorrect
hihazo,correct
nebala,incorrect
segoba,correct
kabita,incorrect
fasika,correct
ratsia,incorrect
hazoni,correct
holaza,incorrect
sonema,correct
ririna,incorrect
seleda,correct
nanoni,incorrect
handre,correct
natolo,incorrect
lasely,correct
hamako,incorrect
ankoay,correct
koroso,incorrect
ialana,correct
nolaza,incorrect
fefika,correct
lazaka,incorrect
lozako,correct
salela,incorrect
midona,correct
misada,incorrect
mikomy,correct
horava,incorrect
hodesy,correct
ombini,incorrect
henony,correct
fanisy,incorrect
iraika,correct
nahafa,incorrect
nivoha,correct
vatolo,incorrect
hazoto,correct
trotra,incorrect
debira,correct
hahafa,incorrect
toraka,correct
fahama,incorrect
mpiaro,correct
olombe,incorrect
bibiny,correct
nolazao,incorrect
mponiny,correct
tohitra,incorrect
mibaiko,correct
nahitry,incorrect
entanao,correct
anelany,incorrect
hiorina,correct
miaingy,incorrect
tsapany,correct
andriva,incorrect
androko,correct
fanompo,incorrect
peratra,correct
fampito,incorrect
nampita,correct
mpivavy,incorrect
mpikomy,correct
rahanny,incorrect
mandefa,correct
napetra,incorrect
rovitra,correct
elehany,incorrect
nentini,correct
nahanny,incorrect
antsena,correct
nohenoy,incorrect
misotro,correct
hihinny,incorrect
solonny,correct
antotra,incorrect
hiarina,correct
nozahay,incorrect
holatra,correct
voahini,incorrect
nisaona,correct
voazany,incorrect
efadahy,correct
hihamba,incorrect
miantso,correct
antonga,incorrect
nofinny,correct
indrako,incorrect
planeta,correct
hipetra,incorrect
fositra,correct
andraki,incorrect
mahaloa,correct
ondroso,incorrect
mandoka,correct
nikiako,incorrect
tafaray,correct
vahoany,incorrect
toerany,correct
fionona,incorrect
miafina,correct
takareo,incorrect
nipaika,correct
fanampy,incorrect
handalo,correct
niarama,incorrect
fandray,correct
aminani,incorrect
manambe,correct
isikilo,incorrect
zotompo,correct
tsinona,incorrect
lafatra,correct
mpiambe,incorrect
voafidy,correct
mipetra,incorrect
hasiana,correct
satrizy,incorrect
razanny,correct
poatona,incorrect
trosany,correct
mbolafo,incorrect
nentiko,correct
nipetra,incorrect
dehoela,correct
tsivaky,incorrect
hafoiko,correct
mbolina,incorrect
mahesay,correct
napetsa,incorrect
farango,correct
olondry,incorrect
mandalo,correct
fitiava,incorrect
aminiza,correct
nahoaka,incorrect
variana,correct
mpamina,incorrect
mamalia,correct
misarovy,incorrect
misarona,correct
ankavavy,incorrect
ambavany,correct
fahiraha,incorrect
fahotako,correct
namasina,incorrect
namerina,correct
hohelona,incorrect
tsofinny,correct
inontolo,incorrect
feonireo,correct
resakani,incorrect
havelany,correct
niambeni,incorrect
manendry,correct
ankeloko,incorrect
mivarota,correct
tavelana,incorrect
raketiny,correct
hilahini,incorrect
tsaraina,correct
ankeloka,incorrect
naverina,correct
fahamaly,incorrect
niangana,correct
rahamaly,incorrect
manafika,correct
kinerina,incorrect
naterina,correct
namasoko,incorrect
naharesy,correct
fiangony,incorrect
nitandro,correct
rihariva,incorrect
mosarena,correct
fahareny,incorrect
fanahiny,correct
nivereny,incorrect
ambanini,correct
lazanaki,incorrect
varahina,correct
nampahay,incorrect
namandry,correct
kibonina,incorrect
pamfilia,correct
bahandro,incorrect
tafavily,correct
amampoko,incorrect
hamelona,correct
fahendro,incorrect
lavorary,correct
ampiraha,incorrect
hihataka,correct
antehera,incorrect
ankitapo,correct
nahemora,incorrect
arahinny,correct
faritaka,incorrect
gahetama,correct
namanity,incorrect
nialanay,correct
mifanahy,incorrect
tafavory,correct
marininy,incorrect
antsoina,correct
kabitako,incorrect
talohani,correct
hoheloka,incorrect
nihodina,correct
debireby,incorrect
asehonny,correct
hatezera,incorrect
helekita,correct
namakina,incorrect
nananako,correct
herifona,incorrect
anaovako,correct
nanofafa,incorrect
nanazava,correct
petahaka,incorrect
hiambina,correct
fifaneho,incorrect
hohaniko,correct
hidirika,incorrect
haratony,correct
sorondro,incorrect
tamindry,correct
fihaonay,incorrect
honerany,correct
tsiaroka,incorrect
habokana,correct
tompoaky,incorrect
teninizy,correct
nidininy,incorrect
miboraka,correct
ankibena,incorrect
nitazana,correct
valanina,incorrect
laharana,correct
tenakolo,incorrect
mpandala,correct
kanjoiny,incorrect
mitenena,correct
monjenny,incorrect
akaikiko,correct
ianarena,incorrect
lehibeny,correct
hijanonny,incorrect
raketinny,correct
ratsinona,incorrect
lasanareo,correct
mirehinny,incorrect
hiharanny,correct
hampahafa,incorrect
nampanota,correct
tafantany,incorrect
mivarotra,correct
milazaina,incorrect
hovonoiny,correct
firenireo,incorrect
volanireo,correct
rehetraka,incorrect
porofonny,correct
tahotraka,incorrect
fihetsiny,correct
niderainy,incorrect
fijoroany,correct
samihaina,incorrect
hamonjeny,correct
nalevitra,incorrect
halefanny,correct
hankarena,incorrect
hankalaza,correct
nandehibe,incorrect
nanananny,correct
fieritelo,incorrect
nozaraini,correct
tafangava,incorrect
tafangona,correct
kapohanny,incorrect
havoakako,correct
antsakafo,incorrect
hampidina,correct
hisavaina,incorrect
antomotra,correct
famanitra,incorrect
nihemotra,correct
fahirizay,incorrect
nanjakani,correct
tafangolo,incorrect
haringako,correct
sampokoni,incorrect
nanotrika,correct
nampimaso,incorrect
nitentina,correct
tandehany,incorrect
andidiako,correct
fitsoraka,incorrect
anarahako,correct
mponizany,incorrect
mampahery,correct
fahavokoa,incorrect
nampiteny,correct
fokontany,incorrect
nampifaly,correct
hitsivaky,incorrect
hitoerana,correct
ratsinday,incorrect
nampandry,correct
tafaliani,incorrect
saropiaro,correct
mpanajana,incorrect
fanangona,correct
hanjelini,incorrect
nanosotra,correct
voahareha,incorrect
fitsofana,correct
vokatrany,incorrect
hadisoako,correct
fihitriny,incorrect
ankaviany,correct
nanjahazo,incorrect
nangaihay,correct
nasampoko,incorrect
anjaranny,correct
ampivoina,incorrect
notakinny,correct
itondroso,incorrect
nofenoiko,correct
bibidiany,incorrect
manoloana,correct
masinaina,incorrect
sofinizay,correct
fahasoany,incorrect
fidiovany,correct
fantarehy,incorrect
haninareo,correct
betsalamo,incorrect
tompoinao,correct
zavatrany,incorrect
nametraka,correct
nanangidy,incorrect
nandamaka,correct
jiolahini,incorrect
havanareo,correct
natolamen,incorrect
tononkira,correct
zavatsaka,incorrect
hatramini,correct
kanesoini,incorrect
manasatra,correct
averinini,incorrect
honenanay,correct
sorompiny,incorrect
hitsarana,correct
zanantoka,incorrect
fanamiana,correct
impotsimo,incorrect
ohabolana,correct
rehetraky,incorrect
nahitanay,correct
rehetraha,incorrect
nodoranny,correct
asesikomy,incorrect
anatitany,correct
rehefatry,incorrect
vitanizay,correct
kristiany,incorrect
afovoanay,correct
fandrifiry,incorrect
fandrobana,correct
fahateraka,incorrect
faharetana,correct
fihaonareo,incorrect
hosotroiny,correct
namotopolo,incorrect
namakivaky,correct
hafantatry,incorrect
razambenay,correct
firaikinny,incorrect
namboarina,correct
voronkiray,incorrect
mampiorina,correct
antatsiaro,incorrect
antsabatra,correct
nitoetraka,incorrect
fitondrana,correct
alitataoko,incorrect
alitaranny,correct
andromboho,incorrect
nitenenani,correct
ankarazany,incorrect
amamboriky,correct
sompanjara,incorrect
novalianny,correct
anankalesy,incorrect
antaratasy,correct
amanitroka,incorrect
hosotroiko,correct
mankasitra,incorrect
haninjitra,correct
hanajanaki,incorrect
nohosorany,correct
mpondozabe,incorrect
nahasaraka,correct
fahatrareo,incorrect
fahaterena,correct
bokompinao,incorrect
hitondrany,correct
hiparitany,incorrect
hovonoinao,correct
ampahaviny,incorrect
hotsaroana,correct
toerampoly,incorrect
novonjenny,correct
miaraminny,incorrect
hampanompo,correct
hafatsetra,incorrect
mponinireo,correct
nakalahini,incorrect
nokapohina,correct
tontolotra,incorrect
henoinareo,correct
manambenio,incorrect
nanarahany,correct
sahirizany,incorrect
fiverenany,correct
hanontonga,incorrect
hanompoako,correct
tobiandray,incorrect
fihavanana,correct
teninahina,incorrect
hampiasana,correct
fanahatolo,incorrect
hanandrina,correct
intsonareo,incorrect
imasonareo,correct
fananatina,incorrect
hahatahiry,correct
nakalahiny,incorrect
angatahako,correct
namirahiny,incorrect
fitafianao,correct
kitahotaka,incorrect
fianianany,correct
voarohizay,incorrect
nanomanani,correct
fitsangano,incorrect
hitondrani,correct
hihavalona,incorrect
misahirana,correct
maherezany,incorrect
voatolotro,correct
olompahory,incorrect
nanolotena,correct
maimbilahy,incorrect
arapotoana,correct
nilentitra,incorrect
nisotroany,correct
nampambona,incorrect
hampionona,correct
orampanahy,incorrect
alehanareo,correct
nampankany,incorrect
hampanjaka,correct
zanakalazo,incorrect
zavatsoani,correct
fidobodobo,incorrect
naparitany,correct
hobainireo,incorrect
tolakandro,correct
faritrareo,incorrect
raketinity,correct
andriamany,incorrect
noraisinao,correct
bibidianny,incorrect
mpanjakako,correct
vehivavaka,incorrect
hovonoinny,correct
rahatrareo,incorrect
mandanareo,correct
fiampontra,incorrect
anakampoko,correct
vantsipini,incorrect
narikoriko,correct
androbaina,incorrect
mamondivay,correct
vazantsony,incorrect
vosodratsy,correct
ombilavana,incorrect
horakofana,correct
hampitsima,incorrect
naterinizy,correct
takelalana,incorrect
terakireto,correct
mpambozoni,incorrect
nandaozany,correct
tamintsony,incorrect
lazanizany,correct
osilaninny,incorrect
androahako,correct
mbolafotra,incorrect
sitrakireo,correct
arivarotra,incorrect
aharetanny,correct
metatrikao,incorrect
notarihini,correct
fantatrava,incorrect
faharoanny,correct
niaramasina,incorrect
mandringana,correct
antimetatro,incorrect
hatezeranao,correct
lehibiaziny,incorrect
tamindrainy,correct
mitsantsika,incorrect
hotsarovana,correct
nitorabatra,incorrect
nandavorary,correct
tanantatria,incorrect
volondohako,correct
hihazoamany,incorrect
hatahoranao,correct
hiononkiany,incorrect
ankohonanao,correct
nijanondray,incorrect
anoloanilay,correct
mampanolona,incorrect
mampakabady,correct
fotodrorana,incorrect
fahasoavana,correct
mandehilahy,incorrect
hanoloranny,correct
tsiraikinny,incorrect
volomparasy,correct
hamelankery,incorrect
hampiongana,correct
hataonizany,incorrect
nampanekena,correct
mitohatrany,incorrect
hivaloarika,correct
anankizilay,incorrect
jerahimeela,correct
nomezananny,incorrect
nidirandoza,correct
tsiraniraha,incorrect
miaradalana,correct
tapatsainao,incorrect
tadindainao,correct
ratsiakatry,incorrect
antsamotady,correct
ranontoloko,incorrect
miaramilako,correct
andaosinana,incorrect
mangetaheta,correct
tsiampamini,incorrect
noketrahina,correct
indreharena,incorrect
mofonjanaka,correct
manontoraka,incorrect
nametrahany,correct
hentitrareo,incorrect
antsoinareo,correct
fanozonareo,incorrect
ravahanareo,correct
irenenanany,incorrect
nangatahany,correct
ianandehibe,incorrect
mpandalotra,correct
fahalavitra,incorrect
renivohitry,correct
lehilazaina,incorrect
voninahitro,correct
himatoavany,incorrect
fiposahanny,correct
niendrindro,incorrect
anontaniana,correct
mandohanipy,incorrect
manankitafy,correct
sampiadidia,incorrect
hahafantina,correct
andriakatra,incorrect
fiangaviani,correct
lovianaovao,incorrect
ampahefatry,correct
itombohitra,incorrect
mihetsijaza,correct
mahatevainy,incorrect
notohananao,correct
hentintsony,incorrect
hiantefanny,correct
rehetranizy,incorrect
miaramamory,correct
lehilazaiko,incorrect
mandrakotra,correct
henatrehana,incorrect
hanoloranao,correct
atsipinireo,incorrect
tratranareo,correct
matrehaniny,incorrect
hovesaranny,correct
ianiantsora,incorrect
mpikarakara,correct
bedainganny,incorrect
mikitronify,correct
orinanarama,incorrect
andripahany,correct
domohinanny,incorrect
zompirenena,correct
analitateny,incorrect
handosirany,correct
nampitiavany,incorrect
hampihemotra,correct
manantempoly,incorrect
hitanjozotra,correct
zanantsasany,incorrect
fanamianareo,correct
kodiaraminny,incorrect
razambenareo,correct
kianjelanely,incorrect
nampiharanao,correct
tenakalahini,incorrect
fahafatesany,correct
olompihorona,incorrect
hanendasanao,correct
anatorabatra,incorrect
nampilefitra,correct
lohasahatria,incorrect
fiandrianany,correct
fiandrapiray,incorrect
mihosimenaka,correct
sinimarobidy,incorrect
nolazainareo,correct
menakolakani,incorrect
isanombilahy,correct
haterakaraka,incorrect
hahevahevany,correct
tendriamanao,incorrect
nankasitraka,correct
nianiankiray,incorrect
hanankintena,correct
vehivavahani,incorrect
fahafatesani,correct
nomezakazaka,incorrect
nahafatesany,correct
aradiavinana,incorrect
ampelatanako,correct
hotarikinina,incorrect
hotontosaiko,correct
honinirenena,incorrect
nifanomezana,correct
tsaradiavini,incorrect
taminjavatra,correct
trompianareo,incorrect
nampahiratra,correct
hanoraisinta,incorrect
nanoridalana,correct
olondringana,incorrect
fahadisoanny,correct
mpisoromboka,incorrect
ombilahikely,correct
rehefanahala,incorrect
fitarainanny,correct
tanjakaikiny,incorrect
nangalarinao,correct
fanaterakiza,incorrect
fanangonareo,correct
valifalianko,incorrect
faripananany,correct
tarihinaliny,incorrect
voatendrinao,correct
rehetratrany,incorrect
fofombadinny,correct
izaitsangana,incorrect
matromatroka,correct
hifampihavalo,incorrect
hifampidinika,correct
mihoatraminny,incorrect
hovonointsika,correct
hahitangorako,incorrect
antokontafika,correct
fanjahanatria,incorrect
hankahalainny,correct
mpanasoavanny,incorrect
endrikendrika,correct
zatovovonareo,incorrect
haratsianilay,correct
somparifatoro,incorrect
hotanterahina,correct
sainanitrareo,incorrect
nampisambotra,correct
lalandalorana,incorrect
mampivaingana,correct
vehivavahanny,incorrect
zanakalahinny,correct
hampitahobeni,incorrect
nampiantsoini,correct
tranondohanny,incorrect
ohapanozonana,correct
fantaninahita,incorrect
handringanany,correct
niaingenahery,incorrect
fihomehezanny,correct
teninahitriny,incorrect
anatrehanilay,correct
renindratsina,incorrect
nampikarohini,correct
hosotrokelini,incorrect
fianakavianao,correct
rafipanambara,incorrect
takondrivotra,correct
marainanatrao,incorrect
nampahiratany,correct
ampindritraka,incorrect
ampahatelonny,correct
fiafarihinana,incorrect
hisakandalana,correct
nivahiakariva,incorrect
hanakambanany,correct
aminaniriatra,incorrect
nampitsahatra,correct
tondriamandro,incorrect
fampisotroana,correct
toedratsimoka,incorrect
nampanaovinny,correct
raisambabemba,incorrect
fatinketaheta,correct
ndehanankiray,incorrect
fitandremanao,correct
eofratanorina,incorrect
fiangonanareo,correct
niditranontolo,incorrect
fifankatiavana,correct
ankelokalofako,incorrect
hahatsiarovako,correct
mpangajanaraka,incorrect
fitambaranireo,correct
namelankehitra,incorrect
ampanantenainy,correct
tantenanatitry,incorrect
hampitahoranao,correct
mananakarinina,incorrect
handrotsirotsy,correct
ambarankevitra,incorrect
hiandraiketany,correct
andriamanaovao,incorrect
hividiananareo,correct
androngotrizao,incorrect
mandrapahavita,correct
sorompahatrano,incorrect
nahatongavanny,correct
maritreritraka,incorrect
harempanjakana,correct
nanafatotrilay,incorrect
ankatoavinareo,correct
mangirifatrany,incorrect
nohatanjahinao,correct
hifikifikifidy,incorrect
rafahafatesana,correct
tananimboarika,incorrect
anatanterahany,correct
mifanatrehanjo,incorrect
amampahendrena,correct
tamintsoindoro,incorrect
tompompanasana,correct
fitondrantsony,incorrect
amimpahalalana,correct
fahendrendrika,incorrect
toeramponenana,correct
nitsaramipetra,incorrect
fanisambahoaka,correct
nogadranterako,incorrect
hiorimponenana,correct
isampanambarao,incorrect
mandrapibohaky,correct
komandositraka,incorrect
faingampandeha,correct
zanankanonitra,incorrect
naharetanizany,correct
mamitenindrina,incorrect
hampiantsonina,correct
tiavanandalamo,incorrect
antsefatsefaky,correct
andrapahafolona,incorrect
handevozinolona,correct
mpiandriamanona,incorrect
hitandremanareo,correct
niainandidianny,incorrect
antonantonizany,correct
fiompihorohotra,incorrect
nahaterahanareo,correct
anantsehataonny,incorrect
fahamarinanareo,correct
lalandanindrika,incorrect
nampahamendrika,correct
tamindrapaharoa,incorrect
halahelovanareo,correct
hamafindohaliki,incorrect
nandraisantsika,correct
fahamalivalonny,incorrect
hiankohofanareo,correct
antoerampanjara,incorrect
hilatsahanizany,correct
mihoapamoloanny,incorrect
mpampianatrareo,correct
solikolombelona,incorrect
ampihorohoroiny,correct
iadidianianareo,incorrect
tamimpahendrena,correct
hitandriamanidy,incorrect
nampahalalainny,correct
fifanenjiborida,incorrect
mampitanondrika,correct
hisotroboninizy,incorrect
hahatongavandry,correct
aloaringanasony,incorrect
andiantontakely,correct
irenenkafaliako,incorrect
fihinanambilona,correct
taninahitsenareo,incorrect
andianolondratsy,correct
toeranakavavinny,incorrect
toerampiambenana,correct
taranakalahinana,incorrect
hahafantaranizao,correct
tsangalatsakanny,incorrect
ampelatanantsika,correct
mihitsivitsipika,incorrect
manamboninahitra,correct
mankalahimatotra,incorrect
hanendrikendrika,correct
poizimpitsangana,incorrect
tamindravehivavy,correct
vatolagadrandray,incorrect
fanolorantsorona,correct
nitoriakarinanao,incorrect
mpiasampanjakana,correct
hazoampahafahafa,incorrect
hozimbazimbainny,correct
tafaritavantatro,incorrect
hitandravehivavy,correct
nahitatraminilay,incorrect
fanaonolombelona,correct
herimpotoanaovao,incorrect
hanomezandrariny,correct
hoesoimpahatsela,incorrect
isampianakaviana,correct
hitombokasananny,incorrect
loharanonaretiny,correct
mihoatrampihariva,incorrect
hatsarantarehinao,correct
nampamoninahitany,incorrect
fifankatiavanareo,correct
hanaisotrondohako,incorrect
mampivarahontsana,correct
andremanakavavini,incorrect
nahafatesandrainy,correct
notsingevahevanny,incorrect
vavolombelonizany,correct
nentaniananananao,incorrect
mandrapaharingany,correct
mpiratratramilaza,incorrect
mandrapahafongony,correct
andahatrapiratasy,incorrect
anelanelanjavatra,correct
