stimulus,correct_answer
huma,incorrect
amar,correct
atro,incorrect
nado,correct
acam,incorrect
pedi,correct
quei,incorrect
paro,correct
naria,incorrect
nariz,correct
prime,incorrect
ataca,correct
teres,incorrect
forme,correct
zerem,incorrect
zicri,correct
fizes,incorrect
passe,correct
jerem,incorrect
jeiel,correct
fizem,incorrect
posse,correct
pinos,incorrect
pisei,correct
jante,incorrect
ferir,correct
tabul,incorrect
surra,correct
mento,incorrect
beijo,correct
diver,incorrect
jetur,correct
feite,incorrect
sabes,correct
garam,incorrect
zinrã,correct
dezes,incorrect
secos,correct
perma,incorrect
peste,correct
incer,incorrect
pense,correct
verda,incorrect
barra,correct
farem,incorrect
bebeu,correct
rique,incorrect
idade,correct
tante,incorrect
zaanã,correct
terce,incorrect
grave,correct
recer,incorrect
juros,correct
engas,incorrect
larga,correct
simpa,incorrect
libni,correct
rejei,incorrect
dever,correct
ordei,incorrect
longo,correct
forne,incorrect
pesou,correct
prendo,incorrect
sabiam,correct
estade,incorrect
estado,correct
atença,incorrect
listas,correct
avessa,incorrect
afirmo,correct
prazem,incorrect
pragas,correct
promes,incorrect
provas,correct
melhos,incorrect
passas,correct
elpele,incorrect
teatro,correct
caverá,incorrect
jesana,correct
tercou,incorrect
formou,correct
galeel,incorrect
orgias,correct
cretos,incorrect
creiam,correct
rimote,incorrect
raízes,correct
montas,incorrect
sofreu,correct
situal,incorrect
lírios,correct
corros,incorrect
medito,correct
grando,incorrect
juntou,correct
tristã,incorrect
branco,correct
somens,incorrect
aceita,correct
ningue,incorrect
ajudao,correct
riquem,incorrect
feitos,correct
pertas,incorrect
montou,correct
elando,incorrect
carvão,correct
minhos,incorrect
unidas,correct
ilhado,incorrect
ocupou,correct
quisto,incorrect
cobriu,correct
trinas,incorrect
amaram,correct
peitar,incorrect
jearim,correct
vaziam,incorrect
migdol,correct
horros,incorrect
descer,correct
jeitar,incorrect
gostar,correct
refira,incorrect
reboco,correct
quarem,incorrect
servir,correct
essava,incorrect
causou,correct
atrava,incorrect
pensar,correct
hatado,incorrect
voando,correct
terces,incorrect
faltas,correct
prosas,incorrect
oraria,correct
carrem,incorrect
mentem,correct
ditará,incorrect
salmom,correct
sentos,incorrect
marcou,correct
tesofã,incorrect
nomeou,correct
cerces,incorrect
usados,correct
cinque,incorrect
espera,correct
beirão,incorrect
guiado,correct
manhos,incorrect
trarei,correct
frenta,incorrect
chegam,correct
tardar,incorrect
fechem,correct
ondado,incorrect
ramias,correct
peitem,incorrect
cantou,correct
regado,incorrect
matálo,correct
nerges,incorrect
moendo,correct
costes,incorrect
poucas,correct
malqui,incorrect
bairro,correct
derado,incorrect
colham,correct
aprese,incorrect
aprova,correct
nenhur,incorrect
culpar,correct
humani,incorrect
amarga,correct
primei,incorrect
atende,correct
vitório,incorrect
injusto,correct
jasobem,incorrect
jaflete,correct
pegares,incorrect
indicou,correct
príncia,incorrect
cilícia,correct
andades,incorrect
achamos,correct
declama,incorrect
declaro,correct
menosas,incorrect
escutou,correct
pratado,incorrect
atacado,correct
perteza,incorrect
vendido,correct
feitado,incorrect
livrado,correct
debaixa,incorrect
esforço,correct
somensa,incorrect
orgulha,correct
gritavo,incorrect
poderem,correct
durança,incorrect
avançou,correct
essasse,incorrect
esperem,correct
rogares,incorrect
pagaram,correct
palavam,incorrect
lembrou,correct
acontes,incorrect
aceitos,correct
mandade,incorrect
beberem,correct
entrola,incorrect
morarem,correct
necesse,incorrect
aceitar,correct
carcerá,incorrect
sacudir,correct
dificar,incorrect
jeoseba,correct
prontes,incorrect
acalmou,correct
novento,incorrect
inferno,correct
essarem,incorrect
jurarem,correct
afastor,incorrect
puderem,correct
demônia,incorrect
secreto,correct
judemos,incorrect
gemendo,correct
ponhado,incorrect
tocarem,correct
tristão,incorrect
exigido,correct
mundoso,incorrect
pensado,correct
feitará,incorrect
prestem,correct
montade,incorrect
vendiam,correct
farinas,incorrect
camelos,correct
tofetas,incorrect
tigelas,correct
essando,incorrect
ouvisse,correct
goteiro,incorrect
domínio,correct
fugiada,incorrect
livrála,correct
reconos,incorrect
destrói,correct
tireito,incorrect
ladrões,correct
honeste,incorrect
maldade,correct
cristei,incorrect
aprovam,correct
edrejas,incorrect
puxavam,correct
aprendo,incorrect
buscálo,correct
maneiro,incorrect
confiar,correct
quistas,incorrect
cobrará,correct
torrerá,incorrect
tentará,correct
esculos,incorrect
escudos,correct
estanto,incorrect
contálo,correct
parante,incorrect
estalos,correct
ouvirar,incorrect
enviará,correct
pihairo,incorrect
absurdo,correct
tantada,incorrect
casasse,correct
atraves,incorrect
rodeava,correct
impossa,incorrect
arrasar,correct
abandou,incorrect
crescem,correct
elomita,incorrect
moloque,correct
montece,incorrect
livrame,correct
levaras,incorrect
escutei,correct
fiqueza,incorrect
ensinos,correct
grossem,incorrect
nojento,correct
homemos,incorrect
seguilo,correct
duraram,incorrect
abriram,correct
avesses,incorrect
aumente,correct
reclaro,incorrect
corujas,correct
antimeu,incorrect
briguem,correct
cedoria,incorrect
andando,correct
bolores,incorrect
esmagar,correct
pisamai,incorrect
avisado,correct
valemes,incorrect
casaram,correct
conquis,incorrect
resolvi,correct
redoria,incorrect
regiões,correct
somento,incorrect
amizade,correct
pastada,incorrect
deitese,correct
bartimo,incorrect
carinho,correct
homente,incorrect
parecer,correct
parouas,incorrect
estudar,correct
homento,incorrect
contado,correct
lugarem,incorrect
vestiam,correct
estenta,incorrect
partida,correct
adiados,incorrect
ouvindo,correct
aquezas,incorrect
oitenta,correct
adrinha,incorrect
chovido,correct
clareia,incorrect
andares,correct
estarco,incorrect
voltava,correct
aconias,incorrect
atacálo,correct
ondendo,incorrect
façamos,correct
guardade,incorrect
guardava,correct
espalhos,incorrect
espalhou,correct
superigo,incorrect
jezraías,correct
encontes,incorrect
encontro,correct
rependem,incorrect
revoltas,correct
filhosos,incorrect
zombaria,correct
disfação,incorrect
progride,correct
banhotos,incorrect
visitálo,correct
demônias,incorrect
demônios,correct
fontecer,incorrect
esqueceu,correct
outrasse,incorrect
livraram,correct
palavado,incorrect
passasse,correct
gastagem,incorrect
direções,correct
noitente,incorrect
viajavam,correct
ferrotar,incorrect
enchente,correct
azeitese,incorrect
aumentar,correct
acontrar,incorrect
governar,correct
vitórios,incorrect
suportam,correct
instando,incorrect
tornarem,correct
corrifar,incorrect
corajoso,correct
homenaém,incorrect
ficarmos,correct
dezentos,incorrect
dezenove,correct
apagares,incorrect
trazerem,correct
monteceu,incorrect
montadas,correct
oliveiro,incorrect
ajoelhou,correct
filhavam,incorrect
zombavam,correct
palharam,incorrect
fogueira,correct
aumentos,incorrect
hóspedes,correct
serversa,incorrect
conselho,correct
montagem,incorrect
carroças,correct
reduzida,incorrect
depender,correct
farinhos,incorrect
marchará,correct
grossuía,incorrect
reunirem,correct
portarem,incorrect
comprada,correct
homensar,incorrect
levantam,correct
somensas,incorrect
libertar,correct
mandonou,incorrect
contente,correct
revolveu,incorrect
rebanhos,correct
colheres,incorrect
corrente,correct
respedar,incorrect
respeite,correct
andantes,incorrect
gerações,correct
feitoral,incorrect
atendêlo,correct
mesmaiei,incorrect
baixando,correct
descando,incorrect
pastando,correct
suficial,incorrect
bobagens,correct
velhores,incorrect
imaginem,correct
constros,incorrect
desertas,correct
plantado,incorrect
afastado,correct
terrasas,incorrect
alegrará,correct
somentos,incorrect
anunciam,correct
sinandou,incorrect
arcoíris,correct
quarente,incorrect
horrível,correct
morreção,incorrect
acordálo,correct
existeza,incorrect
louvores,correct
perminos,incorrect
produzem,correct
dessesse,incorrect
descerem,correct
mandante,incorrect
louvando,correct
jeateria,incorrect
saduceus,correct
educarem,incorrect
ocasiões,correct
termitou,incorrect
vaidosos,correct
defeição,incorrect
machados,correct
gederoso,incorrect
chicotes,correct
amizados,incorrect
aprontou,correct
construz,incorrect
espalham,correct
estrução,incorrect
produção,correct
despeita,incorrect
semearam,correct
envernar,incorrect
preciosa,correct
chegamul,incorrect
morreria,correct
perminou,incorrect
rosnando,correct
enquando,incorrect
caminham,correct
homentos,incorrect
zombando,correct
gritosas,incorrect
ganhaste,correct
conforma,incorrect
recursos,correct
contaria,incorrect
prestado,correct
seguição,incorrect
seguisse,correct
intereia,incorrect
inventam,correct
vastores,incorrect
surraram,correct
ofertado,incorrect
atacarem,correct
quistálo,incorrect
recebêlo,correct
vontando,incorrect
deixemos,correct
elcanção,incorrect
cachorro,correct
frentava,incorrect
ganharia,correct
plantade,incorrect
planejam,correct
inclusão,incorrect
tentação,correct
importes,incorrect
adiantou,correct
primento,incorrect
entregar,correct
toladeia,incorrect
embarcar,correct
fermitas,incorrect
vencêlos,correct
jarravam,incorrect
causavam,correct
melharam,incorrect
joiaribe,correct
estidade,incorrect
forneceu,correct
constrou,incorrect
perdoado,correct
junteiro,incorrect
baseados,correct
rapalhos,incorrect
orientar,correct
recolias,incorrect
contamos,correct
quandoos,incorrect
tenhamos,correct
existará,incorrect
ajudasse,correct
vintendo,incorrect
escutálo,correct
fiquezas,incorrect
palácios,correct
arrastes,incorrect
amarreos,correct
vontagem,incorrect
malhando,correct
quandome,incorrect
separaos,correct
maristeu,incorrect
deixálos,correct
homensam,incorrect
dividida,correct
queremia,incorrect
quebrado,correct
quandona,incorrect
pensarem,correct
cumprime,incorrect
auxiliar,correct
hóspedou,incorrect
acampado,correct
escravilá,incorrect
escolhida,correct
banquezas,incorrect
esperavam,correct
oficiente,incorrect
rapazinho,correct
romandade,incorrect
mostrando,correct
mandantes,incorrect
zombassem,correct
parecebeu,incorrect
distritos,correct
perseverá,incorrect
permissão,correct
destradar,incorrect
destruirá,correct
nojentado,incorrect
polegares,correct
vendentes,incorrect
carregada,correct
cananimal,incorrect
escutavam,correct
lágrimava,incorrect
acreditem,correct
batalhará,incorrect
trabalham,correct
conformas,incorrect
perseguiu,correct
guerrasas,incorrect
obedeciam,correct
cidadeiro,incorrect
guardavam,correct
acontrada,incorrect
aceitarem,correct
elcanções,incorrect
toneladas,correct
contendeu,incorrect
contentou,correct
matanasse,incorrect
estaremos,correct
farturbar,incorrect
cadáveres,correct
obedeiras,incorrect
chegassem,correct
fúnebreus,incorrect
edifícios,correct
investido,incorrect
registros,correct
apronteça,incorrect
purificou,correct
escutirar,incorrect
viveremos,correct
diferecem,incorrect
acreditou,correct
enquandou,incorrect
exércitos,correct
chamargas,incorrect
chorassem,correct
artíficou,incorrect
cemitério,correct
suficiais,incorrect
crocodilo,correct
massassim,incorrect
condenado,correct
montecido,incorrect
carreguem,correct
quarentes,incorrect
conversar,correct
invocaram,incorrect
confiando,correct
primentes,incorrect
solteiras,correct
gafanhosa,incorrect
orgulhosa,correct
gabandido,incorrect
atrapalha,correct
escritavo,incorrect
destruíla,correct
grandesse,incorrect
brilhante,correct
ofertaste,incorrect
apressado,correct
aborrinha,incorrect
socorrêlo,correct
fiqueimam,incorrect
esquecerá,correct
maneserto,incorrect
falecidos,correct
seressura,incorrect
conservou,correct
chefiança,incorrect
provocado,correct
desafiado,incorrect
desastres,correct
gamaldade,incorrect
jozadaque,correct
enquantia,incorrect
dividiuos,correct
rolinaram,incorrect
provações,correct
amalequim,incorrect
altíssimo,correct
confernou,incorrect
recabitas,correct
cerceiros,incorrect
apalpando,correct
ficavalos,incorrect
achatados,correct
valentado,incorrect
interesse,correct
conselhei,incorrect
conquista,correct
amorretar,incorrect
aprontese,correct
bequebrou,incorrect
doutrinas,correct
quantores,incorrect
reinarmos,correct
vestidade,incorrect
viajantes,correct
gravilhos,incorrect
começavam,correct
afogarmos,incorrect
afastaram,correct
primentos,incorrect
mistérios,correct
quistálos,incorrect
repreenda,correct
pendentre,incorrect
destruílo,correct
prendaste,incorrect
dirigente,correct
passaltas,incorrect
pensassem,correct
mortantar,incorrect
arrastado,correct
mereceber,incorrect
peixinhos,correct
santações,incorrect
velhinhos,correct
quandonar,incorrect
guardando,correct
segurasse,incorrect
lembremos,correct
evangeiro,incorrect
planaltos,correct
sofrendem,incorrect
controlam,correct
derrotege,incorrect
repartido,correct
quandonou,incorrect
brilhando,correct
portunido,incorrect
confiavam,correct
estacarem,incorrect
fortaleça,correct
querdades,incorrect
desanimam,correct
aquedaram,incorrect
cumpriram,correct
procurante,incorrect
procuravam,correct
maduranças,incorrect
calculados,correct
harbozenas,incorrect
relâmpagos,correct
rebanhotos,incorrect
derrubando,correct
sofrimeiro,incorrect
felicidade,correct
sofrimeira,incorrect
atravessem,correct
bondamento,incorrect
julgamento,correct
pedaçougue,incorrect
esperarmos,correct
levangeiro,incorrect
humanidade,correct
destrandei,incorrect
destruísse,correct
evantações,incorrect
blasfêmias,correct
obedeçamos,incorrect
obedecerem,correct
embaixonou,incorrect
protegendo,correct
muralharam,incorrect
espalharam,correct
obrincipal,incorrect
cruzamento,correct
aprontecer,incorrect
aprontando,correct
somensando,incorrect
abençoasse,correct
convenenos,incorrect
assustálos,correct
engananeus,incorrect
suficiente,correct
sabtecaram,incorrect
combinaram,correct
cidadeiros,incorrect
expulsálos,correct
muralharem,incorrect
carregarem,correct
ajoelhores,incorrect
ajoelhemse,correct
religência,incorrect
facilmente,correct
tolicerces,incorrect
perseguirá,correct
registribo,incorrect
grãozinhos,correct
recompleto,incorrect
reconhecia,correct
sacerdoame,incorrect
precisarem,correct
comensagem,incorrect
estendendo,correct
homensando,incorrect
entregavam,correct
riachoeira,incorrect
adversário,correct
tornalhado,incorrect
respeitado,correct
jecutirado,incorrect
divertiram,correct
comerciado,incorrect
despejaram,correct
reuniremos,incorrect
destruírem,correct
brigueiras,incorrect
armadilhas,correct
pescansava,incorrect
conversado,correct
pecadorado,incorrect
morreremos,correct
constrouxa,incorrect
conhecidos,correct
pensagrada,incorrect
aborrecido,correct
atacaramse,incorrect
sentaramse,correct
quistantes,incorrect
setecentos,correct
sericórdia,incorrect
proibições,correct
merecebido,incorrect
fidelidade,correct
escrevisto,incorrect
discutisse,correct
muralhando,incorrect
obedecesse,correct
enconteceu,incorrect
profetizei,correct
escriticam,incorrect
bebedeiras,correct
rependente,incorrect
sepultadas,correct
diferender,incorrect
lamentando,correct
oriententa,incorrect
expulsasse,correct
concordões,incorrect
combinamos,correct
oficientar,incorrect
arrastaram,correct
fazeremoto,incorrect
tratandose,correct
escravilho,incorrect
insistirei,correct
parecebido,incorrect
barbatanas,correct
lutandonou,incorrect
tempestade,correct
perdiçoará,incorrect
continuava,correct
encobrasas,incorrect
mentirosos,correct
fiqueimada,incorrect
violências,correct
vestiveira,incorrect
respeitálo,correct
temoabitas,incorrect
quilômetro,correct
controuxer,incorrect
ressuscita,correct
levarassem,incorrect
ajuntassem,correct
mostranhas,incorrect
gibeonitas,correct
professoas,incorrect
amalequita,correct
esquecende,incorrect
hospedados,correct
lembrasada,incorrect
defeituoso,correct
consoleiro,incorrect
assaltavam,correct
fiquestões,incorrect
fizéssemos,correct
deposições,incorrect
escolheste,correct
passalônio,incorrect
respeitada,correct
descendendo,incorrect
descenderam,correct
vizinheiros,incorrect
suficientes,correct
monstruição,incorrect
perguntamos,correct
rependerado,incorrect
enfrentarem,correct
satisfarçar,incorrect
adversários,correct
escravilhas,incorrect
responsável,correct
prospedouro,incorrect
profundezas,correct
largurantes,incorrect
vergonhosas,correct
vinteligião,incorrect
espirituais,correct
crimententa,incorrect
amaldiçoálo,correct
perceirados,incorrect
conquistálo,correct
obedecender,incorrect
cumprimento,correct
espantações,incorrect
construísse,correct
troncordade,incorrect
pertencemos,correct
noitentaram,incorrect
repreenderá,correct
zaanaqueles,incorrect
amalequitas,correct
dedicadezer,incorrect
alcançarmos,correct
seguintenta,incorrect
responderia,correct
desistência,incorrect
engenheiros,correct
espantanhos,incorrect
pecaminosos,correct
produtorios,incorrect
amaldiçoado,correct
pacientaram,incorrect
registrados,correct
conversário,incorrect
companheira,correct
escurecebeu,incorrect
comerciante,correct
indicadeira,incorrect
destruições,correct
passarinham,incorrect
diretamente,correct
passandonar,incorrect
circuncisão,correct
tratançando,incorrect
descascouos,correct
terrentação,incorrect
tempestades,correct
conformindo,incorrect
completarem,correct
essazarenta,incorrect
aproximando,correct
defendentre,incorrect
determinava,correct
juntanhotos,incorrect
trabalharam,correct
maldadeiras,incorrect
continuarem,correct
poderessura,incorrect
apresentada,correct
ouviriatura,incorrect
trapaceiros,correct
homentanhas,incorrect
aborrecidos,correct
defendiaram,incorrect
frigideiras,correct
barracativo,incorrect
purificarem,correct
constrólogo,incorrect
perseguição,correct
dedicaremos,incorrect
organizarem,correct
dezentanhar,incorrect
confessavam,correct
lesterceber,incorrect
considerava,correct
cinquentamos,incorrect
atravessamos,correct
carrependura,incorrect
jabesgileade,correct
meninrodeava,incorrect
ressurreição,correct
escapássaria,incorrect
reconquistou,correct
toleraritará,incorrect
quatrocentas,correct
seiscendenar,incorrect
repreenderam,correct
encarrebelde,incorrect
prejudicaram,correct
fosseirassem,incorrect
atravessavam,correct
pressurreiro,incorrect
prisioneiras,correct
trabalheiros,incorrect
caminharemos,correct
baalzebulhar,incorrect
continuarmos,correct
paciênciamos,incorrect
apresentando,correct
quandonanias,incorrect
sacrificados,correct
maldiçoandou,incorrect
preocupações,correct
contrangeiro,incorrect
enfeitiçadas,correct
roubadandoso,incorrect
apresentadas,correct
bastantotias,incorrect
descansarmos,correct
paralistezas,incorrect
preparativos,correct
