stimulus,correct_answer
убою,incorrect
бесы,correct
злов,incorrect
роде,correct
верз,incorrect
онан,correct
шеха,incorrect
отче,correct
мень,incorrect
вашу,correct
поль,incorrect
шела,correct
фиция,incorrect
есром,correct
кемли,incorrect
иаалы,correct
легчи,incorrect
отсек,correct
сидев,incorrect
упала,correct
ников,incorrect
лежит,correct
откое,incorrect
водил,correct
согла,incorrect
вырос,correct
извав,incorrect
обнял,correct
истил,incorrect
устал,correct
прого,incorrect
серпы,correct
разно,incorrect
разум,correct
вавил,incorrect
тайно,correct
фиста,incorrect
почил,correct
маахе,incorrect
глину,correct
перей,incorrect
плена,correct
бывай,incorrect
ветры,correct
уловы,incorrect
пасти,correct
прево,incorrect
отцем,correct
погло,incorrect
нести,correct
улово,incorrect
ривлу,correct
пресл,incorrect
хотим,correct
ободы,incorrect
дарую,correct
тивее,incorrect
еноса,correct
гидде,incorrect
спеши,correct
жению,incorrect
долги,correct
нанеи,incorrect
поясы,correct
перем,incorrect
пуста,correct
иступ,incorrect
нават,correct
творах,incorrect
творца,correct
жились,incorrect
язвами,correct
детели,incorrect
добрых,correct
темник,incorrect
покрыл,correct
вершай,incorrect
сладок,correct
ревник,incorrect
совете,correct
хороны,incorrect
ходили,correct
прошем,incorrect
продал,correct
малело,incorrect
опорою,correct
изменя,incorrect
отошла,correct
превом,incorrect
жившие,correct
злобил,incorrect
злобно,correct
лишних,incorrect
поймет,correct
лениях,incorrect
повелю,correct
шемира,incorrect
кончил,correct
отовил,incorrect
терпит,correct
создай,incorrect
вынеси,correct
огнено,incorrect
писала,correct
кровен,incorrect
служит,correct
крится,incorrect
длится,correct
длином,incorrect
давала,correct
опасны,incorrect
еллины,correct
годати,incorrect
концов,correct
корены,incorrect
данной,correct
перехи,incorrect
мудрее,correct
умилен,incorrect
обоими,correct
пеплод,incorrect
спешил,correct
снялся,incorrect
глупец,correct
повина,incorrect
медным,correct
вавили,incorrect
шерсть,correct
числит,incorrect
хвалят,correct
утверг,incorrect
ширину,correct
оставы,incorrect
пустые,correct
вратил,incorrect
идифун,correct
фились,incorrect
ширины,correct
нелого,incorrect
поныне,correct
нагали,incorrect
засухи,correct
вменем,incorrect
львами,correct
сретер,incorrect
ефрафы,correct
незрел,incorrect
догнал,correct
стерту,incorrect
стезях,correct
сведей,incorrect
боязнь,correct
местья,incorrect
стражу,correct
годать,incorrect
нищему,correct
месячи,incorrect
волами,correct
молвии,incorrect
весами,correct
откров,incorrect
рожден,correct
селены,incorrect
хармия,correct
шество,incorrect
рабынь,correct
шества,incorrect
распри,correct
прошее,incorrect
верные,correct
худеев,incorrect
воззри,correct
галище,incorrect
смерил,correct
молену,incorrect
недуги,correct
пещите,incorrect
милует,correct
должал,incorrect
фимиам,correct
востов,incorrect
обилие,correct
людете,incorrect
стариц,correct
наслед,incorrect
обещал,correct
написи,incorrect
голова,correct
иродны,incorrect
членов,correct
напрас,incorrect
широко,correct
повини,incorrect
позван,correct
стребли,incorrect
грозное,correct
сидящее,incorrect
тростью,correct
дееписи,incorrect
мемфиса,correct
собрата,incorrect
сильное,correct
бываешь,incorrect
войдешь,correct
имеются,incorrect
скажешь,correct
вдовали,incorrect
вдовицы,correct
разорей,incorrect
ходящих,correct
числены,incorrect
львиный,correct
отошена,incorrect
изливая,correct
ассиина,incorrect
убежище,correct
трубину,incorrect
службах,correct
иссякая,incorrect
отсекли,correct
идетель,incorrect
страшно,correct
умывало,incorrect
дубравы,correct
местоле,incorrect
мертвые,correct
молчана,incorrect
молодые,correct
полняет,incorrect
нашлись,correct
возмочь,incorrect
придешь,correct
недрион,incorrect
козьего,correct
истречу,incorrect
убивать,correct
облечет,incorrect
десница,correct
потреть,incorrect
шелемии,correct
амрамом,incorrect
обитает,correct
помолил,incorrect
называл,correct
яростер,incorrect
ангелов,correct
сокровь,incorrect
выходит,correct
поворит,incorrect
волхвов,correct
отломиф,incorrect
похожие,correct
стоянии,incorrect
бедного,correct
смертву,incorrect
алчущих,correct
невидит,incorrect
извести,correct
закония,incorrect
городом,correct
дайтесь,incorrect
создаст,correct
вечести,incorrect
объявит,correct
помысль,incorrect
назореи,correct
изведей,incorrect
отстать,correct
соделил,incorrect
сирийцы,correct
вседека,incorrect
челюсти,correct
постала,incorrect
крестил,correct
моровых,incorrect
заперли,correct
жаждому,incorrect
страхом,correct
фемания,incorrect
маслины,correct
едините,incorrect
перейду,correct
тоборцы,incorrect
отдадут,correct
одеснут,incorrect
выводит,correct
желался,incorrect
святого,correct
железни,incorrect
работай,correct
запусть,incorrect
корзины,correct
градник,incorrect
носящие,correct
мгновей,incorrect
квасное,correct
человен,incorrect
фараоне,correct
издевал,incorrect
изумлял,correct
царился,incorrect
земными,correct
гнилось,incorrect
лопатки,correct
управом,incorrect
хорошей,correct
жеством,incorrect
твердой,correct
плодные,incorrect
падения,correct
бывания,incorrect
тайники,correct
вечески,incorrect
исполни,correct
влезами,incorrect
дающего,correct
истился,incorrect
угодишь,correct
подвери,incorrect
горячке,correct
снялись,incorrect
льняную,correct
встремя,incorrect
гроздья,correct
нечесть,incorrect
направо,correct
всадные,incorrect
тесноте,correct
полянув,incorrect
водимые,correct
повидно,incorrect
кормчие,correct
древное,incorrect
твердом,correct
множиих,incorrect
такойто,correct
поседей,incorrect
посечет,correct
изоржав,incorrect
отсылал,correct
отделец,incorrect
отнесла,correct
напьешь,incorrect
презрит,correct
меступы,incorrect
ворожея,correct
ангелия,incorrect
средины,correct
одинная,incorrect
высохла,correct
исчисла,incorrect
носящим,correct
дановит,incorrect
оплачут,correct
смарала,incorrect
уврачую,correct
изнутре,incorrect
веществ,correct
кодражи,incorrect
пощадит,correct
высмотр,incorrect
притвор,correct
говонно,incorrect
покатит,correct
говорку,incorrect
шестого,correct
отправды,incorrect
неправды,correct
дождение,incorrect
излияние,correct
замыслей,incorrect
называли,correct
молокоть,incorrect
помогает,correct
выздоров,incorrect
нисходит,correct
родствии,incorrect
истукану,correct
доколена,incorrect
исцелить,correct
непресто,incorrect
покропил,correct
непорожу,incorrect
покровом,correct
легкомые,incorrect
вступили,correct
ложницам,incorrect
веровали,correct
бедством,incorrect
красивым,correct
ужаснуть,incorrect
опускает,correct
коробеет,incorrect
кормятся,correct
наследам,incorrect
помазать,correct
устровом,incorrect
устроено,correct
пословлю,incorrect
телесное,correct
уделений,incorrect
видениях,correct
гласился,incorrect
укрыться,correct
котороны,incorrect
оставить,correct
оружения,incorrect
сходящий,correct
отошение,incorrect
познания,correct
войского,incorrect
убоялись,correct
шимроною,incorrect
красивый,correct
обленных,incorrect
блужение,correct
постолах,incorrect
постигло,correct
гаснулся,incorrect
суждение,correct
будетель,incorrect
родились,correct
кровения,incorrect
красивые,correct
трудящий,incorrect
бедность,correct
ежеднеет,incorrect
мстителя,correct
чиступил,incorrect
остаются,correct
получною,incorrect
завдиево,correct
откровой,incorrect
отвечают,correct
мателями,incorrect
плотской,correct
аммоните,incorrect
язычника,correct
пожерели,incorrect
позовите,correct
образорю,incorrect
умолчано,correct
знаетесь,incorrect
аравитян,correct
твертога,incorrect
твердыню,correct
отвердию,incorrect
отвергну,correct
славшему,incorrect
утешайся,correct
моляемых,incorrect
подробно,correct
посвятых,incorrect
асийские,correct
согребет,incorrect
сихемова,correct
стартань,incorrect
истощать,correct
страницы,incorrect
выведите,correct
вместока,incorrect
охраняет,correct
изнесите,incorrect
ублажать,correct
креплене,incorrect
высокому,correct
стретище,incorrect
собирают,correct
постыдом,incorrect
воссияют,correct
отшестья,incorrect
исшедшие,correct
численка,incorrect
хананела,correct
изблевой,incorrect
гордость,correct
поведицу,incorrect
соделаны,correct
придумея,incorrect
произнес,correct
поцелого,incorrect
научился,correct
участным,incorrect
укреплял,correct
народейц,incorrect
народном,correct
блудятся,incorrect
смятутся,correct
греющего,incorrect
угощение,correct
перемому,incorrect
умершими,correct
каждетей,incorrect
начатках,correct
принутый,incorrect
прострут,correct
вместану,incorrect
входящее,correct
грехиина,incorrect
сделаешь,correct
вратнику,incorrect
выставим,correct
городоле,incorrect
отпускал,correct
сушающей,incorrect
поместья,correct
часторое,incorrect
окружить,correct
утешаемо,incorrect
оставлен,correct
днейшины,incorrect
хананеев,correct
иждивень,incorrect
флегонта,correct
точникан,incorrect
нисходят,correct
явилонил,incorrect
воспряни,correct
живетство,incorrect
произошли,correct
близилась,incorrect
становясь,correct
паденется,incorrect
трудиться,correct
величения,incorrect
святостью,correct
человение,incorrect
аморреями,correct
жительцов,incorrect
работайте,correct
принялись,incorrect
закрывает,correct
численный,incorrect
украшения,correct
вернялась,incorrect
святиться,correct
странение,incorrect
ближайшие,correct
подверева,incorrect
намерения,correct
непорогою,incorrect
пришельцы,correct
закланяют,incorrect
надеетесь,correct
праздражи,incorrect
произошла,correct
посажению,incorrect
посмотрим,correct
советство,incorrect
слышанное,correct
сыновения,incorrect
убивающих,correct
моавиться,incorrect
недостоин,correct
мудростей,incorrect
двадцатый,correct
валтарями,incorrect
низменных,correct
постороне,incorrect
поститься,correct
уваженных,incorrect
дуновение,correct
соблакать,incorrect
краснейте,correct
помилость,incorrect
помазание,correct
удержимым,incorrect
окрестных,correct
кровищами,incorrect
утвердить,correct
отлучение,incorrect
исходящим,correct
трудящему,incorrect
стоявшему,correct
помолитую,incorrect
праведнее,correct
вожденною,incorrect
зеведеева,correct
строились,incorrect
совершали,correct
преждение,incorrect
рабсаковы,correct
сафановил,incorrect
опьянения,correct
похищение,incorrect
наложница,correct
восторому,incorrect
пришедшие,correct
нечестить,incorrect
покрывало,correct
аккароною,incorrect
аароновым,correct
обезгласу,incorrect
мерариным,correct
собраницу,incorrect
моисеевым,correct
давиронею,incorrect
искуплены,correct
воинствия,incorrect
изнемогаю,correct
выходится,incorrect
сокрушить,correct
пламенном,incorrect
собираете,correct
отлучении,incorrect
коварстве,correct
впадатель,incorrect
уловления,correct
постокоен,incorrect
постилали,correct
возношена,incorrect
посмеяние,correct
околеснит,incorrect
огорчение,correct
зачнешься,incorrect
покупайте,correct
пересение,incorrect
старались,correct
воскрежет,incorrect
наследует,correct
аттафииля,incorrect
кедровыми,correct
племефафа,incorrect
укрепятся,correct
дальников,incorrect
призывали,correct
местолько,incorrect
собралось,correct
сыновении,incorrect
бесовской,correct
местерегу,incorrect
послужили,correct
наречного,incorrect
предались,correct
относимый,incorrect
отлучался,correct
гедеониям,incorrect
гиннефона,correct
вдольский,incorrect
смежности,correct
устлались,incorrect
вселенная,correct
выйдители,incorrect
убоявшись,correct
граждался,incorrect
состоятся,correct
говольный,incorrect
колесницы,correct
вкрадуясь,incorrect
хирамавия,correct
правдывай,incorrect
сокрушены,correct
вдругание,incorrect
сбиваются,correct
сделаемую,incorrect
оказались,correct
сикерения,incorrect
спутницею,correct
готовлена,incorrect
наложницы,correct
деломлено,incorrect
установим,correct
заповести,incorrect
исполнить,correct
местается,incorrect
состоится,correct
знаказано,incorrect
знамением,correct
говонного,incorrect
подойдите,correct
такоминай,incorrect
силомские,correct
уцелевать,incorrect
ожесточил,correct
выкормлен,incorrect
вымышляют,correct
нуждающий,incorrect
окончатся,correct
кесарепту,incorrect
угнетения,correct
одниметил,incorrect
стараться,correct
яростолба,incorrect
хлебодаре,correct
сокровьим,incorrect
радовался,correct
прохотима,incorrect
вознесено,correct
склоняния,incorrect
дубравные,correct
человений,incorrect
милостыни,correct
господати,incorrect
поступают,correct
плаканные,incorrect
разверзла,correct
бритворот,incorrect
михмефафа,correct
угодеющий,incorrect
отпущения,correct
насильные,incorrect
размножил,correct
построкам,incorrect
греховное,correct
сказаниях,incorrect
утвержден,correct
горовенно,incorrect
водопадов,correct
пьянявшие,incorrect
возлияние,correct
объявилась,incorrect
исцелиться,correct
поразиться,incorrect
моавитских,correct
сосударями,incorrect
освятитесь,correct
голодойдет,incorrect
достанутся,correct
изгонялись,incorrect
наполнятся,correct
погрешника,incorrect
называющий,correct
помрачатки,incorrect
покупающие,correct
берегемоты,incorrect
освящающий,correct
рефидимона,incorrect
выпросился,correct
гласностью,incorrect
переходили,correct
поминающим,incorrect
осаждающим,correct
изобильные,incorrect
моавитянка,correct
силенность,incorrect
злодейство,correct
отвертогах,incorrect
величества,correct
подкрепояс,incorrect
посмотрите,correct
пристаются,incorrect
запустение,correct
правитских,incorrect
образовали,correct
похитилась,incorrect
помолились,correct
бросающего,incorrect
внимающего,correct
согребенка,incorrect
уклоняться,correct
случившего,incorrect
возмущения,correct
замолчание,incorrect
запечатали,correct
возмездить,incorrect
разбойники,correct
искусности,incorrect
неприятеля,correct
торжестоку,incorrect
священному,correct
больщается,incorrect
воспаление,correct
аравившись,incorrect
оставались,correct
облакались,incorrect
открываешь,correct
данникогда,incorrect
обижаемого,correct
смягчением,incorrect
салпаадовы,correct
укрепоясал,incorrect
униженными,correct
городовали,incorrect
расселинах,correct
доверились,incorrect
изгладится,correct
постерегов,incorrect
разойдется,correct
повестивых,incorrect
расстоянии,correct
измятежние,incorrect
доказывает,correct
сотворамов,incorrect
осмотрения,correct
человечьем,incorrect
благовоний,correct
сидетельно,incorrect
свидетелей,correct
сисароматы,incorrect
свидетелем,correct
оголюдении,incorrect
соблюдению,correct
выплывущих,incorrect
блуждающие,correct
приказался,incorrect
прекрасную,correct
человенная,incorrect
возвращать,correct
человенник,incorrect
утвердится,correct
необремена,incorrect
похороните,correct
боговеющих,incorrect
прогневляя,correct
мафнафпане,incorrect
валтасаром,correct
непреломил,incorrect
неверующие,correct
воззревнух,incorrect
прельстить,correct
оставильны,incorrect
двадцатого,correct
паступеням,incorrect
ассириянам,correct
гагривозит,incorrect
иссахарова,correct
царствуйте,incorrect
наставлять,correct
народолева,incorrect
идумейской,correct
спаступала,incorrect
останьтесь,correct
ответилось,incorrect
искусством,correct
нараведник,incorrect
разносимый,correct
отдохновей,incorrect
собираются,correct
власточной,incorrect
клеветники,correct
родианится,incorrect
обременить,correct
нареклоняю,incorrect
начальника,correct
вместивого,incorrect
опорожняли,correct
братимские,incorrect
ужаснулись,correct
господойдя,incorrect
священного,correct
господавцы,incorrect
развалинам,correct
повестаном,incorrect
недоумевая,correct
бефоронился,incorrect
содрогнутся,correct
приниматери,incorrect
преследуйте,correct
священность,incorrect
аммонитских,correct
возмущество,incorrect
посрамления,correct
аминовницею,incorrect
аморрейских,correct
избавляются,incorrect
возвещается,correct
наградников,incorrect
необрезание,correct
внутренными,incorrect
виноградные,correct
отвечалилее,incorrect
праведность,correct
глупосторой,incorrect
уверовавшим,correct
мягкосердце,incorrect
гессурского,correct
сокровления,incorrect
уверенность,correct
доколодойдя,incorrect
допускающий,correct
подобенному,incorrect
пользовался,correct
избодейства,incorrect
пренебрегал,correct
знатнейшина,incorrect
происшедших,correct
праведливою,incorrect
праведникам,correct
изготовсюду,incorrect
негодование,correct
триступился,incorrect
подвизались,correct
иояриваются,incorrect
бодрствуйте,correct
останетение,incorrect
благоволить,correct
боленеющего,incorrect
истолковать,correct
радоступили,incorrect
направление,correct
смиритесниц,incorrect
совершались,correct
изголодости,incorrect
отсеченными,correct
оставившего,incorrect
очистившись,correct
дочернились,incorrect
успокоиться,correct
госпожелает,incorrect
многократно,correct
превоженцев,incorrect
прокаженных,correct
отвечальниц,incorrect
справедливы,correct
согрешишаях,incorrect
опечаливать,correct
отборностью,incorrect
есевонскому,correct
взглядатаем,incorrect
укрепленный,correct
глупогонять,incorrect
соблюдающий,correct
местьдесять,incorrect
аскалонский,correct
нарданского,incorrect
подкреплять,correct
виночевидел,incorrect
постыдитесь,correct
плотнимемся,incorrect
пирафонянин,correct
впределывал,incorrect
истреблению,correct
одноголиава,incorrect
смоковницею,correct
человечестив,incorrect
человеческих,correct
образореняет,incorrect
остановилась,correct
принималиким,incorrect
заклинателей,correct
встановлевую,incorrect
отроковицами,correct
множалейшему,incorrect
остановитесь,correct
превративших,incorrect
прикрывающий,correct
некотороните,incorrect
необрезанным,correct
окреступайте,incorrect
самарийского,correct
умножестолом,incorrect
беззаконному,correct
господавайте,incorrect
израильского,correct
презреливают,incorrect
безрассудная,correct
обесчещением,incorrect
восстановить,correct
ополуденными,incorrect
кровожадного,correct
хоронитянами,incorrect
развратилось,correct
поставитянин,incorrect
возлюбившего,correct
гордосточала,incorrect
подкрепление,correct
мудростельца,incorrect
исповедывать,correct
госпомнилище,incorrect
жертвенников,correct
вразумейству,incorrect
впоследствии,correct
разверждений,incorrect
выстриженных,correct
рослабевшими,incorrect
подстерегали,correct
котороникшею,incorrect
находившееся,correct
взыскаженною,incorrect
человеческой,correct
священникогда,incorrect
оскверненного,correct
страненаконие,incorrect
благоволением,correct
множественник,incorrect
размножайтесь,correct
летописанного,incorrect
определенного,correct
давидоволения,incorrect
торжественное,correct
возвещавшиеся,incorrect
воинственного,correct
просиливались,incorrect
противоречить,correct
увереимущению,incorrect
краеобрезаний,correct
благодарноном,incorrect
подражателями,correct
вместоковнице,incorrect
сговариваются,correct
сокровенности,incorrect
надзирателями,correct
господаромать,incorrect
приставленным,correct
помостершинам,incorrect
жестокосердию,correct
заветуетенною,incorrect
преимуществом,correct
повелеречется,incorrect
идолослужению,correct
