stimulus,correct_answer
reha,incorrect
oder,correct
nini,incorrect
mudi,correct
cite,incorrect
cila,correct
puha,incorrect
zori,correct
salm,incorrect
otní,correct
treb,incorrect
breg,correct
klet,incorrect
sram,correct
ogla,incorrect
tolá,correct
navo,incorrect
izve,correct
govo,incorrect
hudo,correct
meno,incorrect
gost,correct
upan,incorrect
asáf,correct
ubile,incorrect
imelo,correct
raneh,incorrect
izdaj,correct
dalju,incorrect
krilu,correct
kobil,incorrect
krsto,correct
rodih,incorrect
umrlo,correct
dvana,incorrect
ugank,correct
provi,incorrect
nadme,correct
pogla,incorrect
pomen,correct
merem,incorrect
lepih,correct
sebej,incorrect
dosti,correct
volil,incorrect
marka,correct
jakom,incorrect
oklep,correct
rokov,incorrect
morja,correct
svéti,incorrect
haiél,correct
oboga,incorrect
rages,correct
vanja,incorrect
dviga,correct
poseb,incorrect
danov,correct
osram,incorrect
stisk,correct
novih,incorrect
pisal,correct
lovih,incorrect
abíju,correct
nikov,incorrect
koncu,correct
nasil,incorrect
koles,correct
sprej,incorrect
pismo,correct
benja,incorrect
opazi,correct
pozla,incorrect
recín,correct
hebre,incorrect
hlebe,correct
sramo,incorrect
zbere,correct
vsebi,incorrect
bilha,correct
ustva,incorrect
gredo,correct
preha,incorrect
karko,correct
rokih,incorrect
vzeto,correct
vnamo,incorrect
ohóla,correct
edene,incorrect
takoj,correct
izpel,incorrect
tabor,correct
stora,incorrect
vsaka,correct
izgov,incorrect
talce,correct
preki,incorrect
stole,correct
zasno,incorrect
holón,correct
boval,incorrect
jemal,correct
nisti,incorrect
slede,correct
snete,incorrect
suhim,correct
prist,incorrect
delov,correct
nepov,incorrect
silna,correct
ptole,incorrect
zobmi,correct
predu,incorrect
pozno,correct
bélom,incorrect
atára,correct
hvalju,incorrect
udarci,correct
godili,incorrect
rojeni,correct
nesmrt,incorrect
rablja,correct
varove,incorrect
dolino,correct
letava,incorrect
letajo,correct
pasova,incorrect
talcev,correct
planja,incorrect
kupite,correct
iskajo,incorrect
kupimo,correct
videta,incorrect
cvetju,correct
spodar,incorrect
vojnim,correct
urejel,incorrect
manjka,correct
povati,incorrect
povsod,correct
mejite,incorrect
lazite,correct
pokler,incorrect
padejo,correct
maroga,incorrect
stekel,correct
delana,incorrect
videza,correct
mednji,incorrect
obliko,correct
umetne,incorrect
obilne,correct
antipa,incorrect
dobiva,correct
vratno,incorrect
edinca,correct
leskah,incorrect
semena,correct
jestvo,incorrect
alémet,correct
varnik,incorrect
konjih,correct
zlagam,incorrect
spolno,correct
nadnji,incorrect
posodo,correct
stanko,incorrect
starca,correct
ramejo,incorrect
spanec,correct
neobre,incorrect
rahele,correct
govemu,incorrect
morijo,correct
trstjo,incorrect
drhali,correct
elímov,incorrect
valovi,correct
menova,incorrect
obsoja,correct
mrhove,incorrect
nobene,correct
nastir,incorrect
jezili,correct
videte,incorrect
utrdbe,correct
naslep,incorrect
pogreb,correct
kavlja,incorrect
izhaja,correct
gabilo,incorrect
tahréa,correct
podnem,incorrect
rogelu,correct
zasled,incorrect
odvrni,correct
benjam,incorrect
majhne,correct
brezde,incorrect
ostaja,correct
kriste,incorrect
morila,correct
navanj,incorrect
jerijá,correct
rimlja,incorrect
epifan,correct
sprega,incorrect
calmón,correct
gedijo,incorrect
ograda,correct
odgova,incorrect
lepota,correct
notran,incorrect
ogrnil,correct
navodo,incorrect
koplji,correct
pregov,incorrect
gorske,correct
sesuje,incorrect
kopali,correct
grebuh,incorrect
ukanil,correct
mrhovi,incorrect
ginejo,correct
povesu,incorrect
kadijo,correct
spomet,incorrect
slabih,correct
medáta,incorrect
prelil,correct
tarane,incorrect
britju,correct
organi,incorrect
pedenj,correct
odideti,incorrect
odidejo,correct
ponovih,incorrect
ponosna,correct
mehólja,incorrect
nazirec,correct
zavrgla,incorrect
odvzeto,correct
visliti,incorrect
aridája,correct
imatero,incorrect
zgrnili,correct
mrhovih,incorrect
ozirali,correct
denarji,incorrect
hazaélu,correct
zasmejo,incorrect
bojnimi,correct
kronove,incorrect
sodnike,correct
kozlato,incorrect
vetrovi,correct
slovimi,incorrect
vdelali,correct
nesmrti,incorrect
navzgor,correct
dogodbe,incorrect
sijajno,correct
politvi,incorrect
potuhne,correct
opravel,incorrect
okolico,correct
vezanes,incorrect
nemarno,correct
krajino,incorrect
razlila,correct
abrónom,incorrect
opevali,correct
goroval,incorrect
kamnali,correct
merodov,incorrect
odselil,correct
hvalnih,incorrect
udarili,correct
odstave,incorrect
popolna,correct
izsilje,incorrect
poiskal,correct
izvoljo,incorrect
obstalo,correct
vsiljen,incorrect
nasadil,correct
drevodu,incorrect
hacórju,correct
kurjena,incorrect
vpleten,correct
zaplena,incorrect
pokvari,correct
sodnost,incorrect
zavetje,correct
stopisi,incorrect
izrekov,correct
zborovo,incorrect
oskruni,correct
hamatán,incorrect
stotnik,correct
popisih,incorrect
jedilne,correct
obljudi,incorrect
spravno,correct
mestobo,incorrect
prejeti,correct
vtikajo,incorrect
tkalsko,correct
rokoval,incorrect
prijeli,correct
neizmed,incorrect
soteske,correct
bilejci,incorrect
vsejani,correct
ranjavi,incorrect
pojdeta,correct
trepadi,incorrect
okraske,correct
vzljubo,incorrect
drhtelo,correct
zagrnje,incorrect
zastonj,correct
izgraju,incorrect
umestil,correct
menomer,incorrect
modrega,correct
laodike,incorrect
sijajni,correct
zgodovo,incorrect
okronal,correct
stenega,incorrect
strmini,correct
sevedno,incorrect
pomazal,correct
zaranjo,incorrect
pravemu,correct
drobovi,incorrect
hivéjci,correct
morjani,incorrect
dolinah,correct
zabljal,incorrect
ponosen,correct
stopkov,incorrect
dobival,correct
samezni,incorrect
samskim,correct
pomogli,incorrect
pomoril,correct
libniku,incorrect
ognjeno,correct
prijati,incorrect
pognala,correct
kasijaj,incorrect
izzvali,correct
jasnila,incorrect
kamnita,correct
jidálom,incorrect
kinéret,correct
obrzdal,incorrect
ljuljko,correct
smarala,incorrect
ozirala,correct
paslada,incorrect
zakriva,correct
odgovom,incorrect
odkupim,correct
ezavajo,incorrect
mnogimi,correct
mestava,incorrect
ostanke,correct
evangel,incorrect
razumno,correct
tesnico,incorrect
jerimót,correct
prebrna,incorrect
peresom,correct
njenica,incorrect
prejema,correct
odkrivd,incorrect
pogumno,correct
bilical,incorrect
razloga,correct
filiste,incorrect
celotno,correct
jámnijo,incorrect
ilovica,correct
sredova,incorrect
perecov,correct
javnega,incorrect
trdnega,correct
becájev,incorrect
varljiv,correct
preroje,incorrect
odgnati,correct
polovimi,incorrect
polovice,correct
krmarijo,incorrect
serajáju,correct
amrámove,incorrect
kaldejci,correct
pokrivdo,incorrect
pokrival,correct
dekletje,incorrect
stiskajo,correct
poganino,incorrect
praznili,correct
henadábu,incorrect
vzgajala,correct
nagotovo,incorrect
naklonil,correct
skupnili,incorrect
adamovih,correct
usposodo,incorrect
varljivo,correct
abrambor,incorrect
sramoval,correct
sodbinah,incorrect
izbrisal,correct
naznanje,incorrect
nakupili,correct
obhajame,incorrect
obhajajo,correct
ustranje,incorrect
prevleci,correct
trobenem,incorrect
dvignili,correct
notranil,incorrect
isahárja,correct
verjevih,incorrect
varovati,correct
nasladko,incorrect
odvezali,correct
spregova,incorrect
spreglej,correct
sodnosti,incorrect
tehtnice,correct
protnika,incorrect
levijeve,correct
rodiralo,incorrect
predmeti,correct
prvoroje,incorrect
demetrij,correct
daljevih,incorrect
naselijo,correct
zagovati,incorrect
pobitimi,correct
podrsnik,incorrect
napihuje,correct
bogajala,incorrect
poslovim,correct
naklonja,incorrect
odmevalo,correct
svetitve,incorrect
lastnega,correct
dajemnik,incorrect
pogledal,correct
bojevnim,incorrect
pokazalo,correct
iztreben,incorrect
koristno,correct
spregovi,incorrect
hvalnice,correct
plemenil,incorrect
zmagoval,correct
nakletve,incorrect
moábovih,correct
zagrinjo,incorrect
zahvalno,correct
spomniji,incorrect
zgradila,correct
zaklicah,incorrect
pogoltne,correct
izstresa,incorrect
naletela,correct
objestvu,incorrect
obveljal,correct
vodnjave,incorrect
spodobne,correct
zasmehov,incorrect
izkopali,correct
rekljivo,incorrect
predpise,correct
katerino,incorrect
opleniti,correct
sinovega,incorrect
ubijalec,correct
imaterih,incorrect
hamánovi,correct
pohodkov,incorrect
izsilili,correct
oblastno,incorrect
praznika,correct
robovemu,incorrect
izgnanci,correct
kavljalo,incorrect
onézimom,correct
namerica,incorrect
pokrovom,correct
mislical,incorrect
umetelno,correct
pokaravi,incorrect
narejeno,correct
glajenju,incorrect
besájevi,correct
zvitelji,incorrect
drobnici,correct
severuje,incorrect
dotaknil,correct
nehajata,incorrect
nakladal,correct
nazadnji,incorrect
roboámom,correct
spremlje,incorrect
dvorniki,correct
pozidavo,incorrect
radujejo,correct
bostelji,incorrect
izbranih,correct
obreguél,incorrect
prejmite,correct
posekova,incorrect
naslajam,correct
zadajati,incorrect
polagoma,correct
bilonski,incorrect
glasnike,correct
potresle,incorrect
aramejca,correct
dobrisal,incorrect
postelje,correct
zatirava,incorrect
posvetne,correct
posestro,incorrect
potolkli,correct
zadovega,incorrect
zavlekli,correct
krajujte,incorrect
razderem,correct
sokrivdo,incorrect
sidóncem,correct
kradenke,incorrect
gosenice,correct
modrevja,incorrect
pokropil,correct
tamarijo,incorrect
vzdevkom,correct
velikiji,incorrect
govorita,correct
zemljena,incorrect
sinovoma,correct
zametnih,incorrect
izbruhal,correct
zmajalcu,incorrect
mrhovina,correct
vedejevi,incorrect
postrani,correct
zaporint,incorrect
odstopaj,correct
ljudenci,incorrect
udarjali,correct
zaceliti,incorrect
cezarejo,correct
nagroval,incorrect
tesarjev,correct
sestrezi,incorrect
viharjev,correct
sirahove,incorrect
vzpenjal,correct
zaradite,incorrect
odhajajo,correct
podpisec,incorrect
najemnik,correct
rimatati,incorrect
blaznost,correct
helenkal,incorrect
jutranji,correct
bilonsko,incorrect
ostrmeli,correct
bilonska,incorrect
nasiljem,correct
nimateja,incorrect
pobirajo,correct
zemljene,incorrect
etiopije,correct
zavoljne,incorrect
zahariji,correct
velikati,incorrect
izbrance,correct
cestnost,incorrect
ozirajte,correct
siseredu,incorrect
usahnile,correct
kadarjev,incorrect
telesnih,correct
rekipelj,incorrect
preselil,correct
uliceval,incorrect
blaginje,correct
ljubljal,incorrect
razodeva,correct
cestitve,incorrect
postopek,correct
igravala,incorrect
vtisnili,correct
otrokara,incorrect
shodnega,correct
zgodilni,incorrect
sramoten,correct
pogublje,incorrect
utrujate,correct
besedeku,incorrect
izdelana,correct
jestnini,incorrect
topljive,correct
svojiljo,incorrect
hrumenje,correct
pohrusta,incorrect
nadzidek,correct
uradnicah,incorrect
uradnikov,correct
presojajo,incorrect
presojate,correct
jagnjenem,incorrect
notranjim,correct
zahtevati,incorrect
zahtevate,correct
obdelovih,incorrect
kadilnico,correct
podrsnika,incorrect
zatisnila,correct
usmerilno,incorrect
prihajajo,correct
hufámovih,incorrect
sihemskih,correct
povedoval,incorrect
umetnosti,correct
posobnico,incorrect
naslonili,correct
gospodilo,incorrect
izraelski,correct
nagovarji,incorrect
odtegnili,correct
stiskanju,incorrect
vriskanja,correct
imateremu,incorrect
spoznanju,correct
tobijalec,incorrect
vztrajali,correct
mirovniku,incorrect
elifázovi,correct
kronovine,incorrect
boleznimi,correct
postaniti,incorrect
desetinki,correct
zapisarji,incorrect
zapustila,correct
savlovice,incorrect
vztrajajo,correct
peljavili,incorrect
upravniki,correct
uspevajta,incorrect
umorjenih,correct
pozidajte,incorrect
obhajajte,correct
filistemu,incorrect
filisteja,correct
gornjenec,incorrect
medijskih,correct
judovolji,incorrect
opravljaj,correct
pregrinje,incorrect
prepasane,correct
rimaknila,incorrect
abihájila,correct
shodnikih,incorrect
kánaancem,correct
srebrnete,incorrect
pismoukov,correct
nehamovih,incorrect
siromakom,correct
prijevega,incorrect
goljufiva,correct
iskalniku,incorrect
rubenovim,correct
hromilost,incorrect
molitvijo,correct
pregrinjo,incorrect
prihrumel,correct
dotaknejá,incorrect
konjeniki,correct
odpeljsko,incorrect
odpustili,correct
tesnjenih,incorrect
zablodili,correct
usmrtnika,incorrect
hrabrosti,correct
narodovom,incorrect
odslovili,correct
ranjihove,incorrect
izkoristi,correct
hudobnice,incorrect
vojskoval,correct
praznamen,incorrect
odgovarja,correct
zaupalico,incorrect
studencev,correct
spoznanec,incorrect
spomenike,correct
denarnimi,incorrect
izdajalec,correct
dedánovom,incorrect
splahnelo,correct
sestrojno,incorrect
kaznovati,correct
pomoritev,incorrect
bolehavec,correct
parkljivo,incorrect
godrnjala,correct
stopilnih,incorrect
voditelja,correct
nemarnost,incorrect
nabreknil,correct
bogovorja,incorrect
podstavke,correct
volovitno,incorrect
zapeljuje,correct
dobentati,incorrect
strinjajo,correct
vzemajhen,incorrect
matitjája,correct
pasledova,incorrect
joktánovi,correct
polnjeval,incorrect
pobegnila,correct
praguélov,incorrect
prikrival,correct
tistejcev,incorrect
stvarnika,correct
sprejenko,incorrect
imenovati,correct
njegovanj,incorrect
njihovega,correct
ljubezeku,incorrect
vodnjakov,correct
zrasteljo,incorrect
utrjevale,correct
tilnicama,incorrect
dotikajte,correct
zvesterih,incorrect
smokvinih,correct
ogrezilec,incorrect
verjamete,correct
iskalnico,incorrect
sleparjev,correct
jahdiélov,incorrect
osvajalce,correct
héferjeli,incorrect
józafatom,correct
neobljubi,incorrect
roboámova,correct
onkrajnik,incorrect
skrinjici,correct
zadelavce,incorrect
dragotine,correct
zlegalili,incorrect
ahábovega,correct
odkupnost,incorrect
oskrbnika,correct
spravijev,incorrect
iskrenost,correct
posredenj,incorrect
prebivalo,correct
levitovil,incorrect
pobegniti,correct
pridelano,incorrect
prestopek,correct
glavnosti,incorrect
oblastnik,correct
krajevcev,incorrect
juditinim,correct
porazilje,incorrect
jichárjev,correct
izginjate,incorrect
zaplesala,correct
zaglednje,incorrect
izpolnila,correct
otokaliti,incorrect
bronastih,correct
besedelek,incorrect
upepelili,correct
narodalke,incorrect
zabredejo,correct
nekaznuje,incorrect
vstajenju,correct
gospodobne,incorrect
gospodarje,correct
gnusobotni,incorrect
babilonske,correct
iztegnjemu,incorrect
izpolnjeni,correct
odpotolkel,incorrect
zakletvijo,correct
naletelino,incorrect
izneverili,correct
podobnovih,incorrect
zakladnico,correct
zadonirámu,incorrect
zanesljiva,correct
ljudstvari,incorrect
filistejcu,correct
mezopotnij,incorrect
objokovali,correct
pobilonske,incorrect
obveznosti,correct
konjihovih,incorrect
svetilnico,correct
razodelcev,incorrect
hudodelcev,correct
spregovega,incorrect
jakobovega,correct
vrhovnikih,incorrect
elasárskim,correct
zvezdanice,incorrect
opozarjati,correct
napretresu,incorrect
poglavarju,correct
rubenovala,incorrect
ptolemáidi,correct
polnjenost,incorrect
prihodnost,correct
herodcenje,incorrect
kehátovcev,correct
slavarjena,incorrect
blagrovali,correct
postalento,incorrect
postavljaj,correct
metalentov,incorrect
kapadokiji,correct
hanájevega,incorrect
hacarmávet,correct
navzdiguje,incorrect
jesejevega,correct
judovitnih,incorrect
sprejemate,correct
ozdravljic,incorrect
spominjate,correct
hvalnikoga,incorrect
oznanjujte,correct
pomanjkala,incorrect
jediaélovi,correct
nakletstvo,incorrect
alfejevega,correct
saducejske,incorrect
spotaknili,correct
strelivamo,incorrect
zaklenjena,correct
njegovalne,incorrect
notranjega,correct
kljubezeku,incorrect
ugovarjali,correct
kuhaleluje,incorrect
oskrbovati,correct
zleganjata,incorrect
popoldneva,correct
rineseljev,incorrect
odstranjen,correct
slonjenost,incorrect
bartolomej,correct
posvetloba,incorrect
prijatelja,correct
potrebahov,incorrect
nasprotnik,correct
izganjenec,incorrect
prevzemala,correct
evnuhovnih,incorrect
usmiljenju,correct
katerinejo,incorrect
dopolnjena,correct
savlovelja,incorrect
libanonske,correct
rubenovati,incorrect
omedlevali,correct
svetlobine,incorrect
zborovanje,correct
zagovorice,incorrect
zadovoljni,correct
trijelenje,incorrect
pijanostjo,correct
slavljajte,incorrect
imenovanim,correct
izpostalim,incorrect
predpisuje,correct
danesenici,incorrect
pogreznejo,correct
odpravnali,incorrect
tesaloníke,correct
slavljenca,incorrect
priznavati,correct
streznjena,incorrect
kristusovo,correct
slastirali,incorrect
kraljevske,correct
pokrajnost,incorrect
nadaljeval,correct
iskalnatán,incorrect
spremstvom,correct
zravninega,incorrect
zdravnikov,correct
blaginjati,incorrect
okoristili,correct
burjavihti,incorrect
spremljalo,correct
napoticami,incorrect
pridelujte,correct
preudarejel,incorrect
preudarnost,correct
potrebljeni,incorrect
prepirljivo,correct
njegovarjem,incorrect
kraljevskih,correct
razodelstev,incorrect
razlikovati,correct
izjavitelju,incorrect
paberkovala,correct
posekaterem,incorrect
preklinjala,correct
mordanskemu,incorrect
zlorabljajo,correct
razglavarji,incorrect
razdeljenih,correct
zaharjatelj,incorrect
zapeljivost,correct
devetitvijo,incorrect
napravljajo,correct
priklonjeni,incorrect
privezanega,correct
zihríjevcev,incorrect
maziljencem,correct
ljudstvaril,incorrect
cipresovine,correct
opominadábu,incorrect
babilonskim,correct
jutranskemu,incorrect
poljubljala,correct
sestrohnobo,incorrect
odslovljene,correct
govorilikim,incorrect
cestninarji,correct
svetovitnih,incorrect
nehelaméjcu,correct
prerojencev,incorrect
abinadábove,correct
razmislitev,incorrect
zlohotnosti,correct
bratomorita,incorrect
kraljestvom,correct
trpljenosti,incorrect
dragocenimi,correct
jestvarjame,incorrect
pokvarjenci,correct
spoznanstva,incorrect
dovoljujemo,correct
dobrekolici,incorrect
celofhádove,correct
vladaljevega,incorrect
babilonskega,correct
posestrelite,incorrect
pripravljajo,correct
arbonájimske,incorrect
jojadájevega,correct
materimikati,incorrect
upraviteljev,correct
judoviteljem,incorrect
ozdravljenih,correct
daljestvaril,incorrect
prvorojencev,correct
strinajsteri,incorrect
stanovitnega,correct
gospodaritev,incorrect
egiptovskemu,correct
moretehtanek,incorrect
neumrljivost,correct
nekodájevcev,incorrect
pripravljena,correct
odpotopajala,incorrect
zasledovanja,correct
upravljivega,incorrect
egiptovskega,correct
postarostijo,incorrect
zanesljivega,correct
prijetnikova,incorrect
dvanajsterim,correct
spotifájevih,incorrect
sposobnostjo,correct
doklepalnico,incorrect
neftálijevih,correct
gospodbujalo,incorrect
efrájimovimi,correct
zapusteljana,incorrect
povzdigovati,correct
