stimulus,correct_answer
ribe,incorrect
isla,correct
ocio,incorrect
voto,correct
inte,incorrect
zima,correct
enar,incorrect
mago,correct
nece,incorrect
útil,correct
blan,incorrect
once,correct
ciste,incorrect
mover,correct
carse,incorrect
camón,correct
taber,incorrect
zohar,correct
deció,incorrect
pasas,correct
sacer,incorrect
falta,correct
becer,incorrect
árabe,correct
imper,incorrect
tener,correct
mofar,incorrect
mozah,correct
memor,incorrect
bicri,correct
fugio,incorrect
techo,correct
victo,incorrect
toque,correct
entos,incorrect
yerra,correct
hacho,incorrect
matán,correct
simeo,incorrect
mudas,correct
table,incorrect
orará,correct
varon,incorrect
rocío,correct
derra,incorrect
nubes,correct
inoce,incorrect
lavar,correct
celes,incorrect
atado,correct
dicio,incorrect
nadas,correct
arque,incorrect
lunas,correct
cobar,incorrect
dimón,correct
alias,incorrect
actuó,correct
conco,incorrect
deseó,correct
hermo,incorrect
faltó,correct
fortó,incorrect
sobró,correct
gener,incorrect
rodea,correct
amabi,incorrect
adoró,correct
quena,incorrect
casen,correct
terros,incorrect
terror,correct
fuerto,incorrect
fueren,correct
marina,incorrect
corría,correct
cuella,incorrect
subían,correct
barhur,incorrect
muráis,correct
sierta,incorrect
morará,correct
enales,incorrect
curado,correct
notado,incorrect
debido,correct
puerte,incorrect
vuelve,correct
habién,incorrect
dijese,correct
engran,incorrect
marcha,correct
sental,incorrect
novena,correct
oracia,incorrect
oculto,correct
taleza,incorrect
tropas,correct
vidado,incorrect
baalat,correct
linará,incorrect
adulam,correct
orillo,incorrect
fieras,correct
erande,incorrect
tendía,correct
cuarte,incorrect
serían,correct
congre,incorrect
bebéis,correct
obedeo,incorrect
juntos,correct
causto,incorrect
metido,correct
reciad,incorrect
quieta,correct
rostra,incorrect
aparta,correct
siempo,incorrect
prenda,correct
diendo,incorrect
cayado,correct
postro,incorrect
pasará,correct
adelan,incorrect
crecer,correct
hombra,incorrect
expiar,correct
abiene,incorrect
lloras,correct
derres,incorrect
cubren,correct
pecama,incorrect
tomase,correct
extran,incorrect
afirma,correct
inocer,incorrect
bondad,correct
corcha,incorrect
ponéis,correct
primir,incorrect
oraren,correct
averno,incorrect
echase,correct
alarme,incorrect
posada,correct
dición,incorrect
diezmo,correct
centud,incorrect
ligero,correct
apacen,incorrect
expuso,correct
cordia,incorrect
guiñan,correct
capada,incorrect
sartén,correct
ciudas,incorrect
hermas,correct
adulte,incorrect
ceñida,correct
difico,incorrect
densas,correct
sieron,incorrect
subido,correct
avanza,incorrect
cetura,correct
sierto,incorrect
seguir,correct
contes,incorrect
confín,correct
escura,incorrect
tercio,correct
hicien,incorrect
alegra,correct
rescan,incorrect
correr,correct
biendo,incorrect
echado,correct
tierro,incorrect
fueran,correct
fortas,incorrect
brevas,correct
probac,incorrect
darles,correct
tiendo,incorrect
perdió,correct
pierto,incorrect
amarga,correct
acorde,incorrect
mejore,correct
desave,incorrect
carbón,correct
seguntó,incorrect
vivirán,correct
capitan,incorrect
suceder,correct
abienda,incorrect
abatiré,correct
mundose,incorrect
pensado,correct
jecamos,incorrect
saalbim,correct
setenía,incorrect
detenía,correct
mañando,incorrect
sentaos,correct
cuellas,incorrect
cuentas,correct
autorio,incorrect
aumente,correct
becerás,incorrect
enviará,correct
donderé,incorrect
criadas,correct
baalgan,incorrect
juzguen,correct
moscado,incorrect
aceptos,correct
perdote,incorrect
perecer,correct
zeraían,incorrect
inclinó,correct
temorir,incorrect
temerás,correct
beremos,incorrect
veloces,correct
talezas,incorrect
gemidos,correct
terriba,incorrect
rociará,correct
incende,incorrect
comprar,correct
gemaron,incorrect
cuellos,correct
inocerá,incorrect
hallare,correct
pestido,incorrect
cananeo,correct
mediael,incorrect
llaméis,correct
tomandó,incorrect
vientos,correct
farisco,incorrect
obligue,correct
bestido,incorrect
zabdiel,correct
gordomo,incorrect
pedaías,correct
sacerle,incorrect
hacerlo,correct
cautiza,incorrect
acuerdo,correct
pequere,incorrect
cumplas,correct
firmáis,incorrect
hechura,correct
ancilia,incorrect
amistad,correct
exceles,incorrect
humilló,correct
posenta,incorrect
balanza,correct
diverio,incorrect
tejedor,correct
permino,incorrect
impulsó,correct
hasteis,incorrect
pararon,correct
palmeón,incorrect
costura,correct
evangel,incorrect
ajenjos,correct
seteció,incorrect
bahurim,correct
bautivo,incorrect
zapatos,correct
envejez,incorrect
recaerá,correct
muchado,incorrect
rogarte,correct
fuertos,incorrect
contada,correct
declará,incorrect
pusiere,correct
dejante,incorrect
alzaste,correct
santigo,incorrect
andarán,correct
espedar,incorrect
decline,correct
prisata,incorrect
señalad,correct
deciese,incorrect
despojo,correct
rotarlo,incorrect
moverán,correct
reducen,incorrect
cortada,correct
linable,incorrect
erraron,correct
temento,incorrect
amantes,correct
áspidió,incorrect
atentos,correct
josibia,incorrect
anulado,correct
josabes,incorrect
abrirán,correct
tomenzó,incorrect
parezca,correct
detenta,incorrect
hendida,correct
estaren,incorrect
entraré,correct
cambién,incorrect
padecen,correct
incipes,incorrect
recibió,correct
señando,incorrect
quisleu,correct
segarla,incorrect
cadenas,correct
puertes,incorrect
heredes,correct
treinte,incorrect
rodeado,correct
semencé,incorrect
madrugó,correct
desista,incorrect
estemos,correct
oriento,incorrect
guardad,correct
pientos,incorrect
clavada,correct
tiempre,incorrect
formado,correct
pretean,incorrect
mención,correct
lugareb,incorrect
acabara,correct
doliese,incorrect
cansado,correct
señador,incorrect
viniste,correct
hondole,incorrect
lejanos,correct
acosero,incorrect
morasen,correct
jóvenen,incorrect
lámpara,correct
haciese,incorrect
salvaje,correct
incipal,incorrect
esperar,correct
respoja,incorrect
bendita,correct
honderá,incorrect
sueltas,correct
premian,incorrect
soborno,correct
artesor,incorrect
danzaba,correct
murantó,incorrect
trenzas,correct
tachada,incorrect
tráelos,correct
escobar,incorrect
quitrón,correct
hacerdo,incorrect
palacio,correct
revemos,incorrect
tomaban,correct
dejanas,incorrect
turbado,correct
rechura,incorrect
tragáis,correct
princie,incorrect
enferma,correct
ángelio,incorrect
burlaré,correct
tierred,incorrect
expiará,correct
espetuo,incorrect
cademot,correct
veniles,incorrect
moraban,correct
resplén,incorrect
intentó,correct
tiaremo,incorrect
saquear,correct
vestinos,incorrect
juzgando,correct
tenienda,incorrect
procuras,correct
enfrenda,incorrect
sepultar,correct
obligaré,incorrect
pelearon,correct
cuándola,incorrect
hirieren,correct
memorirá,incorrect
vuélvase,correct
bitiaras,incorrect
acércame,correct
validado,incorrect
falsearé,correct
magistro,incorrect
revocaré,correct
hosperte,incorrect
pudieren,correct
tempeñen,incorrect
temprana,correct
pregundo,incorrect
pregunta,correct
hastarán,incorrect
vestirás,correct
ahiramos,incorrect
acusarle,correct
pondidos,incorrect
benditos,correct
autorios,incorrect
limpiaré,correct
banquilo,incorrect
alejarás,correct
abstenta,incorrect
cimiento,correct
palación,incorrect
bezaleel,correct
hecharas,incorrect
montarán,correct
escritus,incorrect
enseñara,correct
llorable,incorrect
pensaron,correct
rincipes,incorrect
excluido,correct
dineroso,incorrect
injustos,correct
produjer,incorrect
probarle,correct
habienes,incorrect
hablarán,correct
tahaniel,incorrect
fugitivo,correct
siquidad,incorrect
alboroto,correct
engrande,incorrect
padecerá,correct
gobierto,incorrect
temblará,correct
esforzan,incorrect
majestad,correct
cabrazos,incorrect
terrados,correct
cuerdote,incorrect
terrores,correct
manentes,incorrect
consejos,correct
eternado,incorrect
durmiere,correct
diligera,incorrect
diademas,correct
derrente,incorrect
enojaron,correct
prevalec,incorrect
promesas,correct
monteció,incorrect
hubieron,correct
guerando,incorrect
buscadme,correct
jahazado,incorrect
avanzada,correct
movienen,incorrect
metiendo,correct
tierrame,incorrect
guardada,correct
diverior,incorrect
fuésemos,correct
quieneno,incorrect
engañoso,correct
negligen,incorrect
perplejo,correct
norteció,incorrect
honrando,correct
tierramó,incorrect
volverás,correct
cánticia,incorrect
ayúdanos,correct
poquinta,incorrect
coyundas,correct
chachado,incorrect
párpados,correct
adenaron,incorrect
acabarán,correct
anguinas,incorrect
tropiezo,correct
frutando,incorrect
estaréis,correct
pilatáis,incorrect
lloraste,correct
compensa,incorrect
encallar,correct
sirofeta,incorrect
pariente,correct
sangregó,incorrect
acostada,correct
cavaricó,incorrect
publican,correct
antemplo,incorrect
ofrezcan,correct
relumies,incorrect
repudiar,correct
atentanas,incorrect
aprendido,correct
traigando,incorrect
aceptaron,correct
asolación,incorrect
cubrieron,correct
nuestrará,incorrect
guardarán,correct
holocausa,incorrect
aromático,correct
vierencia,incorrect
escuderos,correct
diciendas,incorrect
esperando,correct
innumeras,incorrect
vituperio,correct
tierraste,incorrect
guardaste,correct
posentado,incorrect
semblante,correct
seguntado,incorrect
sepultado,correct
espedazos,incorrect
poseyeron,correct
llantaron,incorrect
permitido,correct
capitando,incorrect
cumplirse,correct
semillará,incorrect
reprendió,correct
trajeroso,incorrect
levantase,correct
dosciendo,incorrect
rogándole,correct
oprobarde,incorrect
plantarás,correct
voluntará,incorrect
descender,correct
pusiervos,incorrect
encenderá,correct
molocausa,incorrect
huérfanos,correct
tribución,incorrect
viviremos,correct
propiezas,incorrect
impetuoso,correct
dieciosos,incorrect
declarado,correct
vuestruye,incorrect
izquierda,correct
montecerá,incorrect
llamaréis,correct
veinticia,incorrect
escribirá,correct
berilidad,incorrect
demasiado,correct
diesencia,incorrect
corriente,correct
zebedezca,incorrect
conociste,correct
cuentanas,incorrect
invocando,correct
tomarones,incorrect
bendecido,correct
profetado,incorrect
entregaba,correct
pecarones,incorrect
hojaldres,correct
apaciones,incorrect
fortaleza,correct
voluntare,incorrect
arrancará,correct
hablabado,incorrect
resuciten,correct
encargase,incorrect
inflamada,correct
acontigos,incorrect
muchachos,correct
moabitaba,incorrect
esforzará,correct
regonarás,incorrect
divididas,correct
valecitas,incorrect
anduviste,correct
saltecerá,incorrect
soberbios,correct
frendaste,incorrect
abominado,correct
adultemor,incorrect
lloraréis,correct
multituyó,incorrect
cumplirán,correct
atristeos,incorrect
platillos,correct
hablancas,incorrect
desposado,correct
escribama,incorrect
dedicarse,correct
palabarle,incorrect
numerosas,correct
avaricado,incorrect
esparcido,correct
imágenera,incorrect
artífices,correct
velantaré,incorrect
madrugada,correct
hermanera,incorrect
apartaron,correct
celención,incorrect
terremoto,correct
sosiervos,incorrect
lebrillos,correct
castiales,incorrect
tomaremos,correct
vuelencia,incorrect
partícipe,correct
quisistir,incorrect
tropiezos,correct
gratonita,incorrect
convertir,correct
miemblaba,incorrect
predicaba,correct
maquiente,incorrect
ofuscarán,correct
tantesado,incorrect
aprendáis,correct
santarlos,incorrect
mostrando,correct
pongación,incorrect
escarlata,correct
nacionado,incorrect
veintiuno,correct
nadarones,incorrect
despojaos,correct
saharaste,incorrect
supierais,correct
vecesaría,incorrect
engendren,correct
suspirase,incorrect
convierta,correct
nuestruye,incorrect
grandezas,correct
puedentro,incorrect
estuviste,correct
broncorre,incorrect
enemistad,correct
tonsumiel,incorrect
devorarla,correct
guerrenas,incorrect
mostrarás,correct
rediquece,incorrect
acueducto,correct
invaliero,incorrect
corruptos,correct
préstitud,incorrect
anhelaban,correct
cuantanas,incorrect
abriremos,correct
pídemetió,incorrect
empapados,correct
libraremos,incorrect
adoraremos,correct
diferezcas,incorrect
esforzados,correct
prontonces,incorrect
solemnidad,correct
consisteos,incorrect
constituyó,correct
encomeréis,incorrect
encaminado,correct
recompañía,incorrect
recibiréis,correct
conocentar,incorrect
parecieren,correct
jericordia,incorrect
degollaron,correct
palabrasar,incorrect
engendrare,correct
desearemos,incorrect
benignidad,correct
siguierdad,incorrect
jornaleros,correct
invocación,incorrect
pequeñitos,correct
tresciendo,incorrect
juntándose,correct
carrojarte,incorrect
multitudes,correct
envejecutó,incorrect
murmuraban,correct
pelearones,incorrect
sepultaron,correct
sirviendas,incorrect
encenderán,correct
seisciendo,incorrect
abelmehola,correct
carnaleros,incorrect
espaldilla,correct
corriencia,incorrect
reprendido,correct
encendimia,incorrect
insensatas,correct
maltrajero,incorrect
desfallece,correct
enealogían,incorrect
sempiterno,correct
voluntarán,incorrect
sacrificar,correct
entoncella,incorrect
engendrado,correct
gritoridad,incorrect
corrompido,correct
brazonamim,incorrect
fortalezas,correct
barrastros,incorrect
escribirás,correct
vendenarás,incorrect
entendidas,correct
ayunarones,incorrect
ayunasteis,correct
horrentado,incorrect
mirándolos,correct
espíritura,incorrect
espiritual,correct
acerdonada,incorrect
aprendiere,correct
acordiante,incorrect
escuchando,correct
levaricias,incorrect
esparcidos,correct
testiduría,incorrect
ejercieron,correct
quiriatura,incorrect
tesalónica,correct
nuestruido,incorrect
entregaron,correct
vuestrarán,incorrect
levantaste,correct
expresentó,incorrect
arruinadas,correct
dispérates,incorrect
enojándole,correct
costumbral,incorrect
resucitado,correct
sirvientró,incorrect
aborrecida,correct
princiendo,incorrect
humillaron,correct
mientonces,incorrect
mahalaleel,correct
quemisteis,incorrect
conspirado,correct
últimonios,incorrect
congregará,correct
abominacim,incorrect
adulterios,correct
hablarones,incorrect
continuaba,correct
doministra,incorrect
movimiento,correct
prosetgoim,incorrect
conozcamos,correct
escápatero,incorrect
desjarretó,correct
memorizaos,incorrect
anunciaron,correct
abominacio,incorrect
pisoteados,correct
fuentación,incorrect
destrozada,correct
primientes,incorrect
espantados,correct
diciencian,incorrect
dispersare,correct
escripcios,incorrect
revolcarse,correct
buscarrojó,incorrect
recordados,correct
viendencia,incorrect
diversidad,correct
sucedernan,incorrect
encerrados,correct
cabezalete,incorrect
recompensa,correct
dierencian,incorrect
despidiera,correct
armastecen,incorrect
pedregales,correct
vuestruiré,incorrect
predicaban,correct
egipciosas,incorrect
humillaste,correct
montezcáis,incorrect
sacrilegio,correct
vuestruirá,incorrect
perversión,correct
zorrantano,incorrect
baalhermón,correct
séptimonio,incorrect
edifíquese,correct
llevangeles,incorrect
anduvisteis,correct
tropeándose,incorrect
campanillas,correct
pregundaste,incorrect
levantaréis,correct
gusticiales,incorrect
veinticinco,correct
andamientre,incorrect
santificada,correct
redimientos,incorrect
reconocerán,correct
corrompetuo,incorrect
corrompidos,correct
gobernáculo,incorrect
sacrificado,correct
tengordarás,incorrect
prosperarás,correct
trompensaje,incorrect
autoridades,correct
tropiciales,incorrect
aparezcamos,correct
perdicienta,incorrect
fortificada,correct
cercadentre,incorrect
aborreciere,correct
andamiencia,incorrect
justificáis,correct
entregación,incorrect
fortalecerá,correct
fundicieron,incorrect
debilidades,correct
turbaciones,incorrect
alrededores,correct
cuandonaron,incorrect
confortaron,correct
revocadorar,incorrect
asechadores,correct
tristernado,incorrect
permanentes,correct
hicientanas,incorrect
obligasteis,correct
sangregales,incorrect
haciéndonos,correct
pestificaos,incorrect
santificaos,correct
sobernáculo,incorrect
convertirse,correct
desprecibís,incorrect
trasvasarán,correct
monteceréis,incorrect
anduviereis,correct
irritoridas,incorrect
multiplique,correct
grandecerra,incorrect
competentes,correct
puestrozado,incorrect
atemoricéis,correct
establaréis,incorrect
bendiciones,correct
vuestruidad,incorrect
profundidad,correct
vientonario,incorrect
encomendaba,correct
estoridades,incorrect
mandrágoras,correct
descendigno,incorrect
degolladero,correct
sobernadora,incorrect
quebrantare,correct
nuestrozada,incorrect
escarnezcan,correct
rejuventura,incorrect
esfuércense,correct
apartíficen,incorrect
fundamentos,correct
dondenciare,incorrect
adulterando,correct
extranquete,incorrect
invalidarse,correct
agradadriel,incorrect
lamentación,correct
iniquierdan,incorrect
dispersarán,correct
edifiqueció,incorrect
siguiéndola,correct
andamiencio,incorrect
influyentes,correct
tierrastora,incorrect
descarriado,correct
séptimonios,incorrect
setarboznai,correct
númeroditas,incorrect
casualmente,correct
cámaraviláis,incorrect
aborreceréis,correct
vivientonces,incorrect
primogénitos,correct
caminaciones,incorrect
multiplicado,correct
carpintierra,incorrect
disoluciones,correct
invertiremos,incorrect
descendiendo,correct
atrayéndolos,incorrect
transportada,correct
procureciere,incorrect
prevaricaron,correct
respondencia,incorrect
esconderemos,correct
inmundiciere,incorrect
escuchándola,correct
confiandaban,incorrect
maravillaban,correct
justicipales,incorrect
enseñorearon,correct
perminadoren,incorrect
fortificados,correct
naricaciones,incorrect
endemoniados,correct
rebatalladas,incorrect
santificarás,correct
opresalónice,incorrect
avergonzados,correct
sacerseveren,incorrect
menoscabadas,correct
rocientonces,incorrect
escupiéndole,correct
aboministeza,incorrect
santificarme,correct
testimulante,incorrect
glorificaban,correct
nunciémoslas,incorrect
corresponden,correct
nuestrucción,incorrect
desecháremos,correct
cientoncella,incorrect
entregaremos,correct
vestimoniosa,incorrect
determinados,correct
ofrecibierto,incorrect
contaminarse,correct
mezclaración,incorrect
innumerables,correct
vuestrasteis,incorrect
amonestaréis,correct
vuestrucción,incorrect
encerrándose,correct
confiandabas,incorrect
desempeñaban,correct
tiberturales,incorrect
calzoncillos,correct
taberaciaste,incorrect
enseñándonos,correct
manseúntenta,incorrect
destructores,correct
dicincontigo,incorrect
enorgullezca,correct
obedelitarme,incorrect
embalsamaron,correct
sobrezaderes,incorrect
concertareis,correct
familiandato,incorrect
rejuvenezcas,correct
vuestrumento,incorrect
acometeremos,correct
serpientonces,incorrect
desfallecerán,correct
corrientonces,incorrect
murmuraciones,correct
salentendimos,incorrect
incontaminada,correct
acerdotestigo,incorrect
vanagloriosos,correct
durmientonces,incorrect
embriagándose,correct
contransporta,incorrect
decimotercero,correct
suculebrantes,incorrect
apesadumbrado,correct
matarbonanías,incorrect
repartimiento,correct
salmodillaron,incorrect
menospreciáis,correct
corazonestido,incorrect
colaboradores,correct
frentamargura,incorrect
aterrorizaron,correct
