stimulus,correct_answer
tisa,incorrect
lobo,correct
kulu,incorrect
sini,correct
inga,incorrect
tati,correct
yili,incorrect
muti,correct
ubhe,incorrect
luze,correct
lavu,incorrect
kuva,correct
ungu,incorrect
ehle,correct
seni,incorrect
walo,correct
loli,incorrect
wala,correct
atse,incorrect
ashe,correct
tambo,incorrect
nguwo,correct
sheya,incorrect
aveni,correct
abesa,incorrect
ekufa,correct
ngana,incorrect
abeka,correct
endvo,incorrect
abeme,correct
yahla,incorrect
tidle,correct
lupho,incorrect
ufune,correct
bangu,incorrect
nango,correct
acini,incorrect
ucale,correct
indvo,incorrect
hasha,correct
nkulu,incorrect
isale,correct
ngelo,incorrect
alelo,correct
ninga,incorrect
gudvu,correct
lasiko,incorrect
lekute,correct
talela,incorrect
sicela,correct
saloku,incorrect
sandza,correct
lonela,incorrect
letako,correct
ngepha,incorrect
ngiphe,correct
sisiwe,incorrect
sifile,correct
wetfwa,incorrect
lemibi,correct
wahelo,incorrect
bamane,correct
kulini,incorrect
kunami,correct
iyenti,incorrect
nibuke,correct
nalisa,incorrect
besuse,correct
indvwa,incorrect
kuleso,correct
lelini,incorrect
lowase,correct
bekubo,incorrect
geberi,correct
livika,incorrect
liviki,correct
segomo,incorrect
yeyise,correct
nebaba,incorrect
nakuwe,correct
ubongo,incorrect
alenta,correct
wabini,incorrect
kubuka,correct
sibuti,incorrect
nasike,correct
sisusi,incorrect
tisuka,correct
niveta,incorrect
lofisa,correct
lisiwe,incorrect
neluju,correct
angana,incorrect
ungena,correct
bekela,incorrect
nanome,correct
bacali,incorrect
bavusa,correct
atenti,incorrect
unatsa,correct
niyane,incorrect
niyala,correct
impeli,incorrect
tesaba,correct
lengca,incorrect
tibeka,correct
yenayo,incorrect
naweke,correct
labeni,incorrect
ashiya,correct
njenga,incorrect
uhamba,correct
letela,incorrect
akhisa,correct
ashayo,incorrect
abhala,correct
wayeni,incorrect
kunabo,correct
kukhri,incorrect
kufaka,correct
meroni,incorrect
achaza,correct
leseni,incorrect
ingaba,correct
wekubi,incorrect
nemana,correct
sewuli,incorrect
lamave,correct
lusela,incorrect
aphuya,correct
silime,incorrect
naleta,correct
lesise,incorrect
siyalu,correct
lengwa,incorrect
labona,correct
lesasa,incorrect
bafika,correct
kwenti,incorrect
aphume,correct
lubeni,incorrect
salawa,correct
egitha,incorrect
eanoni,correct
wasuku,incorrect
babuye,correct
labawu,incorrect
atsite,correct
imcolo,incorrect
belive,correct
tinhla,incorrect
sesabe,correct
ugcili,incorrect
aeseri,correct
yakeni,incorrect
besono,correct
unguza,incorrect
ninalo,correct
ngapha,incorrect
yelula,correct
esipha,incorrect
nyanga,correct
uyango,incorrect
sewaba,correct
imitse,incorrect
wesuke,correct
sewutfo,incorrect
sewutsi,correct
nadisho,incorrect
nagcina,correct
ingwane,incorrect
kuncoba,correct
lotsini,incorrect
lingabe,correct
bodzana,incorrect
butjoki,correct
longolo,incorrect
yetimvu,correct
utifari,incorrect
lilinye,correct
ngekile,incorrect
takakhe,correct
laliswa,incorrect
tigcili,correct
kahleni,incorrect
atawube,correct
lomfisi,incorrect
ngitele,correct
bantfwa,incorrect
batsini,correct
phekiso,incorrect
tinselo,correct
wadzile,incorrect
yahlala,correct
losanga,incorrect
nishise,correct
akamisa,incorrect
sakitsi,correct
bonkulu,incorrect
angiphe,correct
kanyele,incorrect
ayawube,correct
ingatfu,incorrect
kushada,correct
uyayeli,incorrect
utihola,correct
uyitolo,incorrect
yemfica,correct
nidzana,incorrect
lodlako,correct
uyawulo,incorrect
nangala,correct
sankulu,incorrect
timbili,correct
yankulu,incorrect
sihlale,correct
wankulu,incorrect
sicedze,correct
bantfwi,incorrect
sikhalo,correct
kutsana,incorrect
ngendze,correct
munyelo,incorrect
sengibe,correct
aphepho,incorrect
angadli,correct
sihlambu,incorrect
tihlahla,correct
angizimu,incorrect
abebitwa,correct
kugulako,incorrect
wagibela,correct
kutawulo,incorrect
tinkhomo,correct
lenshona,incorrect
nemswane,correct
umnakami,incorrect
balekani,correct
lemahabi,incorrect
yayivele,correct
lilitiyo,incorrect
lasetulu,correct
akhohane,incorrect
ungivile,correct
nekubulo,incorrect
nesililo,correct
kanyelwe,incorrect
ningasho,correct
ngimitha,incorrect
abatsela,correct
nemphike,incorrect
yemphilo,correct
nankhulu,incorrect
tengcebo,correct
asewutsa,incorrect
atidlova,correct
watfunti,incorrect
batfumba,correct
yabufake,incorrect
nasifika,correct
umphongo,incorrect
waserama,correct
tetibusi,incorrect
tetivini,correct
lolunywa,incorrect
bakhonta,correct
nemehlwe,incorrect
timsulwa,correct
ngibambi,incorrect
nemnyele,correct
langanye,incorrect
tihlanye,correct
umphende,incorrect
lowesaba,correct
tintiswa,incorrect
nakuyise,correct
asihlata,incorrect
ekungena,correct
ngagcili,incorrect
lomisiwe,correct
nenhleki,incorrect
batfutsa,correct
lukhumbu,incorrect
nikholwe,correct
sehlanga,incorrect
nahavila,correct
nelufuna,incorrect
tebafati,correct
uhambeki,incorrect
ningakha,correct
letigezo,incorrect
nesiyilo,correct
abazalwa,incorrect
besukela,correct
kwaswele,incorrect
kwathula,correct
ethendvo,incorrect
itfumela,correct
nihlanga,incorrect
edlizeni,correct
iminyawo,incorrect
ebukhosi,correct
netindvo,incorrect
lamandla,correct
iyinjini,incorrect
atfokote,correct
nanivini,incorrect
emanyeva,correct
entsatfu,incorrect
iyawutsi,correct
unguluta,incorrect
ematfuba,correct
watfonsi,incorrect
bakadani,correct
nagogeni,incorrect
naabrama,correct
niyisako,incorrect
emabombo,correct
kunguera,incorrect
bomanowa,correct
neyekoma,incorrect
netivuno,correct
amushaki,incorrect
bodvwana,correct
nanandze,incorrect
lensizwa,correct
belidimu,incorrect
laligugu,correct
dzadzebe,incorrect
siyawuya,correct
sesidzile,incorrect
sasikhona,correct
lokuhleni,incorrect
nemakhosi,correct
leminyane,incorrect
leyentiwa,correct
webahlanu,incorrect
naphilatu,correct
ngeniseke,incorrect
yekubonga,correct
usindvula,incorrect
usindzise,correct
yesikhuni,incorrect
yayihlala,correct
tiyalweni,incorrect
kukhishwa,correct
wesinyawo,incorrect
belitfusi,correct
lokutipha,incorrect
netimbuti,correct
lokwesive,incorrect
ngaboshwa,correct
bantfwalo,incorrect
titsandza,correct
naseanana,incorrect
netikhala,correct
lembulani,incorrect
lakushoko,correct
silwandla,incorrect
tintsambo,correct
lokumnake,incorrect
letidalwa,correct
titukulwa,incorrect
yebukhona,correct
emfulatsi,incorrect
kuphumula,correct
nakwetile,incorrect
etaliyane,correct
yibhacela,incorrect
lophelele,correct
sivumelwa,incorrect
batalelwa,correct
inhlekele,incorrect
wadzabuka,correct
nitewusha,incorrect
nitentele,correct
imibhalwe,incorrect
utsengisa,correct
yebunkulu,incorrect
netithico,correct
locotwako,incorrect
yavutsela,correct
emgedzele,incorrect
wamtsatsa,correct
waphikelo,incorrect
wangiyisa,correct
kwefikile,incorrect
abaphetse,correct
utselweni,incorrect
kwelilati,correct
nebantfwa,incorrect
abuyisele,correct
lentfwaba,incorrect
kwebulima,correct
lokushoni,incorrect
netihloko,correct
bayatihle,incorrect
wamehlisa,correct
lomfeloku,incorrect
yemaamori,correct
kwakuneka,incorrect
ekusimisa,correct
umhlukani,incorrect
selidzili,correct
lesawutsa,incorrect
akapulute,correct
ningaloke,incorrect
uyewubuta,correct
emacondze,incorrect
tincabule,correct
esihlanye,incorrect
tintsatfu,correct
emavikelo,incorrect
ngebucili,correct
bekunatfo,incorrect
nekuncoba,correct
etindzani,incorrect
etindlebe,correct
sabekweli,incorrect
lemikhuba,correct
siyawuphi,incorrect
umkhondvo,correct
letimvuma,incorrect
lekutsiwa,correct
nginiyumi,incorrect
netematje,correct
velekiswa,incorrect
yalotsite,correct
tsinikelo,incorrect
lwemncumo,correct
ekufanela,incorrect
titebhisi,correct
liyetikwa,incorrect
nentfutfu,correct
kumgalibo,incorrect
laluhlata,correct
ngaticine,incorrect
nengucuko,correct
hhawukana,incorrect
ingeniswe,correct
ngagcwabi,incorrect
ngehlelwe,correct
emkhatama,incorrect
ekwakhiwa,correct
hhayimisa,incorrect
sasichaza,correct
iyawunako,incorrect
edlelweni,correct
ingcwelela,incorrect
ingcoliswe,correct
siyaselela,incorrect
loluvamile,correct
lelibutele,incorrect
lesiholela,correct
nitifanele,incorrect
lasebhethi,correct
kukutfumba,incorrect
washekhemu,correct
seligibele,incorrect
nayendlula,correct
letilimate,incorrect
nekukhonta,correct
nikhumbuso,incorrect
tetintsaba,correct
yesitfwaba,incorrect
netingwazi,correct
lamthandla,incorrect
lomnumzane,correct
nitingwane,incorrect
asensikeni,correct
senimikisa,incorrect
lesigijimi,correct
sebavikelo,incorrect
leliciniso,correct
kushongolo,incorrect
ngumnaziri,correct
ikhotsamba,incorrect
uphendvule,correct
sihlatjela,incorrect
lofundzisa,correct
yasihlanye,incorrect
babefanele,correct
emhlabanye,incorrect
behlulelwa,correct
nemamidizo,incorrect
wesikhwele,correct
nangilidle,incorrect
letivunule,correct
litjelwane,incorrect
ngetincola,correct
yinkhosini,incorrect
etichemeni,correct
bacindzawo,incorrect
kumphristi,correct
lihhashani,incorrect
lobatfumbe,correct
labebikelo,incorrect
nasemukela,correct
laphandazo,incorrect
akushisele,correct
ngekumehlo,incorrect
bengihamba,correct
letinyonyo,incorrect
nangesheya,correct
ekuphukulu,incorrect
ekulungeni,correct
bakulamane,incorrect
yangitjela,correct
bayalandvo,incorrect
yayiphetse,correct
lekunekisi,incorrect
seyiyonkhe,correct
yawukwatsi,incorrect
banemandla,correct
isivumbuso,incorrect
useluswane,correct
ngemlomoni,incorrect
lesikhatsi,correct
akubharamu,incorrect
nebatsenwa,correct
lwembusisa,incorrect
ngitfunywe,correct
aphindzela,incorrect
ayewuhlala,correct
amvumelane,incorrect
utfolakale,correct
letinyange,incorrect
lesitfupha,correct
akulenyoko,incorrect
atselekela,correct
benethashi,incorrect
akuchamuki,correct
leyandzele,incorrect
ngemcakaco,correct
nemlotsiwa,incorrect
uyacitseka,correct
emakhandle,incorrect
angcwatjwa,correct
kabulisiya,incorrect
asengakafi,correct
tigogodvwa,incorrect
lobesabako,correct
senicinile,incorrect
semhebheru,correct
emhlophilo,incorrect
siliphunga,correct
emvakasoki,incorrect
maisrayeli,correct
lemibusise,incorrect
letasakata,correct
edlelabeni,incorrect
nalamajiva,correct
bufakwente,incorrect
nikhutsale,correct
khashayeli,incorrect
bayawufela,correct
bativamile,incorrect
semasiriya,correct
yatsengini,incorrect
waphambuka,correct
laluhlatje,incorrect
wasukumela,correct
ningahlase,incorrect
ahlalisene,correct
wakhushiwo,incorrect
basendlini,correct
indluzungu,incorrect
lwemafutsa,correct
nimhlubuna,incorrect
kulungiswe,correct
umgcabanca,incorrect
wayihlenga,correct
edvutekene,incorrect
niyikhonte,correct
atungekako,incorrect
kuyawufuna,correct
lemibomyeni,incorrect
lekutithico,correct
temasinyawo,incorrect
etindleleni,correct
tasiphelela,incorrect
lakuboniswa,correct
emkhatimiso,incorrect
tiyawukhala,correct
lemibhelani,incorrect
seyiniketwe,correct
sasinyawela,incorrect
lekubhulela,correct
kwetsembili,incorrect
etikhatsini,correct
wesitjulile,incorrect
nangenhloko,correct
ngematsatse,incorrect
ngemakamelo,correct
esihhancane,incorrect
etitaladini,correct
babacedzele,incorrect
lesedvutane,correct
ningasolomo,incorrect
sengikhetse,correct
longolotabo,incorrect
lesakhelene,correct
kwemtfumile,incorrect
leyehlukene,correct
yesibintalo,incorrect
emphangweni,correct
phandzaweni,incorrect
letingilosi,correct
entsatsatfu,incorrect
uyawunikela,correct
ngakungelwa,incorrect
yemabhubesi,correct
asihlanteka,incorrect
ngiyawumisa,correct
uyewufikelo,incorrect
nekucitseka,correct
kutewugezwe,incorrect
sitewunatsa,correct
lasimamitha,incorrect
abakhombisa,correct
ahlalishuma,incorrect
kwemakamela,correct
neyemikhona,incorrect
netingwadla,correct
esikhwelako,incorrect
uyawulahlwa,correct
bewungelele,incorrect
nelutsandvo,correct
longidladli,incorrect
longacimeki,correct
bemhlabambu,incorrect
wasihlalisa,correct
bakulipheka,incorrect
yasehamathi,correct
nitatehliso,incorrect
nashimshayi,correct
umvunyisana,incorrect
seyilungele,correct
lomhlazange,incorrect
nalabadzala,correct
bafiliyatha,incorrect
labelungele,correct
lomlahlambu,incorrect
ngekungipha,correct
emafutsango,incorrect
ngitawubuya,correct
akaniphatri,incorrect
utembatsise,correct
tisemtsenwa,incorrect
umcibisholo,correct
njengekhaya,incorrect
amphendvula,correct
kodvwangana,incorrect
ungumnakenu,correct
kutawushune,incorrect
bayewubutsa,correct
ayawujikile,incorrect
abesadzinwe,correct
ajethempeli,incorrect
emigwacweni,correct
lubalenteni,incorrect
libambelele,correct
phandathire,incorrect
labatingela,correct
nhlambiliso,incorrect
amembatsisa,correct
lijokneyasi,incorrect
kulencwadzi,correct
tesibhakadze,incorrect
bekutinhloko,correct
kwakhandzisa,incorrect
asesebhacile,correct
nemtimbeneka,incorrect
kwayawushona,correct
nekusendvula,incorrect
sasibonakala,correct
encwadzimate,incorrect
telithempeli,correct
yekuhlungeke,incorrect
lesiphambene,correct
litsatfumile,incorrect
lesendlulile,correct
newakajayiru,incorrect
newasemediya,correct
lamadvonsele,incorrect
tikhuluphele,correct
semazinyatsi,incorrect
lakaisrayeli,correct
nangetitjeli,incorrect
nangekulunga,correct
leyayifafati,incorrect
tiyawukhonta,correct
wangumuphila,incorrect
wangiletsela,correct
kubondzaweni,incorrect
nalemitsetfo,correct
kubabekwenti,incorrect
yayawulalela,correct
kutfumelwane,incorrect
tamphendvula,correct
wawaphendeni,incorrect
loyikhombisa,correct
lokukhetselo,incorrect
nalemigezelo,correct
ngatinibhali,incorrect
ngiyakugcoba,correct
sebukhohloni,incorrect
bayawukondza,correct
bakahaseyise,incorrect
basendleleni,correct
yahloniphila,incorrect
welithempeli,correct
ngemahabothe,incorrect
ngiyakwelula,correct
babasebhetho,incorrect
wabalandzisa,correct
bengamvumela,incorrect
nekubeketela,correct
ngemlonyente,incorrect
angikafaneli,correct
imphahlalisa,incorrect
netindvwangu,correct
ekuphandlala,incorrect
esisebentini,correct
abengcemenye,incorrect
tekuletfwala,correct
kuhluphekisi,incorrect
lesingatseli,correct
neminyangimi,incorrect
ngetintsambo,correct
ayawumbekile,incorrect
ningakhohlwa,correct
tasebukholwe,incorrect
sesisondzele,correct
wakhuphuyile,incorrect
nangaphandle,correct
nankulungise,incorrect
kutawungcola,correct
najasheshave,incorrect
leyesabisako,correct
ngitawuphako,incorrect
ngendvudvuto,correct
akafananakhe,incorrect
nginitjelile,correct
tonakahezeki,incorrect
labesenkambu,correct
lelalinganye,incorrect
leyikwentako,correct
alaligugeshe,incorrect
ekusihlasela,correct
nekukhontiyo,incorrect
letimbongolo,correct
umtiyawufeza,incorrect
nemifanekiso,correct
esowanikhipa,incorrect
nemphumelelo,correct
utimishukile,incorrect
namakhelwane,correct
natiyibondzi,incorrect
wasemikmashi,correct
ebudlovundze,incorrect
sekwehlulela,correct
usebengiyani,incorrect
asegalathiya,correct
emlingcisisi,incorrect
leyayimelene,correct
siyawutsatfwe,incorrect
kuyawutsatfwa,correct
siyabhidlitwe,incorrect
lekusebentisa,correct
netincitsetfo,incorrect
nangemsebenti,correct
babekwentiswa,incorrect
setitfolakele,correct
ngakucalekela,incorrect
lengusomandla,correct
kwatikhashaya,incorrect
atekukhumbula,correct
emagamapulede,incorrect
ngitakuholela,correct
nangelibutele,incorrect
labangalaleli,correct
ngicindzaweni,incorrect
ekuhlambulula,correct
niyawuhlolile,incorrect
niyawukhandza,correct
nangimibondze,incorrect
longahloniphi,correct
wasiphefumula,incorrect
kutewuncamuka,correct
lengihlazweni,incorrect
ngitayinikela,correct
ningibelibito,incorrect
ningesatjiswa,correct
lwetihhanciwe,incorrect
usigcwalisile,correct
nekukhubatiko,incorrect
yayisingatfwe,correct
ngawafundziso,incorrect
ngatijikijela,correct
bakulenikutsi,incorrect
netakahakhosi,correct
ngisesangakho,incorrect
ngalembulelwa,correct
seningilifiki,incorrect
babakhalimela,correct
wabengakwenta,incorrect
lowetsenjiswa,correct
yesingalimate,incorrect
ingasenalutfo,correct
yinkhankhanya,incorrect
lengikufunako,correct
neliwungcwele,incorrect
tebakahebroni,correct
emabhujishumi,incorrect
letakhulunywa,correct
letilahlilele,incorrect
tekuvimbetela,correct
nitsatfungobe,incorrect
usengakatalwa,correct
satsatfukutsi,incorrect
sewungumuntfu,correct
basekukhalelo,incorrect
naseyiphelile,correct
kanyetimikisa,incorrect
uyawuyifafata,correct
batewukanipha,incorrect
letatilawulwe,correct
kungelitfombe,incorrect
yetinhlupheko,correct
kwabakukwenti,incorrect
iyawutembatsa,correct
emakhuphondvo,incorrect
tiyawuphindze,correct
letimsulwangu,incorrect
sewunjengatsi,correct
emkhandlebesi,incorrect
nekubambelela,correct
lokhisamariya,incorrect
nasesihosheni,correct
balangavunule,incorrect
lingakonakali,correct
akhehletindla,incorrect
babewatfobela,correct
ukhulumakhani,incorrect
ikhutsatekile,correct
ihlahlawulani,incorrect
ekubhujisweni,correct
mnumzalwandla,incorrect
imphindziselo,correct
loyawukwehabi,incorrect
leyawukhetfwa,correct
yesihhancandza,incorrect
tasethempelini,correct
lekubutsatsela,incorrect
basesegibhithe,correct
lecengekushiwo,incorrect
emvakweminyaka,correct
imphindzawenta,incorrect
netintsandzane,correct
bayawubalekece,incorrect
batewubuyisela,correct
utibhabhubhise,incorrect
kulakaefrayimu,correct
akasabongaseni,incorrect
niyintalelwane,correct
batsatsatsatfu,incorrect
basesendleleni,correct
yakhotsandlala,incorrect
labamtsandzako,correct
silivangehlisa,incorrect
letikhuluphele,correct
naseeliminyaka,incorrect
nasenimtfolile,correct
lengamkhipheka,incorrect
losesikhatsini,correct
manjengendlini,incorrect
tatfukutselela,correct
eluhlangakatsi,incorrect
njengekutalana,correct
lokuhlasesitsi,incorrect
lengitawuyanga,correct
bawonyentileni,incorrect
watihlanganisa,correct
budzatjuliyudi,incorrect
bekunesiboshwa,correct
nanigidzigidza,incorrect
lesivunguvungu,correct
kuhambenengele,incorrect
titewuphiliswa,correct
ngakubumbekile,incorrect
labasitondzako,correct
wakhulungasene,incorrect
sikhombandlela,correct
lowayingelwane,incorrect
lekwakunguyona,correct
hhayinemnakeva,incorrect
abengakukhonta,correct
uyawubulilinye,incorrect
etiphambukweni,correct
seokhishamitha,incorrect
bayawuwatsatsa,correct
bahhushwebhula,incorrect
etibhelekeceni,correct
yikhidronikelo,incorrect
esivumelwaneni,correct
inhlungiliphuma,incorrect
wasenshonalanga,correct
atizangemnyango,incorrect
uyakuyisindzisa,correct
netetintsabatsi,incorrect
labesaneminyaka,correct
kwakuniketandla,incorrect
ngiyakuyibulala,correct
waphelisindzeli,incorrect
lesingumhebheru,correct
lasikabatilahle,incorrect
lengakukhombisa,correct
yapherebiyezeri,incorrect
nasenhlitiyweni,correct
nakukalungibona,incorrect
lesisemkhatsini,correct
ethendvunyisana,incorrect
nangaseminyango,correct
washaniyalubona,incorrect
nalabangalaleli,correct
wesihlangahleki,incorrect
ngitakukhokhela,correct
lebukhohlotalwe,incorrect
ngekulikhanyisa,correct
lelitfulingwane,incorrect
lengaletsembisa,correct
wabewabojoshuwa,incorrect
tiyaphenyisiswa,correct
lakwemhlanjulwa,incorrect
ngemasentimitha,correct
kuyakwembhubeke,incorrect
ngekungamlaleli,correct
kutawutselokati,incorrect
leyayisegilgali,correct
lwakajoyakubona,incorrect
awubatsetseleli,correct
uhlaselichamuka,incorrect
labakutsandzako,correct
kunjengemafutsi,incorrect
atelihlambulula,correct
kuyiseningakoke,incorrect
ngisekukhanyeni,correct
bazalwandzisele,incorrect
iyawukhohlakala,correct
wencwadzabuliwe,incorrect
labangivukelako,correct
atawutsengimeli,incorrect
lekwakuyisiliva,correct
phandlenimemeta,incorrect
asengakatitfobi,correct
ajethempelineni,incorrect
ngibesendleleni,correct
nejerusalungile,incorrect
angikedzeleleki,correct
webaphotifubeni,incorrect
lesasinelinceba,correct
ninjabuliseofra,incorrect
tiyabhanjabulwa,correct
letimphumalandze,incorrect
netimphumamlotsa,correct
tatikhotsandlala,incorrect
lesisemtsetfweni,correct
ngiyewufikilothi,incorrect
naningangivumela,correct
lomgibhithofethi,incorrect
nanjengetihhanca,correct
akukalulakanipha,incorrect
ngitawuncandzeka,correct
akabheyelulekile,incorrect
kulakabhenjamini,correct
niyewubusukeleka,incorrect
abengakacundzeki,correct
imphahlaselelele,incorrect
lesingenambiliso,correct
baletsembeketele,incorrect
labehlukaniselwe,correct
wengcamasayisele,incorrect
lababadvungulula,correct
imphutsandzetela,incorrect
ningakhulumelani,correct
lamuhlephetsemba,incorrect
ngiyabadzabukela,correct
umfelokukhipheka,incorrect
bengingahloniphi,correct
lemahanakwedzela,incorrect
lekwakutisebenti,correct
umuntfukutawusha,incorrect
iyawubasetikwabo,correct
kwephandzakewela,incorrect
uyawutsetselelwa,correct
laseresiyibufuna,incorrect
lababetigabatisa,correct
ngemhlabaluhamba,incorrect
neyakabhenjamini,correct
