stimulus,correct_answer
huru,incorrect
bodo,correct
ding,incorrect
ramo,correct
kira,incorrect
yuta,correct
ning,incorrect
omat,correct
bung,incorrect
hulu,correct
neun,incorrect
rugi,correct
mina,incorrect
muja,correct
ujug,incorrect
ajal,correct
bora,incorrect
alum,correct
trak,incorrect
iyon,correct
deun,incorrect
meni,correct
meun,incorrect
sira,correct
minuh,incorrect
binih,correct
ambeu,incorrect
sobab,correct
caluk,incorrect
hanun,correct
suhun,incorrect
suhud,correct
pihan,incorrect
inang,correct
katin,incorrect
randa,correct
babak,incorrect
bawah,correct
ngama,incorrect
nyatu,correct
niwas,incorrect
aseka,correct
puter,incorrect
gusur,correct
kahan,incorrect
pajar,correct
diran,incorrect
badan,correct
kabin,incorrect
karep,correct
sabet,incorrect
waris,correct
pokan,incorrect
mulen,correct
disim,incorrect
kalih,correct
dedes,incorrect
mewah,correct
luluh,incorrect
sebah,correct
saeun,incorrect
layon,correct
kucur,incorrect
latar,correct
dihan,incorrect
antel,correct
darin,incorrect
garis,correct
layad,incorrect
gugur,correct
iklak,incorrect
usaha,correct
gandi,incorrect
wengi,correct
meuna,incorrect
iteuk,correct
baban,incorrect
cabul,correct
nyang,incorrect
lilir,correct
galan,incorrect
nahas,correct
lalan,incorrect
cacad,correct
haros,incorrect
tulak,correct
beung,incorrect
burit,correct
kapen,incorrect
lapur,correct
ibadi,incorrect
bukti,correct
kitan,incorrect
seror,correct
milit,incorrect
megar,correct
soson,incorrect
korma,correct
buraka,incorrect
mindel,correct
sangsa,incorrect
hadean,correct
diesto,incorrect
mashur,correct
dijadi,incorrect
dihuru,correct
pakara,incorrect
katara,correct
kaahli,incorrect
kaboga,correct
diraja,incorrect
urutna,correct
ngimam,incorrect
ngudag,correct
citiir,incorrect
heldai,correct
tiluna,incorrect
taunna,correct
benteu,incorrect
burang,correct
micing,incorrect
seboim,correct
diajan,incorrect
diarah,correct
celeng,incorrect
siloka,correct
dising,incorrect
anging,correct
kengna,incorrect
gangna,correct
ingkul,incorrect
naraka,correct
nanjat,incorrect
punjul,correct
lampik,incorrect
saking,correct
gerang,incorrect
yehiel,correct
sanghi,incorrect
dibaju,correct
dianci,incorrect
dituna,correct
pamuju,incorrect
paling,correct
kudang,incorrect
mencar,correct
runtab,incorrect
buluna,correct
legaan,incorrect
cedaan,correct
kendak,incorrect
tulang,correct
ngersa,incorrect
ngulon,correct
nguluy,incorrect
laleur,correct
seukan,incorrect
ngamuk,correct
dilari,incorrect
dieusi,correct
rasiat,incorrect
campuh,correct
diwari,incorrect
patina,correct
sukang,incorrect
punduk,correct
gempuh,incorrect
wasiat,correct
sucian,incorrect
embena,correct
darita,incorrect
bumina,correct
mareun,incorrect
maruka,correct
kajadi,incorrect
sayang,correct
unggap,incorrect
cocobi,correct
lempet,incorrect
ngebur,correct
nguruh,incorrect
sukana,correct
pertos,incorrect
duadua,correct
peutik,incorrect
gabrug,correct
ibrail,incorrect
napsir,correct
nyenan,incorrect
ngubur,correct
jangan,incorrect
sapada,correct
kanyak,incorrect
baseuh,correct
aranna,incorrect
rotina,correct
layang,incorrect
pating,correct
haseuh,incorrect
mantep,correct
balang,incorrect
barisa,correct
dipaeh,incorrect
carios,correct
hinaan,incorrect
nulung,correct
bulung,incorrect
midang,correct
bapang,incorrect
babagi,correct
lendem,incorrect
kandel,correct
dibasa,incorrect
kawani,correct
satoan,incorrect
pamere,correct
kakeun,incorrect
sidang,correct
munduk,incorrect
yorkam,correct
kiring,incorrect
melong,correct
lumpah,incorrect
runtut,correct
karaja,incorrect
kabuka,correct
kurina,incorrect
hanani,correct
gunang,incorrect
nyerat,correct
jurung,incorrect
juruna,correct
sorang,incorrect
sukuna,correct
ngarep,incorrect
tingal,correct
sareba,incorrect
diteda,correct
dideun,incorrect
diuber,correct
opatah,incorrect
belang,correct
jampah,incorrect
nahson,correct
engkir,incorrect
kotana,correct
pirang,incorrect
potong,correct
tempak,incorrect
batana,correct
nyalik,incorrect
pitana,correct
paraca,incorrect
lantip,correct
rajaan,incorrect
mantri,correct
bangsi,incorrect
tunduh,correct
nyalan,incorrect
nyilep,correct
kakawa,incorrect
kaajen,correct
ngayem,incorrect
upahna,correct
ngabab,incorrect
pamuka,correct
enggak,incorrect
menyat,correct
jelemu,incorrect
yoknam,correct
katebar,incorrect
katebak,correct
bulucon,incorrect
bulucun,correct
disalal,incorrect
disalin,correct
luputan,incorrect
dulurna,correct
tiasaan,incorrect
leprana,correct
diparin,incorrect
dipaksa,correct
dibudak,incorrect
saluwuk,correct
bahyang,incorrect
yesraya,correct
balecir,incorrect
direcah,correct
ditaran,incorrect
ditarik,correct
kapidul,incorrect
baliung,correct
saayaan,incorrect
hagoyim,correct
habendu,incorrect
layonna,correct
kawarga,incorrect
dicatur,correct
silihan,incorrect
tutupna,correct
anggong,incorrect
jarahan,correct
bakalih,incorrect
hirupan,correct
dienteu,incorrect
papecah,correct
panyaho,incorrect
panenna,correct
dikocor,incorrect
digusur,correct
kamulya,incorrect
lancang,correct
wawuhan,incorrect
tembong,correct
belatna,incorrect
weweleh,correct
tariksa,incorrect
gumbira,correct
salonna,incorrect
karyana,correct
nyokeun,incorrect
katewak,correct
diputra,incorrect
lalebet,correct
barurud,incorrect
marudah,correct
saterus,incorrect
disiksa,correct
talagri,incorrect
katutup,correct
nyahoan,incorrect
nyaahan,correct
gelebur,incorrect
takabur,correct
dipinuh,incorrect
terapna,correct
didatan,incorrect
pabuyar,correct
mukarna,incorrect
ruhakna,correct
pamepek,incorrect
pamayar,correct
dibelek,incorrect
disaput,correct
mihapek,incorrect
popoyan,correct
mulusan,incorrect
garwaan,correct
milikia,incorrect
mentang,correct
nepegat,incorrect
nyayang,correct
pihirup,incorrect
mesumna,correct
daratus,incorrect
bulukna,correct
tanggih,incorrect
singkur,correct
papasti,incorrect
pakewuh,correct
rasaean,incorrect
dipirig,correct
deudeun,incorrect
peryoga,correct
randaan,incorrect
kawinna,correct
salibni,incorrect
ditilas,correct
hawatna,incorrect
pegatna,correct
lingaan,incorrect
pedahna,correct
momotah,incorrect
moyokan,correct
kawutan,incorrect
digilir,correct
katitip,incorrect
pamikir,correct
banggih,incorrect
dinarna,correct
sanggih,incorrect
ditinun,correct
nanyaho,incorrect
mulihna,correct
reregep,incorrect
kawasna,correct
panggal,incorrect
pangkat,correct
meterus,incorrect
wujudna,correct
sarenjo,incorrect
panyapa,correct
selerna,incorrect
dasarna,correct
jaganti,incorrect
sawadya,correct
mangeun,incorrect
jalujur,correct
nyawang,incorrect
perjaka,correct
nawareh,incorrect
ludahna,correct
kakawas,incorrect
yekamya,correct
saheura,incorrect
kabogoh,correct
tinggah,incorrect
tangkep,correct
jujukut,incorrect
ombakna,correct
karapih,incorrect
disabit,correct
merapan,incorrect
peledug,correct
sateras,incorrect
dikurud,correct
jeungit,incorrect
hukumna,correct
sihorma,incorrect
pitapak,correct
tamenta,incorrect
calukan,correct
sagebug,incorrect
genahna,correct
kapalsu,incorrect
bakalna,correct
sakampu,incorrect
dipurba,correct
merodas,incorrect
bingung,correct
rapihan,incorrect
pidamel,correct
dilemot,incorrect
diliwat,correct
paampeu,incorrect
kuburan,correct
yasobat,incorrect
biritna,correct
kalayad,incorrect
dibawah,correct
kauntuk,incorrect
disusud,correct
nyusaha,incorrect
nulakan,correct
kaperti,incorrect
patriot,correct
nyumpah,incorrect
nulisna,correct
kalabuh,incorrect
balayar,correct
nyumpul,incorrect
ngumbah,correct
kanggal,incorrect
kasepna,correct
maranti,incorrect
gegedug,correct
sawaran,incorrect
sampeur,correct
memanah,incorrect
cegahan,correct
awangsa,incorrect
mindeng,correct
sabalik,incorrect
dipesen,correct
panamel,incorrect
ditekuk,correct
disalid,incorrect
saentas,correct
ngaruka,incorrect
ngajima,correct
enggeng,incorrect
aragung,correct
teranti,incorrect
tahanan,correct
lawarga,incorrect
malikan,correct
besaleh,incorrect
bahyana,correct
kanduna,incorrect
manggil,correct
jijinah,incorrect
pitutur,correct
daratin,incorrect
irungna,correct
sumujur,incorrect
panalar,correct
barakan,incorrect
sapirah,correct
maranto,incorrect
haturan,correct
uculang,incorrect
ributna,correct
sabalan,incorrect
rarambu,correct
hatenjo,incorrect
meremot,correct
dongkat,incorrect
pengkuh,correct
saroret,incorrect
musapir,correct
sosobat,incorrect
romamti,correct
berkara,incorrect
tibalik,correct
jumener,incorrect
seubeuh,correct
putrang,incorrect
citeres,correct
meunana,incorrect
henadad,correct
dikumpuh,incorrect
dirampas,correct
direjeki,incorrect
pakucrut,correct
poharadi,incorrect
hudangna,correct
laluncak,incorrect
ditincak,correct
nyabaket,incorrect
nyabakna,correct
dikurban,incorrect
gumebyar,correct
tandikal,incorrect
nyirorot,correct
kadoraka,incorrect
pajuaran,correct
datangtu,incorrect
onesimus,correct
angguhan,incorrect
lahiriah,correct
balukang,incorrect
dipundut,correct
gurunang,incorrect
tarerang,correct
sirampah,incorrect
corodcod,correct
yehdehna,incorrect
lenyepan,correct
batangtu,incorrect
lemburna,correct
ibaraneh,incorrect
wilujeng,correct
dikumpul,incorrect
digeuing,correct
ditangtu,incorrect
cangking,correct
benangtu,incorrect
harudang,correct
dijeneng,incorrect
diawitan,correct
sakecrek,incorrect
dingding,correct
ditelema,incorrect
tengenna,correct
karinyak,incorrect
dipelong,correct
kadatang,incorrect
lakuning,correct
papariuk,incorrect
diangkir,correct
matangtu,incorrect
gegeroan,correct
putusael,incorrect
ngadegna,correct
dilulilu,incorrect
raruksak,correct
kulawang,incorrect
betsaida,correct
angirina,incorrect
tigubrag,correct
marakaan,incorrect
tanggung,correct
ingkonna,incorrect
sarugema,correct
mentaran,incorrect
ingeteun,correct
hayukeut,incorrect
sumembah,correct
ayeunang,incorrect
pepeling,correct
gunungtu,incorrect
jenengna,correct
salalaki,incorrect
satempat,correct
sakuliti,incorrect
katuhuna,correct
ayeunana,incorrect
antarana,correct
karumpat,incorrect
papadana,correct
diomatak,incorrect
dimakbul,correct
rupakara,incorrect
benturan,correct
poharade,incorrect
lumpatna,correct
dipangsa,incorrect
pepetaan,correct
anyampah,incorrect
papalang,correct
maralahi,incorrect
kaulinan,correct
dikumput,incorrect
maklumat,correct
urangkan,incorrect
ngalayad,correct
ongkahan,incorrect
runtagna,correct
serencay,incorrect
nyengker,correct
urangpin,incorrect
marancal,correct
benereun,incorrect
alakilik,correct
abibaban,incorrect
sebedeus,correct
aranutan,incorrect
sakubeng,correct
sapercaya,incorrect
palercaya,correct
tatangtos,incorrect
pajabatna,correct
disumping,incorrect
sadudulur,correct
pangadoja,incorrect
pangabisa,correct
piwaraneh,incorrect
pademenna,correct
dialajrih,incorrect
balukarna,correct
dipicatet,incorrect
dipinuhan,correct
dayeunang,incorrect
serenkeun,correct
sapeupeun,incorrect
dipidamel,correct
juraganti,incorrect
sumpingna,correct
nyalirana,incorrect
ngajurung,correct
urangtung,incorrect
gustining,correct
hayangkep,incorrect
hayangeun,correct
diberedas,incorrect
diparaban,correct
paparinum,incorrect
didaharna,correct
boleksana,incorrect
nilarkeun,correct
ditarikan,incorrect
anggeusna,correct
dipaliyas,incorrect
sarumping,correct
punjukang,incorrect
neuleuman,correct
disabalik,incorrect
kalalabur,correct
diparaneh,incorrect
beresihan,correct
sihirupna,incorrect
peutingan,correct
didalapan,incorrect
dicabutan,correct
kasampung,incorrect
kapandang,correct
katangkah,incorrect
ditingker,correct
sakumahuh,incorrect
dihukumna,correct
sakulitna,incorrect
jarahatna,correct
kumingpin,incorrect
kurebkeun,correct
resepuhna,incorrect
gempungan,correct
jeungitan,incorrect
ngarajaan,correct
sagalayar,incorrect
disarebut,correct
jamugaeun,incorrect
dirurujit,correct
dasaratan,incorrect
dadamelan,correct
angirinan,incorrect
kanyerina,correct
poharaneh,incorrect
peuncitan,correct
darieunan,incorrect
arinditna,correct
walercana,incorrect
kanyaahan,correct
dalapanah,incorrect
bebenduna,correct
tangasong,incorrect
meungkeut,correct
gudaragan,incorrect
mapatahan,correct
antaraneh,incorrect
dimomotan,correct
ngalendon,incorrect
ngalukrah,correct
daharayan,incorrect
mikaheman,correct
mantengan,incorrect
mareuntas,correct
nyangeung,incorrect
nyambuang,correct
midangkat,incorrect
rongkahna,correct
dombangsa,incorrect
mikanyaah,correct
marengkep,incorrect
kapungkur,correct
batangkil,incorrect
dirangket,correct
durjanana,incorrect
ngepungna,correct
isukangga,incorrect
nyaritana,correct
dideungsi,incorrect
sajujurna,correct
nagarawas,incorrect
bendahara,correct
nimbalaki,incorrect
dalaharna,correct
pikukulub,incorrect
ngaranjah,correct
kondaning,incorrect
honcewang,correct
basisihan,incorrect
jengkelna,correct
mindahade,incorrect
tumurunna,correct
juragajur,incorrect
parenting,correct
daweuteuk,incorrect
musawarah,correct
cilakaeun,incorrect
panggitik,correct
adilakana,incorrect
udaganana,correct
kapapakean,incorrect
katulungan,correct
turunangtu,incorrect
daratangna,correct
digempurah,incorrect
diwiwirang,correct
eusiahkeun,incorrect
mikahayang,correct
piwurukeut,incorrect
pibahlaeun,correct
angkungsul,incorrect
dibarengan,correct
pikirakira,incorrect
nyalindung,correct
katinekana,incorrect
diteumbrag,correct
dilampahna,incorrect
gugunungan,correct
ngaranehna,incorrect
ngawurukan,correct
paraehanan,incorrect
ditulungan,correct
amistikeun,incorrect
kongkorong,correct
kaaguskeun,incorrect
nyesahkeun,correct
ngararotol,incorrect
nyareuseuh,correct
dibororaah,incorrect
diboyongna,correct
kumantenna,incorrect
mihapekeun,correct
galedogana,incorrect
nyemplekan,correct
anyalindek,incorrect
kabengisan,correct
dibarundut,incorrect
sanggrayna,correct
dibarantos,incorrect
kadengeeun,correct
digantenna,incorrect
ngedalkeun,correct
ngareregan,incorrect
ngagolerna,correct
kasalempat,incorrect
pakumpulan,correct
ngamajikan,incorrect
ngujubkeun,correct
tembongkol,incorrect
dikepretan,correct
telendenge,incorrect
sacundukna,correct
baraheutan,incorrect
galimireun,correct
janganggal,incorrect
digarawena,correct
cipanginum,incorrect
pitulungna,correct
dirempurah,incorrect
diareparep,correct
marulanggo,incorrect
ngabarantu,correct
wajibantun,incorrect
hawatoseun,correct
lalacurang,incorrect
karagungan,correct
milampahan,incorrect
narukangan,correct
kulawarang,incorrect
sekretaris,correct
sulumbahya,incorrect
pihartieun,correct
ngayaktian,incorrect
ngabaturan,correct
jucungutus,incorrect
piomongeun,correct
mentaranna,incorrect
timbalanna,correct
barengahan,incorrect
digunasika,correct
urangeunna,incorrect
ngabasmina,correct
sapulisian,incorrect
sapantesna,correct
mulangsara,incorrect
nalengteng,correct
jalanggeus,incorrect
ngukuhkeun,correct
dorakantos,incorrect
pimilikeun,correct
saneskantu,incorrect
ngoretkeun,correct
kaajaibara,incorrect
dihormatna,correct
sumpingeun,incorrect
leungiteun,correct
meunangara,incorrect
nyarieunan,correct
diserendel,incorrect
diturugtug,correct
sumbarawuh,incorrect
ngamemenan,correct
ceurikamah,incorrect
nyalahkeun,correct
sumpanggap,incorrect
ngeukeuhan,correct
ditumpukang,incorrect
dihaturkeun,correct
ngumbiritna,incorrect
nyenangkeun,correct
ditagiwuruk,incorrect
ditugaskeun,correct
sapanasabya,incorrect
ditalatahan,correct
ngarerantos,incorrect
ngadengeeun,correct
kamareukeut,incorrect
ngawarejang,correct
sungkubkeun,incorrect
diantelkeun,correct
sabaranehna,incorrect
disadiakeun,correct
balengentra,incorrect
dialungkeun,correct
maksandihna,incorrect
ditalungtik,correct
wawadeuheus,incorrect
diancikkeun,correct
ditaranehna,incorrect
dikoretkeun,correct
sawataraneh,incorrect
didawuhkeun,correct
dibeunangan,incorrect
salusurakan,correct
bandangueun,incorrect
dibubarkeun,correct
arasangkeut,incorrect
panyangkana,correct
nabeuheulan,incorrect
pikurbaneun,correct
ngarembalah,incorrect
nyararumput,correct
kalindungah,incorrect
dideukeutan,correct
kapibogaeun,incorrect
kagunganeun,correct
tanagaraneh,incorrect
ngancurkeun,correct
dadangunjuk,incorrect
dikedalkeun,correct
saliarangka,incorrect
pangleburan,correct
anjeungitna,incorrect
tinggaloler,correct
munaraktina,incorrect
ngagenclang,correct
tengangneda,incorrect
nyarangking,correct
undangunduk,incorrect
karongkahan,correct
sagalanghar,incorrect
satarabasna,correct
kiwaranehna,incorrect
mupunjungna,correct
sugemaryana,incorrect
dipanjingan,correct
kadorongjon,incorrect
ngabaseuhan,correct
nimbalangan,incorrect
ngabadamian,correct
lantarantar,incorrect
kamerdekaan,correct
bataranjeung,incorrect
diragragkeun,correct
nganggrahala,incorrect
ngaleuleuyan,correct
maraoseuneun,incorrect
dipintonkeun,correct
paparanjeung,incorrect
direndahkeun,correct
balaharantos,incorrect
dirarasakeun,correct
dikersaeusik,incorrect
dipikaseneng,correct
dalapantenna,incorrect
omatomatkeun,correct
ngurilingkuh,incorrect
tingrarenjag,correct
nyosonsosong,incorrect
pabalencarna,correct
ngadilawantu,incorrect
panungtungan,correct
berkaranehna,incorrect
seuseungitan,correct
datanyambaga,incorrect
inditinditan,correct
panglinginum,incorrect
tinghariyeng,correct
utusalaparin,incorrect
jongklokkeun,correct
pusakatresna,incorrect
diwewelingan,correct
panyaritakit,incorrect
ngagelarkeun,correct
sagalalawana,incorrect
ditimbalkeun,correct
timbalanggul,incorrect
bongbolongan,correct
gandelanggar,incorrect
ngawutngawut,correct
bulangkahaja,incorrect
kadarengeeun,correct
jelemangsara,incorrect
kabeungharan,correct
aciangkungsi,incorrect
dimashurkeun,correct
bisaeunakena,incorrect
ngabalanjaan,correct
sawarginakeun,incorrect
dianggeuskeun,correct
maranjeungeun,incorrect
sakurilingeun,correct
dipikarumping,incorrect
dibaraledogan,correct
jeungelendene,incorrect
ditarumpangan,correct
disuntrekebul,incorrect
disanggemkeun,correct
dijualeuleuya,incorrect
kasingsieunan,correct
kuringgihkeun,incorrect
mangnebuskeun,correct
undangnedanan,incorrect
dibantingkeun,correct
wetanagarawan,incorrect
ngagetkeunana,correct
sabenyepanggo,incorrect
pangnyapakeun,correct
jeungceurikat,incorrect
ngarugrugkeun,correct
eraerahperang,incorrect
dipentingkeun,correct
dititinggihang,incorrect
ditangtayungan,correct
pikahayangersa,incorrect
disuntrungkeun,correct
saregedurgedur,incorrect
ngajengkelkeun,correct
payunganistaka,incorrect
pihudangeunana,correct
pijawabangkeun,incorrect
dikahandapkeun,correct
dipiwaranjeung,incorrect
pipamajikaneun,correct
bangundungkung,incorrect
nganyahoankeun,correct
dangunekngunna,incorrect
ngadareukeutan,correct
