stimulus,correct_answer
ziah,incorrect
guni,correct
bilh,incorrect
bila,correct
lent,incorrect
maah,correct
lona,incorrect
tata,correct
elte,incorrect
seek,correct
adon,incorrect
husa,correct
moth,incorrect
apin,correct
guia,incorrect
ngim,correct
ente,incorrect
ning,correct
hash,incorrect
nuih,correct
nath,incorrect
naka,correct
arel,incorrect
akiu,correct
anun,incorrect
huuk,correct
live,incorrect
luui,correct
hema,incorrect
adna,correct
alin,incorrect
azaz,correct
leli,incorrect
zolo,correct
shub,incorrect
anak,correct
maih,incorrect
suai,correct
hami,incorrect
kana,correct
mena,incorrect
guma,correct
hela,incorrect
telh,correct
ansa,incorrect
nupi,correct
ammi,incorrect
kiuk,correct
ette,incorrect
gilo,correct
imci,incorrect
ohio,correct
etsa,incorrect
veng,correct
thon,incorrect
lopi,correct
phaz,incorrect
bula,correct
king,incorrect
pila,correct
ompa,incorrect
nasa,correct
emer,incorrect
ekte,correct
tosa,incorrect
meon,correct
anga,incorrect
hawk,correct
zath,incorrect
kite,correct
adai,incorrect
luat,correct
zala,incorrect
omlo,correct
paim,incorrect
gamh,correct
tula,incorrect
mica,correct
panu,incorrect
thua,correct
tala,incorrect
mina,correct
dina,incorrect
ciap,correct
ulia,incorrect
obed,correct
mizaw,incorrect
jebus,correct
eshte,incorrect
etteh,correct
nuhsa,incorrect
sekin,correct
pelon,incorrect
tekin,correct
sidek,incorrect
zamin,correct
kitai,incorrect
kitap,correct
sehte,incorrect
seled,correct
lamzi,incorrect
mitun,correct
kitaw,incorrect
kitam,correct
asian,incorrect
alang,correct
mumei,incorrect
tabor,correct
giddo,incorrect
nebat,correct
thawi,incorrect
lamet,correct
lemte,incorrect
letna,correct
hosak,incorrect
kalun,correct
sihsa,incorrect
sakin,correct
misit,incorrect
misia,correct
jorah,incorrect
gatam,correct
uihsa,incorrect
tibni,correct
ukzaw,incorrect
purim,correct
vaiha,incorrect
barak,correct
zawla,incorrect
vanah,correct
rizim,incorrect
pekah,correct
thoih,incorrect
sakol,correct
zibah,incorrect
ngiik,correct
laida,incorrect
lamna,correct
tangh,incorrect
khuan,correct
kinin,incorrect
sukah,correct
khing,incorrect
kilek,correct
mahaz,incorrect
khuha,correct
manah,incorrect
khawi,correct
pheth,incorrect
kizut,correct
thubu,incorrect
honsa,correct
namsa,incorrect
ammon,correct
elmad,incorrect
racal,correct
pokha,incorrect
asung,correct
alema,incorrect
atuam,correct
atanh,incorrect
assos,correct
tataw,incorrect
matri,correct
helem,incorrect
helon,correct
phaim,incorrect
dente,correct
kahte,incorrect
kimuh,correct
nanga,incorrect
tanga,correct
zotha,incorrect
zobah,correct
thung,incorrect
sunin,correct
kiphi,incorrect
phuta,correct
hukhu,incorrect
gigea,correct
batsa,incorrect
sauna,correct
liath,incorrect
zinte,correct
aliah,incorrect
akkub,correct
shera,incorrect
penah,correct
buain,incorrect
phung,correct
puana,incorrect
zuiah,correct
umcin,incorrect
anlui,correct
lasar,incorrect
musak,correct
lutsa,incorrect
neite,correct
sialh,incorrect
kibia,correct
dinte,incorrect
khade,correct
eliak,incorrect
vompi,correct
mihin,incorrect
sukha,correct
lutua,incorrect
ngawh,correct
gambu,incorrect
sunte,correct
eitei,incorrect
khate,correct
phiai,incorrect
kheng,correct
kicia,incorrect
kigin,correct
gilot,incorrect
gimna,correct
azawh,incorrect
timon,correct
daupau,incorrect
daupai,correct
bilngo,incorrect
selpho,correct
sikbek,incorrect
sinkha,correct
vanlai,incorrect
vanlam,correct
natein,incorrect
lengin,correct
ganmun,incorrect
gawdam,correct
manlai,incorrect
tawsak,correct
tanzat,incorrect
simpih,correct
tuahna,incorrect
tuahin,correct
tangno,incorrect
tangpi,correct
ukzawh,incorrect
liklek,correct
tungno,incorrect
tungte,correct
genhan,incorrect
khalam,correct
sangun,incorrect
zangte,correct
alloth,incorrect
pollux,correct
zaavah,incorrect
khosak,correct
sikkik,incorrect
gawhna,correct
gawlna,incorrect
nawtin,correct
metmah,incorrect
lumlet,correct
maitak,incorrect
khusak,correct
berius,incorrect
bengin,correct
hehnel,incorrect
hehnem,correct
mattir,incorrect
nawkin,correct
zakzau,incorrect
maiman,correct
mamsau,incorrect
tuhuna,correct
vashte,incorrect
vaksak,correct
mulkip,incorrect
keusak,correct
sektak,incorrect
harhur,correct
gahpah,incorrect
leisak,correct
kattuk,incorrect
katsak,correct
miphas,incorrect
satsat,correct
misuah,incorrect
zathum,correct
encipi,incorrect
encian,correct
tangnu,incorrect
silanu,correct
bawmsa,incorrect
bawmin,correct
neucip,incorrect
halsak,correct
haltan,incorrect
hawhin,correct
sattun,incorrect
kiphal,correct
vanzal,incorrect
gamlak,correct
zankik,incorrect
zakzah,correct
tamsau,incorrect
tuibem,correct
zaphat,incorrect
mapaia,correct
sawlpi,incorrect
sawlte,correct
zialte,incorrect
phalbi,correct
muitui,incorrect
mumang,correct
bingpa,incorrect
horesh,correct
longma,incorrect
kungpi,correct
veitaw,incorrect
thehna,correct
boaner,incorrect
zealot,correct
kipher,incorrect
satanh,correct
arimat,incorrect
azarel,correct
mangno,incorrect
mangin,correct
epenes,incorrect
raddai,correct
athlah,incorrect
poisak,correct
milete,incorrect
matred,correct
makhat,incorrect
nawizu,correct
khukip,incorrect
phahin,correct
phunem,incorrect
kihawi,correct
cithat,incorrect
batsak,correct
thahah,incorrect
lawnga,correct
mahlak,incorrect
maiuah,correct
gungek,incorrect
selnoh,correct
misuak,incorrect
kawnga,correct
mikhen,incorrect
kholsa,correct
meelte,incorrect
anbeel,correct
lawpte,incorrect
thotoa,correct
tualin,incorrect
khauin,correct
lawmta,incorrect
kigawi,correct
bathte,incorrect
kivawh,correct
zalzak,incorrect
zalzal,correct
tracon,incorrect
ibleam,correct
hahkah,incorrect
nepheg,correct
lungna,incorrect
nilhpa,correct
hangpi,incorrect
dongun,correct
cikhih,incorrect
nasema,correct
zawlmi,incorrect
paiite,correct
kilian,incorrect
kiasak,correct
hoshen,incorrect
tatsia,correct
longah,incorrect
eluzai,correct
panmul,incorrect
cihsan,correct
dawlsa,incorrect
khaute,correct
magdal,incorrect
bakbuk,correct
anciin,incorrect
teelin,correct
keuhsa,incorrect
lemthu,correct
kamtat,incorrect
kampau,correct
naipih,incorrect
hillel,correct
bansan,incorrect
sunsun,correct
kizaha,incorrect
sikkha,correct
kahtak,incorrect
geelna,correct
jaazan,incorrect
buahsa,correct
semath,incorrect
khaici,correct
rabbok,incorrect
zippor,correct
phetul,incorrect
phiala,correct
thamir,incorrect
lampai,correct
galsat,incorrect
mawkna,correct
meikai,incorrect
meiipi,correct
phelem,incorrect
kitung,correct
etsate,incorrect
liante,correct
piaksi,incorrect
kikham,correct
bangik,incorrect
vangik,correct
bualno,incorrect
khumna,correct
mangpi,incorrect
suakin,correct
gingso,incorrect
lungsi,correct
lunglo,incorrect
ngente,correct
suanto,incorrect
suahni,correct
zethah,incorrect
zethan,correct
talkai,incorrect
nemnam,correct
alemte,incorrect
castor,correct
piciam,incorrect
mialpi,correct
kaipih,incorrect
kizong,correct
nungte,incorrect
buppia,correct
sehnem,incorrect
muhsak,correct
utluat,incorrect
awging,correct
pasiah,incorrect
siampa,correct
hencia,incorrect
denlup,correct
nisuam,incorrect
tomloa,correct
tungso,incorrect
tungto,correct
rephan,incorrect
thanga,correct
hangnu,incorrect
dawnte,correct
nephun,incorrect
kekseu,correct
bathai,incorrect
sukhaa,correct
aitanh,incorrect
huanah,correct
jushah,incorrect
huanga,correct
ephras,incorrect
guakin,correct
gualto,incorrect
puanak,correct
ihsiat,incorrect
apphia,correct
langawn,incorrect
kiciang,correct
alphapi,incorrect
company,correct
kiniang,incorrect
kidemna,correct
basemte,incorrect
gabriel,correct
minadab,incorrect
khuadak,correct
jeshach,incorrect
susiain,correct
shepheg,incorrect
shashak,correct
kituanu,incorrect
kisehte,correct
paipipa,incorrect
pasalno,correct
rishael,incorrect
jarmuth,correct
luangpi,incorrect
suangpi,correct
kiselno,incorrect
kikhela,correct
kidamna,incorrect
kisamte,correct
zangawn,incorrect
khiatna,correct
pianglo,incorrect
phawkna,correct
kihehna,incorrect
kihopih,correct
ngongte,incorrect
megiddo,correct
erasena,incorrect
chemosh,correct
bizioth,incorrect
korazin,correct
tishban,incorrect
tidalte,correct
jabboni,incorrect
kithawi,correct
ensiapa,incorrect
kidenna,correct
gulpipa,incorrect
muangte,correct
dawngno,incorrect
ettehte,correct
gerizte,incorrect
gideoni,correct
padocia,incorrect
kadmiel,correct
piangko,incorrect
thuakte,correct
tangawn,incorrect
kitamsa,correct
perizim,incorrect
pemtate,correct
tumpipa,incorrect
milmial,correct
laminte,incorrect
lampite,correct
kiluppi,incorrect
kisutte,correct
caeisak,incorrect
itzawte,correct
eliakin,incorrect
shimron,correct
pangawn,incorrect
thupina,correct
bildash,incorrect
saguhte,correct
navakte,incorrect
labanon,correct
omzawpa,incorrect
cipnelh,correct
micmeth,incorrect
kinuaia,correct
mikhuka,incorrect
omlaite,correct
mihonpa,incorrect
mihonpi,correct
eltolte,incorrect
zabdiel,correct
shophat,incorrect
calebte,correct
apangno,incorrect
judahmi,correct
pulpipa,incorrect
phualpi,correct
thaddai,incorrect
mithcah,correct
aduaiin,incorrect
hawngte,correct
huainet,incorrect
mihatte,correct
kipasal,incorrect
thummim,correct
lungkin,incorrect
luahpih,correct
guanglo,incorrect
sianglo,correct
admanna,incorrect
anpheng,correct
nithuak,incorrect
khepite,correct
nisimte,incorrect
takpisa,correct
zimrath,incorrect
tulpite,correct
hizawng,incorrect
kiengko,correct
kikhial,incorrect
tangkoa,correct
harimat,incorrect
kiukiau,correct
hangawn,incorrect
putekte,correct
guhngek,incorrect
kitlish,correct
dawngpi,incorrect
rephaim,correct
suangdo,incorrect
kikhung,correct
ngawnin,incorrect
khawlin,correct
omkhawk,incorrect
ellasar,correct
synagog,incorrect
egyptpa,correct
uplohpi,incorrect
ankuang,correct
pingpah,incorrect
mezahab,correct
hizahko,incorrect
mimalin,correct
bethsai,incorrect
kicimsa,correct
ahilete,incorrect
nasiapi,correct
hanaste,incorrect
jeroham,correct
bebaipa,incorrect
kihihsa,correct
bethmah,incorrect
kitelna,correct
bangawn,incorrect
lamphok,correct
piangsi,incorrect
kitanau,correct
phiatpi,incorrect
talitha,correct
nidangte,incorrect
nulepate,correct
matengte,incorrect
kigelhna,correct
kinawhin,incorrect
kinaipih,correct
kipahtak,incorrect
kithosak,correct
kithakna,incorrect
kithehin,correct
lehangin,incorrect
tuizeupi,correct
tungahsa,incorrect
pasianmi,correct
kicingte,incorrect
kilaakna,correct
tiberiah,incorrect
azmaveth,correct
kisinsen,incorrect
tangpite,correct
maccaite,incorrect
maccaiah,correct
lutangko,incorrect
eliasaph,correct
nunungta,incorrect
bilbahte,correct
misuahin,incorrect
kigualte,correct
delilote,incorrect
pelethte,correct
kipawlpa,incorrect
kimuktuk,correct
lohpihna,incorrect
lamkabom,correct
haggamnu,incorrect
hagawina,correct
shuhaksa,incorrect
shiphrah,correct
sehnepna,incorrect
hehnepna,correct
himawhna,incorrect
ditdetin,correct
tunsaksa,incorrect
thudotpa,correct
kishonte,incorrect
kiluhsak,correct
ophrates,incorrect
crescens,correct
rephaath,incorrect
rephaiah,correct
palsakte,incorrect
naungeek,correct
zahpihna,incorrect
pumzawpa,correct
paitohna,incorrect
kibuakin,correct
moleketh,incorrect
akhangin,correct
cikhiain,incorrect
leuleuin,correct
kiphazah,incorrect
rehabiah,correct
kithosah,incorrect
kigamlat,correct
kikhuapi,incorrect
zialnelh,correct
phiatpih,incorrect
kigawmin,correct
ashtemoa,incorrect
sharezer,correct
kholibah,incorrect
kinehcih,correct
nisuamte,incorrect
kituahna,correct
jaalatia,incorrect
nithumna,correct
jadducee,incorrect
kantanin,correct
ngoltola,incorrect
persiate,correct
helbahte,incorrect
melhemna,correct
izziahzu,incorrect
tishbite,correct
tophetin,incorrect
hananite,correct
muvanlam,incorrect
hashubah,correct
bantanin,incorrect
amalekte,correct
kikhelte,incorrect
kinialin,correct
kikuanin,incorrect
thukipna,correct
geshelah,incorrect
jeshaiah,correct
picingpa,incorrect
hepherte,correct
pirathau,incorrect
mimawlpa,correct
galphihi,incorrect
zahkaite,correct
naconium,incorrect
diudeute,correct
alianpih,incorrect
alphaeus,correct
thukpipa,incorrect
gamaliel,correct
sheshach,incorrect
deidanna,correct
nuntakin,incorrect
kikhensa,correct
vattutin,incorrect
inndeite,correct
ankuanto,incorrect
kizuakna,correct
kikhutte,incorrect
nungakno,correct
rimmonte,incorrect
lianpite,correct
leltalte,incorrect
malkijah,correct
kivuinel,incorrect
jephuneh,correct
hangpipa,incorrect
lungmawl,correct
mangnopa,incorrect
kipawlna,correct
tuisikin,incorrect
galvilpa,correct
hangpite,incorrect
lungneem,correct
nisuanto,incorrect
zipporah,correct
adbeelte,incorrect
mephaath,correct
jochebes,incorrect
tahpenes,correct
lahkhong,incorrect
muktukte,correct
lutanglo,incorrect
hukhiapa,correct
lakhitin,incorrect
nusiatte,correct
methusit,incorrect
geliloth,correct
gamvelin,incorrect
genkhiaa,correct
sungahna,incorrect
tokhomin,correct
kamdanna,incorrect
kinilhsa,correct
armashte,incorrect
tobiahte,correct
zuipahta,incorrect
thukimsa,correct
kithanah,incorrect
kidongsa,correct
kisiampi,incorrect
lungduai,correct
kihtanpi,incorrect
kidawmin,correct
kikhemis,incorrect
kibawlsa,correct
ahimonte,incorrect
tensakte,correct
kiphelem,incorrect
zoheleth,correct
naggamnu,incorrect
nahaliel,correct
shebaite,incorrect
asianglo,correct
nihtelna,incorrect
nusiatsa,correct
kituateh,incorrect
kiciamte,correct
lianpiha,incorrect
mothaknu,correct
hihtelna,incorrect
paksakte,correct
adawngta,incorrect
khauteep,correct
nithutak,incorrect
tokhomte,correct
hanghial,incorrect
thupaing,correct
thadatta,incorrect
insamson,correct
girgashti,incorrect
girgashte,correct
persiatna,incorrect
ninevehte,correct
huaipihte,incorrect
huaihamna,correct
mangneema,incorrect
sianthona,correct
jehoaddai,incorrect
baalzebub,correct
lenggamnu,incorrect
bethsaida,correct
guahpahna,incorrect
zuautatte,correct
meigongal,incorrect
jerichote,correct
sanggahzu,incorrect
tangvalpa,correct
traconium,incorrect
illyricum,correct
milmialte,incorrect
masoretic,correct
magoguete,incorrect
succothte,correct
zurishael,incorrect
kinusiate,correct
kithuaknu,incorrect
kithoihna,correct
japhlegon,incorrect
lungmanna,correct
eshbazzar,incorrect
adullamte,correct
lenggakte,incorrect
amminadab,correct
sangawnun,incorrect
khuampite,correct
cushtemoa,incorrect
chaldeate,correct
giahphage,incorrect
rephaimte,correct
bialbulte,incorrect
pashhurte,correct
muvanlate,incorrect
omkhawmin,correct
nungsikin,incorrect
khuavakte,correct
nahalalel,incorrect
bakbakkar,correct
siakmanna,incorrect
joshaviah,correct
tuihualzo,incorrect
tumgingte,correct
jebushath,incorrect
naupangno,correct
kivaikhia,incorrect
bathsheba,correct
deborahte,incorrect
gibbethon,correct
nephtorte,incorrect
keeltalte,correct
kipulakin,incorrect
thuthukte,correct
kibangawn,incorrect
bawlsakte,correct
zakinnpia,incorrect
kipiansak,correct
gentecost,incorrect
khauzente,correct
khamarite,incorrect
thutangna,correct
hashubael,incorrect
zillethai,correct
dopihnapa,incorrect
milimtein,correct
mishmanna,incorrect
kivalhtum,correct
sabbathai,incorrect
hazzebaim,correct
makaihiai,incorrect
kituancil,correct
dawngpite,incorrect
khangnopa,correct
hithiatna,incorrect
cilphihin,correct
kungtalpi,incorrect
mikhualin,correct
kihonpite,incorrect
sherebiah,correct
kaukhunna,incorrect
hapharaim,correct
silingsak,incorrect
kimialsak,correct
hanglotna,incorrect
khumcipin,correct
pekahzeel,incorrect
singkhiaa,correct
gamkhiate,incorrect
nuntakpih,correct
hangawnun,incorrect
hanciamin,correct
kipiangte,incorrect
thelthang,correct
alexandan,incorrect
tokainaun,correct
bangawnun,incorrect
singkhuah,correct
ashkelonte,incorrect
mohphengin,correct
berekiahte,incorrect
esarhaddon,correct
shiphrates,incorrect
cappadocia,correct
kikhuapite,incorrect
khuatuahna,correct
lycaoniate,incorrect
tirhanahte,correct
zuthukhiat,incorrect
kihotkhiat,correct
ngiingeina,incorrect
gemariahte,correct
misialkhia,incorrect
kikhuatuah,correct
gamalektek,incorrect
sawnsawnte,correct
kithawngla,incorrect
tehinnahte,correct
sanggolhte,incorrect
khauhualte,correct
pannathoth,incorrect
sepharvaim,correct
hammelecah,incorrect
lawptakiin,correct
sagihingte,incorrect
thuaksaksa,correct
netophetin,incorrect
sadduseete,correct
sanggahzur,incorrect
khutdawhah,correct
eliphanign,incorrect
sawkkhasak,correct
tennesarha,incorrect
khupnelhin,correct
zelophetin,incorrect
molhtumpia,correct
silngongnu,incorrect
biaknataua,correct
cikhialhna,incorrect
fortunatus,correct
kidronicus,incorrect
misrephoth,correct
misiasukte,incorrect
nungsangun,correct
abishualte,incorrect
lakkhiatte,correct
hunhununga,incorrect
minthanpih,correct
numeikakin,incorrect
ngahtanpih,correct
valhtumpipa,incorrect
ammishaddai,correct
acshaphasak,incorrect
synagoguete,correct
sapphialhna,incorrect
zurishaddai,correct
ciahphuakpi,incorrect
kibaptisete,correct
siikaiziaet,incorrect
kigalginpih,correct
maitakinnpi,incorrect
kimettolsak,correct
angvannuste,incorrect
shemiramoth,correct
asuangdonna,incorrect
pusuakkhiaa,correct
kiengkultar,incorrect
zunopdawnna,correct
honkhiatpih,incorrect
thuhaksalua,correct
israeltekeh,incorrect
lauthawngin,correct
hunhunungta,incorrect
tuihualpite,correct
thithiatpih,incorrect
parshanatha,correct
diotrephaim,incorrect
thehthangna,correct
tungahphage,incorrect
thangsiahin,correct
