stimulus,correct_answer
fabet,incorrect
human,correct
ongel,incorrect
siste,correct
rugpyp,incorrect
rugpyn,correct
vonnik,incorrect
dolfyn,correct
nasium,incorrect
indiër,correct
orkaat,incorrect
rissie,correct
napole,incorrect
unesco,correct
kartog,incorrect
skouer,correct
nonnik,incorrect
afneem,correct
fynbou,incorrect
mynbou,correct
ysbrek,incorrect
bewing,correct
oulaat,incorrect
moment,correct
ekskip,incorrect
ruigte,correct
koalis,incorrect
hester,correct
sproer,incorrect
balkon,correct
tekord,incorrect
metaan,correct
soneel,incorrect
aksent,correct
gename,incorrect
gelaat,correct
meniër,incorrect
terras,correct
altaat,incorrect
ryperd,correct
leraal,incorrect
jonger,correct
beredo,incorrect
indeks,correct
eksent,incorrect
wiegie,correct
ensona,incorrect
opstyg,correct
rekort,incorrect
intrek,correct
posist,incorrect
gronde,correct
ervaat,incorrect
agenda,correct
leraad,incorrect
dinamo,correct
embarde,incorrect
luiheid,correct
fabrief,incorrect
habitat,correct
raffing,incorrect
heffing,correct
rubrief,incorrect
futuris,correct
entitel,incorrect
kremlin,correct
proleum,incorrect
werwing,correct
kategie,incorrect
fisikus,correct
bastiek,incorrect
klapper,correct
periaal,incorrect
aanvoer,correct
rampoen,incorrect
minimum,correct
treffek,incorrect
mistiek,correct
deltuig,incorrect
onkoste,correct
nomment,incorrect
droogte,correct
nagedig,incorrect
belofte,correct
toestyn,incorrect
drankie,correct
lewerny,incorrect
plekkie,correct
litasie,incorrect
skrotum,correct
kennium,incorrect
klimaks,correct
vamping,incorrect
sapiens,correct
tatorie,incorrect
wamaker,correct
dieping,incorrect
kontrak,correct
kulteit,incorrect
huurder,correct
bedraal,incorrect
nagereg,correct
kossery,incorrect
chiasma,correct
danking,incorrect
morfien,correct
vervoud,incorrect
menigte,correct
voerise,incorrect
afbraak,correct
italing,incorrect
vulling,correct
perming,incorrect
boetiek,correct
kanasie,incorrect
breking,correct
engeluk,incorrect
ateïsme,correct
sorging,incorrect
switser,correct
historm,incorrect
analise,correct
nuwelik,incorrect
glimlag,correct
rekenis,incorrect
reptiel,correct
sakevel,incorrect
keurder,correct
kansiem,incorrect
boeddha,correct
psiging,incorrect
oseanië,correct
lemoede,incorrect
peptied,correct
tafelte,incorrect
hebreër,correct
sjimpak,incorrect
absurde,correct
sukkery,incorrect
vreugde,correct
verspek,incorrect
uitstek,correct
aseming,incorrect
athener,correct
slaming,incorrect
werping,correct
munisme,incorrect
wording,correct
impanje,incorrect
kleuter,correct
volking,incorrect
ertjies,correct
groting,incorrect
vlaggie,correct
vaderin,incorrect
vibrato,correct
intende,incorrect
indiaan,correct
massawe,incorrect
veiling,correct
beskare,incorrect
planter,correct
kalibië,incorrect
militêr,correct
teddfod,incorrect
gekheid,correct
meksiel,incorrect
nukleus,correct
wadraak,incorrect
onluste,correct
boliser,incorrect
marlene,correct
sindheid,incorrect
saailing,correct
moontein,incorrect
passasie,correct
pedagter,incorrect
hupstoot,correct
steuning,incorrect
harmonie,correct
omgewind,incorrect
historie,correct
bevolger,incorrect
quisling,correct
gegewing,incorrect
gepeupel,correct
spektief,incorrect
valsheid,correct
vriendom,incorrect
joernaal,correct
waarsdag,incorrect
waarsêer,correct
geheelal,incorrect
bekering,correct
seniteit,incorrect
belyning,correct
venesium,incorrect
veelheid,correct
vlekking,incorrect
sensasie,correct
kaldekus,incorrect
arbitrêr,correct
klokkade,incorrect
klousule,correct
struksie,incorrect
dissipel,correct
skrywing,incorrect
chemikus,correct
admiraat,incorrect
assiriër,correct
sprinsek,incorrect
rubidium,correct
affering,incorrect
vagevuur,correct
kontasie,incorrect
protokol,correct
kapslewe,incorrect
kambrium,correct
tekstiek,incorrect
korridor,correct
paraboot,incorrect
katapult,correct
fontever,incorrect
kromming,correct
drinkaan,incorrect
krygswet,correct
ammoniek,incorrect
amfibieë,correct
geleente,incorrect
lektrise,correct
ontmorie,incorrect
protosoë,correct
erfening,incorrect
swelling,correct
fondsing,incorrect
enkeling,correct
gediging,incorrect
beeldjie,correct
resensus,incorrect
strateeg,correct
beddegom,incorrect
insulien,correct
dierewag,incorrect
eindspel,correct
bestudie,incorrect
register,correct
vonturel,incorrect
kanunnik,correct
skanding,incorrect
afspraak,correct
ideerder,incorrect
kunslewe,correct
beheelal,incorrect
intensie,correct
donkende,incorrect
pedagoog,correct
bestasie,incorrect
skeuring,correct
kansigte,incorrect
kalifaat,correct
erkennis,incorrect
piekniek,correct
toekenis,incorrect
plakkaat,correct
albedrag,incorrect
kwelling,correct
stralite,incorrect
uitsigte,correct
minnabet,incorrect
steurnis,correct
temaking,incorrect
selfkant,correct
komponie,incorrect
hollands,correct
droestyn,incorrect
fruktose,correct
immigras,incorrect
calvinis,correct
karaktyk,incorrect
drukking,correct
woningin,incorrect
tagtiger,correct
histotel,incorrect
vibrasie,correct
versnaar,incorrect
filoloog,correct
negerief,incorrect
dominant,correct
behander,incorrect
gorillas,correct
insparte,incorrect
resistor,correct
sangenis,incorrect
nikotien,correct
hoërskap,incorrect
dekadent,correct
verendum,incorrect
skrapnel,correct
dienspek,incorrect
interdik,correct
moordige,incorrect
poppekas,correct
fakultus,incorrect
mooiheid,correct
ampsband,incorrect
goedheid,correct
frastron,incorrect
absentia,correct
navorsel,incorrect
basilika,correct
verneurs,incorrect
sambreel,correct
kunsmith,incorrect
graffiti,correct
aantedae,incorrect
beentjie,correct
vertalis,incorrect
booysens,correct
koerande,incorrect
telefone,correct
ekonderd,incorrect
sangeres,correct
volkings,incorrect
follikel,correct
nywering,incorrect
heksejag,correct
jassasie,incorrect
bekoring,correct
boerevet,incorrect
feetjies,correct
gangenie,incorrect
ekwiteit,correct
presidie,incorrect
keroseen,correct
apartaal,incorrect
estetika,correct
immature,incorrect
terapeut,correct
kerebruik,incorrect
skaamheid,correct
oorsiteit,incorrect
uitlating,correct
persiteit,incorrect
aantyging,correct
ekwivaler,incorrect
surrealis,correct
amaturgie,incorrect
sosioloog,correct
kandiging,incorrect
opsporing,correct
krisiteit,incorrect
outonomie,correct
nadenheid,incorrect
stoffberg,correct
mekomment,incorrect
mejuffrou,correct
lammeling,incorrect
meelewing,correct
kloosheid,incorrect
modulasie,correct
prefiguur,incorrect
uitwysing,correct
plakkaris,incorrect
toewysing,correct
patenheid,incorrect
bolletjie,correct
huisiging,incorrect
werkloses,correct
afkortiek,incorrect
moderator,correct
gebieding,incorrect
kontrabas,correct
dekademie,incorrect
kapasitor,correct
literiaal,incorrect
onderstel,correct
ekondiger,incorrect
fisioloog,correct
vernisoen,incorrect
verryking,correct
oorlosing,incorrect
onderdane,correct
prinkaans,incorrect
dingetjie,correct
besterfte,incorrect
stremming,correct
tradikant,incorrect
pleidooie,correct
sangetrou,incorrect
grensland,correct
beurtenis,incorrect
inmenging,correct
apparasie,incorrect
sjokolade,correct
akoesting,incorrect
mausoleum,correct
aspektief,incorrect
hiërargie,correct
konstenis,incorrect
visioenêr,correct
vleueling,incorrect
navigator,correct
verenslag,incorrect
aanbouing,correct
boerdedig,incorrect
oudiënsie,correct
kabekenis,incorrect
meridiaan,correct
reaksimum,incorrect
nostalgie,correct
westerfte,incorrect
hegemonie,correct
prostitel,incorrect
kwarantyn,correct
humiditer,incorrect
hofmakery,correct
modderser,incorrect
wynmakery,correct
simpanjie,incorrect
grootheid,correct
impanseen,incorrect
erfgename,correct
gestalgie,incorrect
reiniging,correct
kommandag,incorrect
indonesië,correct
sensiaans,incorrect
reservoir,correct
sorgdheid,incorrect
adjektief,correct
senatomis,incorrect
finansier,correct
kwartefak,incorrect
aspartaam,correct
woestasie,incorrect
allegorie,correct
karaktaar,incorrect
lewensaar,correct
staposter,incorrect
selfinsig,correct
burgemeen,incorrect
offerande,correct
kunsgewig,incorrect
parafilie,correct
suseremon,incorrect
sekelmaan,correct
mammature,incorrect
kokosneut,correct
afstatuur,incorrect
kanonnier,correct
branduide,incorrect
chondriet,correct
skakebuut,incorrect
inisiasie,correct
spierdige,incorrect
sultanaat,correct
kestralin,incorrect
afgeleide,correct
kwalifise,incorrect
gyselaars,correct
kunsmusea,incorrect
lutheraan,correct
ontlikheid,incorrect
onthulling,correct
wordigheid,incorrect
triptofaan,correct
sensetting,incorrect
sentimeter,correct
babiliteit,incorrect
opknapping,correct
geboortjie,incorrect
geskiednis,correct
skandiging,incorrect
opsluiting,correct
egskeident,incorrect
assosiasie,correct
pressiasie,incorrect
lewensduur,correct
afsondheid,incorrect
voogdyskap,correct
sonlikheid,incorrect
kosmologie,correct
sekretasie,incorrect
immigrasie,correct
kuraatheid,incorrect
selfbegrip,correct
gewordiger,incorrect
benoudheid,correct
doorneming,incorrect
masedoniër,correct
beperimens,incorrect
dominansie,correct
sekonoming,incorrect
kuratorium,correct
afperoksie,incorrect
kavallerie,correct
kwartement,incorrect
nietigheid,correct
departheid,incorrect
gereedheid,correct
eilantenis,incorrect
grensposte,correct
standidaat,incorrect
vermomming,correct
tussenvoud,incorrect
keisersnee,correct
aspektrise,incorrect
amerikaans,correct
vormigheid,incorrect
oorsetting,correct
testorikus,incorrect
intekenaar,correct
penderwerp,incorrect
seggenskap,correct
protektuur,incorrect
parysenaar,correct
voorsiteit,incorrect
liefhebber,correct
inkomedium,incorrect
seminarium,correct
jakarakter,incorrect
inploffing,correct
droefening,incorrect
wettigheid,correct
deltuiging,incorrect
amfetamien,correct
tydsvegter,incorrect
filtrering,correct
geregering,incorrect
affiniteit,correct
karnassene,incorrect
kartograaf,correct
kamerikant,incorrect
simbolisme,correct
spektrisis,incorrect
fraserburg,correct
ontwikkern,incorrect
literature,correct
totstalter,incorrect
wiskundige,correct
areopatiek,incorrect
seeanemone,correct
manuskring,incorrect
intimiteit,correct
smokkeling,incorrect
apparatuur,correct
sterfening,incorrect
termometer,correct
hondenking,incorrect
aftreeoord,correct
amnestasie,incorrect
animeerder,correct
meerdering,incorrect
koöperasie,correct
woordiging,incorrect
egiptoloog,correct
eindekskip,incorrect
bloedtoets,correct
noordelaar,incorrect
boereplaas,correct
beskripsie,incorrect
vergoeding,correct
besoedenis,incorrect
kollektant,correct
konflikkel,incorrect
handelslui,correct
meervoegin,incorrect
samekomste,correct
noordiging,incorrect
handvatsel,correct
oosteriaat,incorrect
rustigheid,correct
suiteratum,incorrect
smithfield,correct
gebruidjie,incorrect
bevriesing,correct
terpretoer,incorrect
graveerder,correct
besoeponis,incorrect
pessimisme,correct
klassifika,incorrect
kritzinger,correct
leerlosies,incorrect
masjinerie,correct
geskiering,incorrect
vernieling,correct
nywerskeie,incorrect
smeltkroes,correct
christisis,incorrect
pynstiller,correct
preokkupas,incorrect
speelsheid,correct
vanrhynsdom,incorrect
sigbaarheid,correct
hersteuning,incorrect
ontplooiing,correct
definistrik,incorrect
meganisasie,correct
vlermutasie,incorrect
antibiotika,correct
bevindividu,incorrect
inhuldiging,correct
moeilikasie,incorrect
krugersdorp,correct
nalatenheid,incorrect
beoordeling,correct
rekenningin,incorrect
begraafplek,correct
vriesterfte,incorrect
dissosiasie,correct
lugsaamheid,incorrect
afsydigheid,correct
epikuriteit,incorrect
subtiliteit,correct
vorminansie,incorrect
kansellasie,correct
gametrument,incorrect
mobilisasie,correct
patenskappy,incorrect
farmakoloog,correct
statisering,incorrect
restourasie,correct
woordigheid,incorrect
plantspesie,correct
tydsverhaal,incorrect
senioriteit,correct
resenliking,incorrect
besoedelaar,correct
gedieningin,incorrect
bevoegdheid,correct
kameritasie,incorrect
orkestrasie,correct
plaatletiek,incorrect
dierewêreld,correct
handerseker,incorrect
handelsbank,correct
aftredikant,incorrect
kartografie,correct
toernatomie,incorrect
moderniteit,correct
buiteratuur,incorrect
skoenlapper,correct
toerustisis,incorrect
selfportret,correct
universklas,incorrect
republikein,correct
preseptunie,incorrect
territorium,correct
opbrengelie,incorrect
laboratoria,correct
navorsiteit,incorrect
geskiktheid,correct
novellektor,incorrect
griekwastad,correct
boerderheid,incorrect
prostitusie,correct
hotelegging,incorrect
ventersdorp,correct
infrastruik,incorrect
skeepsbouer,correct
aktrisiteit,incorrect
curriebeker,correct
tydsbewoner,incorrect
bourgeoisie,correct
duiwerikant,incorrect
nigerrivier,correct
beheerskeid,incorrect
hematologie,correct
meervoeging,incorrect
beslistheid,correct
bewondensie,incorrect
doemprofeet,correct
diamantiste,incorrect
masjienerie,correct
konservaard,incorrect
dierespesie,correct
skrywerheid,incorrect
altruïsties,correct
pruiterator,incorrect
retoervloot,correct
meerdenkens,incorrect
studiegroep,correct
huwelikheid,incorrect
opeenhoping,correct
hittersraad,incorrect
adressering,correct
ontwikkewyn,incorrect
bevorderaar,correct
christerfte,incorrect
verkoopsman,correct
dekademikus,incorrect
neutmuskaat,correct
ribbekampus,incorrect
katabolisme,correct
vertalisent,incorrect
bantoestans,correct
hoëtoetssel,incorrect
kamieskroon,correct
geheilsleep,incorrect
vegetarisme,correct
aansportdam,incorrect
toespitsing,correct
ikoonherbod,incorrect
winkelgroep,correct
afwagtigheid,incorrect
magnetometer,correct
intrigenskap,incorrect
industrialis,correct
ontginnekant,incorrect
aankondiging,correct
grenslikheid,incorrect
islamisering,correct
volwassessor,incorrect
kamoeflering,correct
aktualisator,incorrect
boetedoening,correct
strekkenheid,incorrect
dankbaarheid,correct
aanbrekering,incorrect
vervreemding,correct
navorsetting,incorrect
arbeidskoste,correct
gravernisoen,incorrect
lofbetuiging,correct
verwondernis,incorrect
verdubbeling,correct
aluministrik,incorrect
kwytskelding,correct
duiwerdering,incorrect
prosessering,correct
broederatuur,incorrect
vertroudheid,correct
gebeurlaaier,incorrect
problematiek,correct
behanderwerp,incorrect
virtuositeit,correct
sultanatoria,incorrect
dubbelganger,correct
derdomsgroei,incorrect
paleontoloog,correct
karakteriaal,incorrect
liggaamswand,correct
einderwysing,incorrect
interpolasie,correct
pleinsetting,incorrect
goddelikheid,correct
sterskeident,incorrect
ensiklopedie,correct
tekortkomite,incorrect
waaksaamheid,correct
duitsondheid,incorrect
duiseligheid,correct
fabetekennis,incorrect
introspeksie,correct
neolitikulie,incorrect
homoseksuele,correct
goedkundiger,incorrect
turboaanjaer,correct
ekspermiddag,incorrect
utilitarisme,correct
landerwysing,incorrect
kriptografie,correct
heerskaffing,incorrect
voorgeslagte,correct
diensverking,incorrect
verlatenheid,correct
konnelangrid,incorrect
konglomeraat,correct
omstandidaat,incorrect
vrygewigheid,correct
skrywillende,incorrect
lewensgevoel,correct
begraadslede,incorrect
oproerigheid,correct
afstandiging,incorrect
liggaamsverf,correct
richtersteun,incorrect
eersgenoemde,correct
leerderikaan,incorrect
vyftigerjare,correct
strekkenhage,incorrect
behaviorisme,correct
romantegroei,incorrect
aandelebeurs,correct
troepledenis,incorrect
gelukwensing,correct
vervaardenke,incorrect
begeleidster,correct
naamheidenis,incorrect
huishoudster,correct
stertgrawing,incorrect
streptokokki,correct
waardrykskou,incorrect
sekretaresse,correct
sangerskyning,incorrect
modernisering,correct
eindersetting,incorrect
handelsbalans,correct
rekortsetting,incorrect
natuurlikheid,correct
standerwysing,incorrect
leksikografie,correct
polimorfiriek,incorrect
hulpeloosheid,correct
kwalifiserryk,incorrect
apartheidsera,correct
stroomhelsium,incorrect
skeepseienaar,correct
geskiedenheid,incorrect
dekolonisasie,correct
besprekenskap,incorrect
programmering,correct
rampoenteling,incorrect
sertifisering,correct
betekenningin,incorrect
inhoudsopgawe,correct
universitting,incorrect
lewensverloop,correct
oondheidsraad,incorrect
meervoudsvorm,correct
gemeerderhaal,incorrect
geleibaarheid,correct
spesierigging,incorrect
jukstaposisie,correct
universkyning,incorrect
lewensgehalte,correct
leservatorici,incorrect
observatorium,correct
gebeursorging,incorrect
onderskrywing,correct
rekenisneming,incorrect
verslaggewing,correct
witwaterslede,incorrect
historisiteit,correct
graafskeiderm,incorrect
opvoedkundige,correct
spoorsteuning,incorrect
eenselwigheid,correct
rehabitatisme,incorrect
welvarendheid,correct
gemeesteswerk,incorrect
strokiesprent,correct
hyseregtebome,incorrect
vissersdorpie,correct
adminiumstand,incorrect
tweetaligheid,correct
bevorderhemel,incorrect
askorbiensuur,correct
argitektoraat,incorrect
aanloklikheid,correct
reistortisaan,incorrect
oeralgebergte,correct
gebiedsuitkyk,incorrect
susereiniteit,correct
republikasier,incorrect
steytlerville,correct
persoonlikini,incorrect
kunsnywerheid,correct
vaarwordigheid,incorrect
sorgvuldigheid,correct
heevergelyking,incorrect
ontvanklikheid,correct
vroedersetting,incorrect
toeganklikheid,correct
alfabetekening,incorrect
historiografie,correct
vrienderwysing,incorrect
onderdanigheid,correct
familiteratuur,incorrect
lewenservaring,correct
eenheidsregter,incorrect
eienaardigheid,correct
verskynlikheid,incorrect
vermaaklikheid,correct
onstabilitauer,incorrect
heldhaftigheid,correct
afrikaatskappy,incorrect
konservatorium,correct
versitterskeid,incorrect
verpleegsuster,correct
olywendernalis,incorrect
hospitalisasie,correct
beraliteratuur,incorrect
aanpasbaarheid,correct
gewoonsteltjie,incorrect
woonstelletjie,correct
tuberteenwoord,incorrect
diversifikasie,correct
gewildernatief,incorrect
regeringsparty,correct
emmernietiging,incorrect
onvolmaaktheid,correct
bewoontlikheid,incorrect
neushoringvoël,correct
betekendezvous,incorrect
barmhartigheid,correct
burgemeentheid,incorrect
liggaamlikheid,correct
tekstrekkering,incorrect
besigheidsvrou,correct
fiaskonfrontak,incorrect
halfeindrondte,correct
erelboomspesie,incorrect
langlewendheid,correct
distrategering,incorrect
elektromagneet,correct
akwartekrakens,incorrect
tydsberekening,correct
deursredaksied,incorrect
onduidelikheid,correct
studentilatorie,incorrect
liggaamshouding,correct
klimaatskaplike,incorrect
funksionaliteit,correct
kommunisipaling,incorrect
nasionalisering,correct
duplisendigheid,incorrect
enkelvoudigheid,correct
voltooiingbetal,incorrect
vriendskapsband,correct
uitsondersepsie,incorrect
nywerheidsbasis,correct
bewermeerdering,incorrect
maansonkalender,correct
hoërskommunisme,incorrect
bedryfsinkomste,correct
watersgeneesdae,incorrect
gemeenskapslewe,correct
watersversiteit,incorrect
lewensonderhoud,correct
evangiosperiode,incorrect
uitruilbaarheid,correct
perspesifiserie,incorrect
gesondheidsoord,correct
skiedskaplikein,incorrect
vasbeslotenheid,correct
universkyningin,incorrect
delwerslisensie,correct
israeliebekenis,incorrect
passasierstrein,correct
universamelewing,incorrect
professionalisme,correct
definisipaliteit,incorrect
geloofsbelydenis,correct
bottentoesigheid,incorrect
rugbyvoetbalunie,correct
invloederkoeling,incorrect
afskeidsboodskap,correct
vredesverkophaal,incorrect
vredesooreenkoms,correct
handernietigheid,incorrect
lewensverwagting,correct
gemeenterwinning,incorrect
uitsonderlikheid,correct
verhoudingenieur,incorrect
verpersoonliking,correct
skilderneuropeër,incorrect
veiligheidsdiens,correct
magerskeiderland,incorrect
groepsgebiedewet,correct
rugskoffisioloog,incorrect
deurlaatbaarheid,correct
universkaplikaat,incorrect
volksvergadering,correct
rustinastialiter,incorrect
boekeversameling,correct
halfrontwikkeling,incorrect
handelsmaatskappy,correct
veelheidsvegtenis,incorrect
godsdiensonderrig,correct
versamekommunisie,incorrect
liefdesverhouding,correct
klasprokureursnee,incorrect
gewetensbeswaarde,correct
sanksietoeristorm,incorrect
gemoedsaandoening,correct
immunisipaliteraar,incorrect
handelsonderneming,correct
aanbevesteenwoorde,incorrect
waterstofperoksied,correct
verskeidsrepubliek,incorrect
monumentekommissie,correct
apostmaskermiljard,incorrect
ondoeltreffendheid,correct
publiklikheidsveld,incorrect
sustersorganisasie,correct
wesensaamheidskone,incorrect
vrymesselaarslosie,correct
universkloostelling,incorrect
skrywersorganisasie,correct
diplomaatskeldevark,incorrect
alomteenwoordigheid,correct
konferenigvuldiging,incorrect
ondersteuningsgroep,correct
skemersfontevergete,incorrect
wêreldbekertoernooi,correct
kommunikasierskeider,incorrect
kommissievergadering,correct
presidenheidsmidswag,incorrect
afrikaansmediumskool,correct
