stimulus,correct_answer
avor,incorrect
duna,correct
adre,incorrect
lema,correct
resc,incorrect
basa,correct
revi,incorrect
jura,correct
diat,incorrect
pern,correct
util,incorrect
burg,correct
cança,incorrect
papat,correct
corpí,incorrect
sella,correct
pació,incorrect
àliga,correct
entut,incorrect
grada,correct
notip,incorrect
pauta,correct
testí,incorrect
vigia,correct
lletí,incorrect
llama,correct
envell,incorrect
berber,correct
epítol,incorrect
ovació,correct
bestió,incorrect
acusat,correct
xement,incorrect
làpida,correct
nocidi,incorrect
uníson,correct
tetrat,incorrect
mexicà,correct
esvora,incorrect
trèvol,correct
rampol,incorrect
encesa,correct
sèptid,incorrect
alpaca,correct
flautó,incorrect
butaca,correct
terroc,incorrect
llanda,correct
emping,incorrect
etarra,correct
enregió,incorrect
beisbol,correct
dologia,incorrect
vocació,correct
matemps,incorrect
costura,correct
cavitud,incorrect
catàleg,correct
lapsula,incorrect
additiu,correct
biorema,incorrect
alçària,correct
regenda,incorrect
canonja,correct
primoni,incorrect
caseïna,correct
devocal,incorrect
ortodox,correct
cedrera,incorrect
tètanus,correct
dinador,incorrect
balança,correct
polípid,incorrect
polímer,correct
pràcter,incorrect
suïcidi,correct
encançó,incorrect
fallada,correct
precipi,incorrect
monòlit,correct
naixell,incorrect
addició,correct
princió,incorrect
directe,correct
mecanvi,incorrect
palauet,correct
hormoni,incorrect
senador,correct
esclavi,incorrect
lligand,correct
enganès,incorrect
tarannà,correct
anivern,incorrect
decorat,correct
latellà,incorrect
romànic,correct
trànsia,incorrect
suïcida,correct
cripció,incorrect
monòleg,correct
ivorció,incorrect
tsunami,correct
hidroga,incorrect
tauleta,correct
etimoni,incorrect
eufòria,correct
detrari,incorrect
positró,correct
pedalló,incorrect
pedagog,correct
telegrí,incorrect
hipòxia,correct
barrafa,incorrect
presagi,correct
motocol,incorrect
fenotip,correct
petropa,incorrect
vestigi,correct
timbrió,incorrect
bonança,correct
dilueta,incorrect
pagesia,correct
implota,incorrect
estuari,correct
sabotel,incorrect
passada,correct
pistent,incorrect
finança,correct
pinturó,incorrect
afegitó,correct
inèrcit,incorrect
miqueta,correct
equisme,incorrect
creient,correct
discina,incorrect
intriga,correct
morrida,incorrect
quitxés,correct
collaga,incorrect
mascaró,correct
aspecia,incorrect
torreta,correct
prograf,incorrect
negatiu,correct
revolum,incorrect
teòrica,correct
reintra,incorrect
modista,correct
promini,incorrect
clatell,correct
cinteri,incorrect
silenci,correct
actitut,incorrect
censura,correct
metritó,incorrect
puntada,correct
acadenc,incorrect
enclusa,correct
qüestil,incorrect
bogeria,correct
gomorfs,incorrect
sodomia,correct
momença,incorrect
hugonot,correct
guerial,incorrect
agencia,correct
bastafa,incorrect
escurçó,correct
deserva,incorrect
gallina,correct
vegador,incorrect
reducte,correct
niverna,incorrect
partisà,correct
tabaqui,incorrect
aptitud,correct
potenció,incorrect
bolxevic,correct
novembra,incorrect
jugadora,correct
coincipi,incorrect
cofactor,correct
recercle,incorrect
recursió,correct
vocabuda,incorrect
ciclisme,correct
iconomia,incorrect
ucraïnès,correct
gradició,incorrect
despulla,correct
baluació,incorrect
balneari,correct
rectacle,incorrect
primícia,correct
dinadora,incorrect
religiós,correct
increuer,incorrect
catàlisi,correct
classeig,incorrect
agressor,correct
perfície,incorrect
fondària,correct
rituació,incorrect
absorció,correct
escòrdic,incorrect
conífera,correct
relleria,incorrect
detector,correct
guerreny,incorrect
heroisme,correct
homosoma,incorrect
precepte,correct
enviatge,incorrect
bielorús,correct
dianisme,incorrect
pregària,correct
experill,incorrect
impulsor,correct
nomenaça,incorrect
traçador,correct
remuncle,incorrect
seducció,correct
peticidi,incorrect
factoria,correct
exterial,incorrect
extracte,correct
geograma,incorrect
safàvida,correct
rehabita,incorrect
nodrissa,correct
hipertit,incorrect
encontre,correct
navegada,incorrect
brúixola,correct
elefèria,incorrect
ostrogot,correct
parativa,incorrect
canyella,correct
arabinet,incorrect
cuidador,correct
obstació,incorrect
exempció,correct
imaginès,incorrect
executor,correct
vestitud,incorrect
germànic,correct
joguineu,incorrect
orogènia,correct
sindició,incorrect
cuirassa,correct
esfingol,incorrect
cadència,correct
micròfag,incorrect
erotisme,correct
escultat,incorrect
tresorer,correct
presorer,incorrect
metratge,correct
musiquia,incorrect
impuresa,correct
segurgia,incorrect
captador,correct
frescola,incorrect
penitent,correct
drogatja,incorrect
puixança,correct
sessitat,incorrect
madrassa,correct
balandès,incorrect
versicle,correct
espirata,incorrect
escissió,correct
momentiu,incorrect
incentiu,correct
experior,incorrect
gasolina,correct
formàtic,incorrect
caràtula,correct
geneïtat,incorrect
prosòdia,correct
tròpoder,incorrect
sunnisme,correct
accidenc,incorrect
nacional,correct
incentre,incorrect
demència,correct
diagonès,incorrect
tomàquet,correct
articida,incorrect
pirateig,correct
terranya,incorrect
ballesta,correct
intervei,incorrect
llengües,correct
servador,incorrect
esquirol,correct
basquena,incorrect
noviciat,correct
necessor,incorrect
auxiliar,correct
ciutador,incorrect
empleada,correct
sentatge,incorrect
escopeta,correct
supervid,incorrect
soldanat,correct
hemograf,incorrect
taronger,correct
hiversió,incorrect
jornaler,correct
encarrer,incorrect
pesadesa,correct
suposita,incorrect
braçalet,correct
emperana,incorrect
valentia,correct
meitatge,incorrect
pontífex,correct
traducte,incorrect
castanya,correct
dilatger,incorrect
canonera,correct
retratge,incorrect
samànida,correct
càrmació,incorrect
motxilla,correct
riqueixa,incorrect
albereda,correct
objectil,incorrect
advocada,correct
opositat,incorrect
aspirina,correct
literior,incorrect
ametller,correct
interial,incorrect
mancança,correct
paractat,incorrect
ponència,correct
victòric,incorrect
semblant,correct
obstanya,incorrect
vigilant,correct
niversió,incorrect
campiona,correct
necessió,incorrect
albúmina,correct
penalade,incorrect
alacantí,correct
òperança,incorrect
defecció,correct
puntanya,incorrect
escarola,correct
partissa,incorrect
hipocamp,correct
òperador,incorrect
ovulació,correct
òrbitant,incorrect
tendresa,correct
momenatge,incorrect
finalista,correct
llevància,incorrect
reposició,correct
periència,incorrect
percussió,correct
pecadèmia,incorrect
devolució,correct
facultura,incorrect
botulisme,correct
catecisió,incorrect
corriment,correct
contenari,incorrect
condemnat,correct
rampanyol,incorrect
rosegador,correct
teclarina,incorrect
cadiratge,correct
tiroteïna,incorrect
absolució,correct
trànsitat,incorrect
golejador,correct
perspecte,incorrect
automòbil,correct
caràctica,incorrect
modulació,correct
constitud,incorrect
confessor,correct
verolador,incorrect
infracció,correct
exemplada,incorrect
organista,correct
tortuguès,incorrect
musicòleg,correct
tresonera,incorrect
substitut,correct
abundària,incorrect
warfarina,correct
restimoni,incorrect
suposició,correct
creixeble,incorrect
irrigació,correct
ampliment,incorrect
missioner,correct
xariatura,incorrect
conreador,correct
autorició,incorrect
plantador,correct
imperador,incorrect
humilitat,correct
valquerra,incorrect
unionisme,correct
pinturada,incorrect
aventurer,correct
inundador,incorrect
cobriment,correct
pressitat,incorrect
agregació,correct
intesania,incorrect
visionari,correct
disputadà,incorrect
resistent,correct
guantitat,incorrect
patrocini,correct
divisatge,incorrect
modelatge,correct
literatge,incorrect
humanista,correct
companyol,incorrect
voluntari,correct
glicòpter,incorrect
eutanàsia,correct
represtat,incorrect
iniciador,correct
extensita,incorrect
kharigita,correct
germanari,incorrect
admirador,correct
esculiari,incorrect
llengüeta,correct
selectura,incorrect
fisonomia,correct
senalitat,incorrect
poligàmia,correct
centerial,incorrect
islamista,correct
vaixement,incorrect
dominador,correct
porcelleu,incorrect
camioneta,correct
bussament,incorrect
oferiment,correct
ribertura,incorrect
demòcrata,correct
arristiar,incorrect
distinció,correct
muntuació,incorrect
imputació,correct
bordinasa,incorrect
auditoria,correct
coopereta,incorrect
exocitosi,correct
desemblea,incorrect
comissari,correct
integrama,incorrect
escuderia,correct
opinistre,incorrect
muntadora,correct
colonèsia,incorrect
comptatge,correct
rendicina,incorrect
reductasa,correct
portància,incorrect
telèmetre,correct
teoriador,incorrect
numeració,correct
jerarieta,incorrect
equipació,correct
superfugi,incorrect
escalador,correct
experitat,incorrect
brollador,correct
tiroscort,incorrect
embolcall,correct
tempentit,incorrect
comptador,correct
tubercula,incorrect
sacerdoci,correct
tereofsia,incorrect
batzegada,correct
exhaurina,incorrect
albinisme,correct
guerratge,incorrect
usurpació,correct
sorologia,incorrect
petròglif,correct
agonistre,incorrect
agraïment,correct
rehabitat,incorrect
exsudació,correct
demogloba,incorrect
escrutini,correct
arrellesa,incorrect
trencadís,correct
òperatura,incorrect
jerarquia,correct
cefalitat,incorrect
abdominal,correct
interrera,incorrect
ballester,correct
lideracle,incorrect
itinerari,correct
arquitari,incorrect
davallada,correct
honorania,incorrect
difracció,correct
guerritor,incorrect
mesolític,correct
servenció,incorrect
discreció,correct
sostàlgia,incorrect
pitagòric,correct
deparació,incorrect
comunicat,correct
maccatolí,incorrect
regressió,correct
suporteri,incorrect
encanteri,correct
paleontos,incorrect
captiveri,correct
tropagand,incorrect
conquista,correct
aventusió,incorrect
oligopoli,correct
judicamen,incorrect
ompliment,correct
mongevitat,incorrect
captivitat,correct
cardinador,incorrect
espionatge,correct
metalleria,incorrect
simbolista,correct
juveniment,incorrect
cofundador,correct
seientífic,incorrect
ineficàcia,correct
celeratura,incorrect
adveniment,correct
sospitalià,incorrect
acumulador,correct
condicador,incorrect
mantenidor,correct
arquisitat,incorrect
hemorràgia,correct
reflexitat,incorrect
secundària,correct
adquisitat,incorrect
adversitat,correct
tuberància,incorrect
bussejador,correct
milionatge,incorrect
deferència,correct
genocàrpia,incorrect
dissipació,correct
inflexitat,incorrect
virulència,correct
trosperior,incorrect
subcultura,correct
intricitat,incorrect
contenidor,correct
mestrucció,incorrect
enteniment,correct
objectòria,incorrect
unanimitat,correct
concentesi,incorrect
protestant,correct
museograma,incorrect
impotència,correct
partilitat,incorrect
translació,correct
hipogènere,incorrect
deteniment,correct
provisació,incorrect
provocació,correct
inveniment,incorrect
innocència,correct
deteratura,incorrect
antibiòtic,correct
repredicat,incorrect
referencia,correct
ordinastia,incorrect
escriptora,correct
delicòpter,incorrect
diplodòcid,correct
eliminança,incorrect
muntanyeta,correct
tiroteïnat,incorrect
certificat,correct
divinitiva,incorrect
patronatge,correct
experiòdic,incorrect
guanyadora,correct
apòstoltes,incorrect
màrqueting,correct
restrument,incorrect
restitució,correct
ofertiller,incorrect
agrupament,correct
declaracte,incorrect
cartaginès,correct
imperatura,incorrect
humiliació,correct
destrument,incorrect
carburador,correct
encefalear,incorrect
tipografia,correct
incendrama,incorrect
receptacle,correct
condicació,incorrect
protectora,correct
ponentació,incorrect
rotunditat,correct
cúpularina,incorrect
vulcanisme,correct
conflicció,incorrect
observança,correct
influentor,incorrect
ferreteria,correct
emissident,incorrect
embranzida,correct
reconomiat,incorrect
hipocresia,correct
generosina,incorrect
soldadesca,correct
modificial,incorrect
necròpolis,correct
hosteritat,incorrect
limburguès,correct
matriumvir,incorrect
refinament,correct
jardinador,incorrect
jardineria,correct
indústribu,incorrect
catàstrofe,correct
hostitució,incorrect
reticència,correct
edictadorn,incorrect
tramuntana,correct
lesiologia,incorrect
bandidatge,correct
caloristià,incorrect
paternitat,correct
reservisió,incorrect
caricatura,correct
ganització,incorrect
alentiment,correct
llibertura,incorrect
resplendor,correct
prominació,incorrect
estupidesa,correct
cavaluardó,incorrect
influencia,correct
reformatge,incorrect
reliquiari,correct
novembruix,incorrect
anunciació,correct
ocupacient,incorrect
torpediner,correct
controlabi,incorrect
brillantor,correct
nivernador,incorrect
obstinació,correct
superaturg,incorrect
finestreta,correct
categorisc,incorrect
industrial,correct
classembre,incorrect
ostentador,correct
majoriador,incorrect
vaccinació,correct
existèrnum,incorrect
additament,correct
aparicitat,incorrect
pinzellada,correct
llosanoide,incorrect
sublimació,correct
hospitació,incorrect
conurbació,correct
pereriment,incorrect
obscenitat,correct
desemblanc,incorrect
acomodació,correct
portalenda,incorrect
edulcorant,correct
evolupador,incorrect
ecologista,correct
amicilitar,incorrect
fustigació,correct
càncertesà,incorrect
aglomerant,correct
princident,incorrect
retribució,correct
classembra,incorrect
llicorella,correct
geogramati,incorrect
presseguer,correct
sessionata,incorrect
cataclisme,correct
selecturat,incorrect
denunciant,correct
fecundància,incorrect
suggeriment,correct
acterística,incorrect
procediment,correct
empresència,incorrect
bloquejador,correct
emperimònia,incorrect
advertència,correct
competicipi,incorrect
subscriptor,correct
contisemini,incorrect
destacament,correct
companyador,incorrect
registrador,correct
trastoritat,incorrect
catolicisme,correct
categorisme,incorrect
catedràtica,correct
condicamena,incorrect
compositora,correct
desentència,incorrect
subscripció,correct
incentració,incorrect
decapitació,correct
cambrariant,incorrect
solidaritat,correct
momentiment,incorrect
comandància,correct
festianisme,incorrect
recurrència,correct
televisitat,incorrect
catalanisme,correct
observenció,incorrect
enlairament,correct
importalesa,incorrect
supervivent,correct
construment,incorrect
convivència,correct
rocaricitat,incorrect
radionúclid,correct
restimologi,incorrect
recolzament,correct
sectoratori,incorrect
hidrografia,correct
investimoni,incorrect
notificació,correct
minúscultiu,incorrect
reafirmació,correct
campanyança,incorrect
constituent,correct
candiocarbó,incorrect
polisacàrid,correct
destionatge,incorrect
interdicció,correct
successatge,incorrect
encriptació,correct
prevestíbul,incorrect
angiografia,correct
superimònid,incorrect
transversal,correct
autoritatge,incorrect
substitutiu,correct
constàndari,incorrect
mitocòndria,correct
materiorama,incorrect
restaurador,correct
almiradació,incorrect
separatista,correct
diputadella,incorrect
allunyament,correct
expresultat,incorrect
arabització,correct
presiduïtat,incorrect
acoloriment,correct
preparacter,incorrect
reimpressió,correct
instrucador,incorrect
refrigerant,correct
displàstiga,incorrect
protrombina,correct
atmosferida,incorrect
audiovisual,correct
suportància,incorrect
fraternitat,correct
augmentador,incorrect
agrimensura,correct
movimensiva,incorrect
dedicatòria,correct
arquestatut,incorrect
ciclofilina,correct
campanyador,incorrect
subcampiona,correct
esquitectiu,incorrect
fosfomicina,correct
recompanyia,incorrect
serralleria,correct
transpartit,incorrect
maquillatge,correct
qüestitució,incorrect
teatralitat,correct
desemblancí,incorrect
transvestit,correct
quantilació,incorrect
dissertació,correct
muntaristià,incorrect
contrincant,correct
classejador,incorrect
terapèutica,correct
manerarquès,incorrect
cantimplora,correct
psicomistià,incorrect
llicenciada,correct
confidelicte,incorrect
confrontació,correct
frontinuació,incorrect
versificació,correct
tripularitat,incorrect
falsificació,correct
histocràcies,incorrect
sensibilitat,correct
supervivenda,incorrect
superioritat,correct
malaltitució,incorrect
adolescència,correct
conticipació,incorrect
conservatori,correct
bacterística,incorrect
beatificació,correct
sostrepància,incorrect
velociraptor,correct
batxillerial,incorrect
predecessora,correct
ultracetació,incorrect
transpiració,correct
malaltiplina,incorrect
sindicalista,correct
escrutinació,incorrect
massificació,correct
gestigadient,incorrect
materialista,correct
excavaluador,incorrect
magistratura,correct
incompositat,incorrect
incomprensió,correct
concentència,incorrect
conveniència,correct
recuperfície,incorrect
justificació,correct
caractitució,incorrect
subconscient,correct
importalisme,incorrect
sindicalisme,correct
categoristia,incorrect
constructora,correct
electrinxera,incorrect
psicoanàlisi,correct
vaixecameluc,incorrect
restabliment,correct
destracteria,incorrect
determinisme,correct
ateriodistra,incorrect
flexibilitat,correct
esquadrassat,incorrect
historiadora,correct
demociclisme,incorrect
combativitat,correct
lligarretera,incorrect
singularitat,correct
cartículació,incorrect
escepticisme,correct
investivitat,incorrect
colonialista,correct
matrimogènit,incorrect
subcampionat,correct
categoristià,incorrect
dissenyadora,correct
exametllador,incorrect
decreixement,correct
doministrena,incorrect
funcionariat,correct
acabatimisme,incorrect
clientelisme,correct
objectivisió,incorrect
contractista,correct
contropagand,incorrect
fertilitzant,correct
neoproducció,incorrect
racionalisme,correct
aprenentanya,incorrect
fonamentació,correct
hindicinador,incorrect
encerclament,correct
juristinació,incorrect
preeminència,correct
versonatival,incorrect
debilitament,correct
quantiguitat,incorrect
congressista,correct
cromocisteri,incorrect
contemporani,correct
edificulació,incorrect
apaivagament,correct
possegamenta,incorrect
heterosexual,correct
artellimenta,incorrect
verticalitat,correct
modificultura,incorrect
conductivitat,correct
estacamenatge,incorrect
confucianisme,correct
carreteratura,incorrect
privatització,correct
atmosferència,incorrect
pseudociència,correct
dinastianisme,incorrect
insuficiència,correct
doministricte,incorrect
transportador,correct
mecanònicació,incorrect
formalització,correct
pinastianisme,incorrect
protuberància,correct
ministratègia,incorrect
fertilització,correct
passassinatge,incorrect
encapçalament,correct
pràcterística,incorrect
esferificació,correct
proliferència,incorrect
implementació,correct
infantecedent,incorrect
arrossegament,correct
diferèndument,incorrect
excentricitat,correct
commemorància,incorrect
expedicionari,correct
avallerenador,incorrect
avituallament,correct
aluminoriador,incorrect
vicesecretari,correct
cutícularitat,incorrect
rehabilitació,correct
comunicipital,incorrect
temporitzador,correct
suportalentit,incorrect
interceptació,correct
finestribució,incorrect
isomerització,correct
alcaldessadís,incorrect
vasodilatació,correct
euroimantigui,incorrect
autoestopista,correct
reimpresència,incorrect
efervescència,correct
sànscriterior,incorrect
epistemologia,correct
pinturalestre,incorrect
pampallugueig,correct
franquilòmetre,incorrect
accessibilitat,correct
orquestructura,incorrect
popularització,correct
esgotamentació,incorrect
coprotagonista,correct
disturbulència,incorrect
reincorporació,correct
reguntanatomia,incorrect
percussionista,correct
competicipació,incorrect
particularitat,correct
videoconducció,incorrect
transliteració,correct
expresistència,incorrect
condicionament,correct
catàstrofessor,incorrect
jurisprudència,correct
màquinocultura,incorrect
radicalització,correct
concilingüista,incorrect
republicanisme,correct
cromosexualita,incorrect
esfingomielina,correct
factoriografia,incorrect
inevitabilitat,correct
educantisemini,incorrect
videoprojector,correct
contempentífic,incorrect
caravanserrall,correct
guarnimentació,incorrect
enciclopedista,correct
inicipacifició,incorrect
deshidrogenasa,correct
