stimulus,correct_answer
estr,incorrect
cwrs,correct
trys,incorrect
trio,correct
ystr,incorrect
marc,correct
piwr,incorrect
grug,correct
diwr,incorrect
saig,correct
idio,incorrect
nant,correct
niwr,incorrect
tanc,correct
ecyn,incorrect
tusw,correct
ffur,incorrect
ffwr,correct
arlwr,incorrect
adref,correct
siedi,incorrect
daflu,correct
dirwr,incorrect
dyngu,correct
athlu,incorrect
graig,correct
seryd,incorrect
syrth,correct
rhybu,incorrect
gwest,correct
adoli,incorrect
ocwlt,correct
prosi,incorrect
meddw,correct
nodeb,incorrect
ochor,correct
trawd,incorrect
barnu,correct
mardd,incorrect
rhaff,correct
mosgi,incorrect
anfon,correct
madfa,incorrect
pecyn,correct
allod,incorrect
morgi,correct
cythr,incorrect
tarfu,correct
pellt,incorrect
palas,correct
chasg,incorrect
brith,correct
rwsio,incorrect
ustus,correct
llwyo,incorrect
gwlan,correct
arddi,incorrect
brain,correct
daweg,incorrect
arafu,correct
heidr,incorrect
cofio,correct
cywyd,incorrect
ffydd,correct
iardd,incorrect
coron,correct
hedig,incorrect
dalen,correct
addfa,incorrect
parôl,correct
hynas,incorrect
prawf,correct
heddi,incorrect
egwyl,correct
ychyd,incorrect
ildio,correct
diddo,incorrect
siwgr,correct
mateg,incorrect
meini,correct
fwynt,incorrect
mharc,correct
haned,incorrect
gwlaw,correct
lluog,incorrect
niwed,correct
sgrif,incorrect
wyneb,correct
afoni,incorrect
cefnu,correct
carfau,incorrect
carbon,correct
cenedd,incorrect
sinema,correct
termio,incorrect
pontio,correct
allwng,incorrect
daniel,correct
tegydd,incorrect
pechod,correct
taledd,incorrect
taldra,correct
argryn,incorrect
brigâd,correct
asgwrs,incorrect
hormon,correct
rhaedd,incorrect
ystlys,correct
bachub,incorrect
awyrlu,correct
arestr,incorrect
bonedd,correct
cennaf,incorrect
pabell,correct
dargae,incorrect
morwyr,correct
antiad,incorrect
bwyell,correct
adledd,incorrect
copaon,correct
prebel,incorrect
dynion,correct
pryfel,incorrect
haelod,correct
daearn,incorrect
plwyfi,correct
baledd,incorrect
neidio,correct
caeadr,incorrect
hanafu,correct
tueddf,incorrect
wialen,correct
celfis,incorrect
castio,correct
bysebu,incorrect
arabeg,correct
anrhyn,incorrect
orsedd,correct
nyffro,incorrect
bedydd,correct
bydref,incorrect
derwen,correct
rhigyn,incorrect
rhigwm,correct
proleg,incorrect
canmol,correct
pelydd,incorrect
trwsio,correct
cantod,incorrect
eidion,correct
goroed,incorrect
gwaedu,correct
diarff,incorrect
heiddo,correct
ymenyw,incorrect
gwared,correct
ysgawd,incorrect
cyffin,correct
degydd,incorrect
tenant,correct
mathem,incorrect
dychan,correct
stamen,incorrect
cymysg,correct
yfeddi,incorrect
rwsieg,correct
anifer,incorrect
crynwr,correct
aeresi,incorrect
crawen,correct
rasiwm,incorrect
alltud,correct
amddir,incorrect
swedeg,correct
oedion,incorrect
ysgaru,correct
unawdd,incorrect
normal,correct
heddwl,incorrect
moeseg,correct
anhaws,incorrect
silica,correct
chwedd,incorrect
episod,correct
trosgo,incorrect
plastr,correct
llywod,incorrect
terfyn,correct
cymder,incorrect
gweddi,correct
ymater,incorrect
mandad,correct
ffennu,incorrect
temtio,correct
honnel,incorrect
lwyfan,correct
senedl,incorrect
ornest,correct
prydeb,incorrect
blewyn,correct
ysgwyl,incorrect
ystlum,correct
gyfaid,incorrect
hwyaid,correct
westyn,incorrect
proton,correct
hanneg,incorrect
gwasgu,correct
safion,incorrect
marcio,correct
perthu,incorrect
walter,correct
ethogi,incorrect
credyd,correct
cymhle,incorrect
cymodi,correct
ffoeso,incorrect
tafwys,correct
derbyd,incorrect
llawen,correct
diwydr,incorrect
dyfeis,correct
ymddef,incorrect
llygru,correct
offeri,incorrect
hydred,correct
cymanwl,incorrect
cymaint,correct
libreth,incorrect
soprano,correct
unoliad,incorrect
profiad,correct
arglwys,incorrect
unffurf,correct
newidfa,incorrect
golygfa,correct
honnell,incorrect
esbonio,correct
embarél,incorrect
edmygwr,correct
llanwad,incorrect
gwyriad,correct
nadolyn,incorrect
dawnsio,correct
comedru,incorrect
cerdded,correct
gwefror,incorrect
cynhesu,correct
difardd,incorrect
distyll,correct
buddiad,incorrect
hoffter,correct
ffoeswr,incorrect
llugoer,correct
adegydd,incorrect
braslun,correct
ffyddyd,incorrect
hymladd,correct
awtomeg,incorrect
diploma,correct
arbrawd,incorrect
adfywio,correct
categwr,incorrect
cemegwr,correct
isrywed,incorrect
damwain,correct
chweddu,incorrect
mynydda,correct
blanegu,incorrect
twyllwr,correct
mynedig,incorrect
milenia,correct
aflwyno,incorrect
benrhyn,correct
stament,incorrect
delfryd,correct
isethod,incorrect
eidaleg,correct
rheoleg,incorrect
llyfryn,correct
bodledd,incorrect
gollwng,correct
prosedd,incorrect
ymwelwr,correct
caethau,incorrect
gweddïo,correct
dymuned,incorrect
preswyl,correct
creulio,incorrect
mynychu,correct
pleidfa,incorrect
diwygwr,correct
ffennaf,incorrect
temtiad,correct
meddwch,incorrect
nodiant,correct
swistri,incorrect
nyffryn,correct
bardded,incorrect
chwarel,correct
jwrasil,incorrect
jwrasig,correct
beirnod,incorrect
blaenwr,correct
achodfa,incorrect
diffodd,correct
llynged,incorrect
gwaredu,correct
athroni,incorrect
ohebydd,correct
banerwr,incorrect
golygon,correct
peidiwm,incorrect
harddel,correct
talendr,incorrect
ysgubor,correct
mecaner,incorrect
cemegyn,correct
cymharc,incorrect
cyhuddo,correct
ffynhoi,incorrect
cywasgu,correct
onesiwm,incorrect
cwantwm,correct
uwchrau,incorrect
nechrau,correct
ymerica,incorrect
cynghor,correct
thwneud,incorrect
sgwrsio,correct
ffision,incorrect
ffiwdal,correct
sgrifio,incorrect
plastig,correct
pryfalu,incorrect
lladron,correct
halwyfi,incorrect
cysonyn,correct
cyrhaen,incorrect
llithro,correct
cerddeg,incorrect
gwobrau,correct
heddwol,incorrect
reidiwr,correct
niferyd,incorrect
tarddle,correct
cilomedi,incorrect
cilometr,correct
hysgript,incorrect
niwclear,correct
electrwm,incorrect
almaenwr,correct
dathleth,incorrect
dathliad,correct
cyrraeth,incorrect
ymosodwr,correct
cyfeistr,incorrect
cyfeilio,correct
barddwch,incorrect
organydd,correct
gallusgo,incorrect
galluogi,correct
haearydd,incorrect
dylunydd,correct
twristir,incorrect
sbectrwm,correct
hufeinal,incorrect
cludiant,correct
colofnod,incorrect
arloeswr,correct
amcangen,incorrect
amlygiad,correct
presbiad,incorrect
welliant,correct
disgynwr,incorrect
orchymyn,correct
anifalri,incorrect
ieithydd,correct
efydlynu,incorrect
tywysydd,correct
milltiad,incorrect
natsïaid,correct
harpsico,incorrect
trobwynt,correct
ofyddiad,incorrect
dominiwn,correct
doriaeth,incorrect
dugiaeth,correct
diffynwr,incorrect
sefydlwr,correct
daearydd,incorrect
wrandäwr,correct
buwchrau,incorrect
toddiant,correct
mudiaeth,incorrect
argyfwng,correct
llyfrwng,incorrect
cymundeb,correct
metholig,incorrect
argymell,correct
mawrthod,incorrect
achosion,correct
gwarelwr,incorrect
prynhawn,correct
eildroad,incorrect
anabledd,correct
eisiaeth,incorrect
estyniad,correct
arganfon,incorrect
dirprwyo,correct
ymellter,incorrect
pentagon,correct
fferthyn,incorrect
ffenomen,correct
prifddin,incorrect
prifardd,correct
bythyron,incorrect
dychanwr,correct
canolryw,incorrect
teyrnged,correct
traffiad,incorrect
meirniad,correct
gwiweryd,incorrect
cyhydedd,correct
dechradd,incorrect
dynodiad,correct
twyllgor,incorrect
clerigwr,correct
filltiad,incorrect
glerigwr,correct
cyfrando,incorrect
cyfrinfa,correct
taniatáu,incorrect
bortread,correct
amddeoli,incorrect
angharad,correct
diffynfa,incorrect
amaethwr,correct
ceneddwl,incorrect
croesiad,correct
blaenydd,incorrect
erlynydd,correct
mywgraff,incorrect
cosmetig,correct
lleuaeth,incorrect
gwylliad,correct
amgueddi,incorrect
strwythr,correct
cyffrynt,incorrect
golygiad,correct
cyffroen,incorrect
gweithlu,correct
eithrebu,incorrect
diwygiwr,correct
eirlawni,incorrect
trechiad,correct
enghrair,incorrect
ynganiad,correct
tenantio,incorrect
dymchwel,correct
crefydlu,incorrect
cenhedlu,correct
datrysor,incorrect
synhwyro,correct
brastell,incorrect
arabiaid,correct
gwrthwyo,incorrect
dewisiad,correct
addysgen,incorrect
comediwr,correct
milltith,incorrect
gweithfa,correct
ysgyfaid,incorrect
penlinio,correct
dillafar,incorrect
ymweliad,correct
cymrysor,incorrect
cyfarpar,correct
hunaniad,incorrect
atgyfodi,correct
hunangos,incorrect
hiliaeth,correct
dyddiant,incorrect
dyddiadu,correct
lithyddu,incorrect
cleifion,correct
sanaethu,incorrect
delweddu,correct
arweinwe,incorrect
arsyllfa,correct
gwerinio,incorrect
teyrnasu,correct
arachynu,incorrect
dwythell,correct
ffynodeb,incorrect
ffrancwr,correct
tachwely,incorrect
egwyddor,correct
chwelydd,incorrect
efelychu,correct
gwarchir,incorrect
llafurwr,correct
tecstand,incorrect
sarsiant,correct
bywgraff,incorrect
dynwared,correct
iechydig,incorrect
afiechyd,correct
pentioli,incorrect
achyddwr,correct
sefyddyd,incorrect
pysgotwr,correct
planhile,incorrect
cariadon,correct
tachwefr,incorrect
ysgrifen,correct
bywyddog,incorrect
addoliad,correct
brynnwys,incorrect
cyffwrdd,correct
belliant,incorrect
calcwlws,correct
diwyddfa,incorrect
ymchwydd,correct
pwysoges,incorrect
reifflwr,correct
ymddanio,incorrect
rhyfelwr,correct
gwrwario,incorrect
gwybedog,correct
gonfeddi,incorrect
sigaréts,correct
gomisiws,incorrect
sgleinio,correct
epidemia,incorrect
crebachu,correct
diweidig,incorrect
cenhinen,correct
cychodfa,incorrect
masnachu,correct
epidemio,incorrect
clarinét,correct
ameriant,incorrect
dychwela,correct
perffore,incorrect
arysgrif,correct
fudiaeth,incorrect
efrydydd,correct
ffilmydd,incorrect
chwarren,correct
niferiad,incorrect
cwympiad,correct
annibynnu,incorrect
annibynwr,correct
unigoliad,incorrect
unigolion,correct
anhysbyty,incorrect
brifysgol,correct
cadfridor,incorrect
cadfridog,correct
arysgript,incorrect
dimensiwn,correct
dymhellor,incorrect
calchfaen,correct
neidrwydd,incorrect
cadwraeth,correct
pinwyrain,incorrect
cronfeydd,correct
carianner,incorrect
brythoneg,correct
etifeddyf,incorrect
etifeddes,correct
prifoldeb,incorrect
priffordd,correct
meifodiad,incorrect
harneisio,correct
dyrchydig,incorrect
deddfwrfa,correct
santernet,incorrect
cwestiynu,correct
goruchwyn,incorrect
breuddwyd,correct
gorchfaen,incorrect
cymysgedd,correct
dasgarfau,incorrect
algorithm,correct
brychioli,incorrect
carcharor,correct
serydiant,incorrect
camgymryd,correct
cyngrwydd,incorrect
cyfarwydd,correct
menywodfa,incorrect
dilyniant,correct
cynhadael,incorrect
perswadio,correct
dyddiaeth,incorrect
dyddiadur,correct
ensembwrg,incorrect
ymsefydlu,correct
amddiswyd,incorrect
daearegwr,correct
anferthyn,incorrect
hetifeddu,correct
rhamantes,incorrect
llythyren,correct
derwyddog,incorrect
barbariad,correct
dargraffi,incorrect
annisgwyl,correct
gorchydig,incorrect
llechfaen,correct
dychwylio,incorrect
mewnfudwr,correct
cymrannwr,incorrect
preswylio,correct
effeithas,incorrect
recordiad,correct
teimladdu,incorrect
dirprwyon,correct
arestiynu,incorrect
hysbysebu,correct
ffennaeth,incorrect
hygrededd,correct
dethogion,incorrect
gwneuthur,correct
brenhineb,incorrect
iseldirwr,correct
rhywfainc,incorrect
gweinyddu,correct
cymharian,incorrect
cymanwlad,correct
cynhenion,incorrect
cyfnither,correct
slafiaeth,incorrect
phwyllgor,correct
culforiwr,incorrect
crynodiad,correct
ymrwydryn,incorrect
anhawster,correct
darllewin,incorrect
ymadawiad,correct
galluosog,incorrect
mynachlog,correct
bisgeidio,incorrect
glyweliad,correct
ymddiffyg,incorrect
testament,correct
cyfeisydd,incorrect
llawenydd,correct
disgyrchu,incorrect
patriarch,correct
cyfarndai,incorrect
gwyddonwr,correct
athroniad,incorrect
pythefnos,correct
trychydig,incorrect
orchuddio,correct
bwriaethu,incorrect
aflonyddu,correct
siaradarn,incorrect
ceiliogod,correct
gwarchnad,incorrect
gwybodlen,correct
gweithrin,incorrect
ysgythrwr,correct
tymorthdy,incorrect
cloroffyl,correct
ameriaeth,incorrect
elyniaeth,correct
buddiaeth,incorrect
olyniaeth,correct
cystadiwm,incorrect
anheddiad,correct
cangyfail,incorrect
corhedydd,correct
cenhadael,incorrect
digrifwch,correct
prifysgod,incorrect
masnachwr,correct
byseddwch,incorrect
pedwerydd,correct
diwyllgor,incorrect
biliwnydd,correct
milltudio,incorrect
dadfeilio,correct
offerthyn,incorrect
centimetr,correct
cerddegwr,incorrect
gwladychu,correct
lleuaethu,incorrect
perlysiau,correct
cymhletin,incorrect
cyfrifydd,correct
hafaliant,incorrect
troseddau,correct
perthiant,incorrect
parchedig,correct
ymddifadu,incorrect
gwerthian,correct
beilltiad,incorrect
allglofan,correct
byddiaeth,incorrect
platfform,correct
addysgedd,incorrect
penillion,correct
gogleddwl,incorrect
arwerthwr,correct
achosiect,incorrect
priddoedd,correct
llwynyddi,incorrect
fformwlâu,correct
ffiniaeth,incorrect
sgrechian,correct
ymerodrwy,incorrect
llythrenw,correct
nwyddfryd,incorrect
caethiwed,correct
cerfluned,incorrect
cynhaeafu,correct
mercheoli,incorrect
dyfeisiwr,correct
athruddio,incorrect
prifeirdd,correct
tachwelyd,incorrect
ffenomena,correct
forddegwr,incorrect
thrigolyn,correct
gweithaseg,incorrect
gwarchodlu,correct
obsesiambr,incorrect
phlanhigyn,correct
hufeinidog,incorrect
efengylydd,correct
ymgyrchiad,incorrect
ymarferiad,correct
isadeirydd,incorrect
disgrifiad,correct
asiaduriad,incorrect
croniclydd,correct
crefydliad,incorrect
darlithydd,correct
mawrthodau,incorrect
unfathiant,correct
dychwefror,incorrect
heffeithio,correct
gwlybaniad,incorrect
llychlynwr,correct
dewrdeistr,incorrect
deirgwaith,correct
trafnidiad,incorrect
tramgwyddo,correct
penrhyddfa,incorrect
gorchfygwr,correct
addasianel,incorrect
uchafbwynt,correct
gwariannwr,incorrect
gwersyllfa,correct
gwleidlais,incorrect
llyngesydd,correct
cefnforiwr,incorrect
cymhwysiad,correct
hydbrofiad,incorrect
hydoddiant,correct
cerddordeb,incorrect
effeithlon,correct
tachwefror,incorrect
mewnlifiad,correct
cyfynonell,incorrect
cynllunydd,correct
pregethwas,incorrect
dadansoddi,correct
hafaliaeth,incorrect
anghysbell,correct
rheiddorfa,incorrect
gweinyddwr,correct
arwynebion,incorrect
brenhinedd,correct
greiddiant,incorrect
contractio,correct
ymennyddio,incorrect
cymeradwyo,correct
cychwarant,incorrect
fferyllydd,correct
santernacl,incorrect
darllediad,correct
ffantasiwn,incorrect
dehongliad,correct
morgeinfed,incorrect
canfyddiad,correct
uwchfraith,incorrect
cymdogaeth,correct
mynyddiadu,incorrect
cyfeiriadu,correct
bodoligion,incorrect
pragmatydd,correct
bisgennill,incorrect
gohebiaeth,correct
collediadu,incorrect
refferenda,correct
gwladfaint,incorrect
dyrchafael,correct
llwyfusedd,incorrect
hynodrwydd,correct
ymgyrchfan,incorrect
ymgorffori,correct
angherddeg,incorrect
palmwydden,correct
sbestoster,incorrect
hudoliaeth,correct
ymchwistir,incorrect
melltithio,correct
graddoeddi,incorrect
cyfanrwydd,correct
radicalyps,incorrect
cynhwysydd,correct
tachwelydd,incorrect
meithrinfa,correct
mawrthrych,incorrect
meicroffon,correct
eglwyddiad,incorrect
disgleirio,correct
astudiadur,incorrect
awditoriwm,correct
rhwyfwyfyn,incorrect
ffleminiad,correct
flaenoldeb,incorrect
gwyddbwyll,correct
arswydianc,incorrect
llyffantod,correct
fuddugiaid,incorrect
difaterwch,correct
mehefinoedd,incorrect
brenhinoedd,correct
dyddiaethwr,incorrect
wrthwynebwr,correct
diorseddwch,incorrect
brwdfrydedd,correct
digrifenydd,incorrect
anatomegydd,correct
ymwybyddiad,incorrect
sensoriaeth,correct
rufeiniaeth,incorrect
sofraniaeth,correct
cefnderfynu,incorrect
coedwigoedd,correct
mawrthwyydd,incorrect
anarchiaeth,correct
arlunyddiad,incorrect
cristnogion,correct
ymgyrchfygu,incorrect
geiriadurwr,correct
hymericanwr,incorrect
ffetisiaeth,correct
malwodraeth,incorrect
dichonoldeb,correct
neillgarwch,incorrect
distawrwydd,correct
mercheddwch,incorrect
amddiffynfa,correct
datgenheddi,incorrect
datgoedwigo,correct
meinhadledd,incorrect
demograffeg,correct
tymorthladd,incorrect
troedigaeth,correct
nadolynyddu,incorrect
infertebrat,correct
dyrchwiliog,incorrect
ffyddlondeb,correct
pwysiadurwr,incorrect
comisiynydd,correct
sbectroliwt,incorrect
beiriannydd,correct
cymerialles,incorrect
cynhyrchion,correct
astudianner,incorrect
aflonyddwch,correct
ymgyrcharor,incorrect
cynulleidfa,correct
gorchwioryd,incorrect
perchnogion,correct
clochenwadu,incorrect
epistemoleg,correct
posternestr,incorrect
parasitiaid,correct
gorffenomeg,incorrect
gwladgarwch,correct
ffwrneimant,incorrect
cynganeddwr,correct
digwyddfryd,incorrect
foifodiaeth,correct
stafelliant,incorrect
priodweddau,correct
ffeminiaeth,incorrect
hindreuliad,correct
menywodraeth,incorrect
posibilrwydd,correct
cynhyrchfygu,incorrect
cynhyrchiant,correct
polymeryddwr,incorrect
presbyteriad,correct
cystadleddfa,incorrect
cymdeithaseg,correct
llychlysurop,incorrect
ymgnawdoliad,correct
rheilfformio,incorrect
gweithgarwch,correct
tramwyfanswm,incorrect
teipograffeg,correct
lleillgarwch,incorrect
cyfalafiaeth,correct
aberthynaswr,incorrect
hierarchaeth,correct
plwyfansoddi,incorrect
croesoswallt,correct
addasiadurwr,incorrect
cydweithredu,correct
gorgyfeiriad,incorrect
diolchgarwch,correct
paentimetrig,incorrect
archaeolegwr,correct
gogleddygiad,incorrect
arwahanrwydd,correct
ffederasiedi,incorrect
adlewyrchiad,correct
americanwylo,incorrect
paleograffeg,correct
teilwampiadu,incorrect
cyfarfyddiad,correct
sgrifennaeth,incorrect
chwaraewraig,correct
beiciatryson,incorrect
tiriogaethau,correct
chwarantiaid,incorrect
eisteddfodwr,correct
sgrifiadurwr,incorrect
galwedigaeth,correct
morffwythiai,incorrect
ymddieithrio,correct
cilografferm,incorrect
darlledwraig,correct
gwleidleisio,incorrect
gweithredwyr,correct
cerddiadurwr,incorrect
rhagflaenydd,correct
bodoligiaeth,incorrect
marddoniaeth,correct
sgrifennyddu,incorrect
prifweinidog,correct
derbynyddiad,incorrect
prifysgolion,correct
ymdrocardota,incorrect
feirniadaeth,correct
ysgriptorion,incorrect
hynafiaethwr,correct
pendennillwr,incorrect
boneddigesau,correct
gitaryddiaeth,incorrect
fuddugoliaeth,correct
cenhadleuaeth,incorrect
conservatoire,correct
hybuddugoliad,incorrect
anllywodraeth,correct
melynorthladd,incorrect
dealltwriaeth,correct
rheilfformiad,incorrect
llywodraethwr,correct
enwogrwyddiad,incorrect
darganfyddiad,correct
cyflymdeitheg,incorrect
gweriniaethwr,correct
arlywyddordeb,incorrect
defnyddioldeb,correct
iarllwyfanrif,incorrect
gwrthwynebydd,correct
ymennyddiannu,incorrect
pensaerniaeth,correct
gwleidleision,incorrect
masnachfraint,correct
meddylfrydiad,incorrect
ailddosbarthu,correct
prifysgolheig,incorrect
ymneilltuaeth,correct
prifysgolhaig,incorrect
meteorolegydd,correct
argraffithell,incorrect
ffederaliaeth,correct
cerddordeistr,incorrect
ailddarganfod,correct
ymchwelydriad,incorrect
ffotograffydd,correct
diddoriaethyn,incorrect
coreograffydd,correct
gweitheliwlog,incorrect
camddefnyddio,correct
llinachweddwr,incorrect
cynaliadwyedd,correct
addasiantials,incorrect
ffilmyddiaeth,correct
