stimulus,correct_answer
erre,incorrect
nahe,correct
zept,incorrect
woge,correct
lize,incorrect
dreh,correct
isart,incorrect
zügel,correct
obrig,incorrect
eigen,correct
adjekt,incorrect
vasall,correct
belung,incorrect
gehweg,correct
unheit,incorrect
eilzug,correct
spitän,incorrect
zusage,correct
termor,incorrect
kinder,correct
anstab,incorrect
mantel,correct
injekt,incorrect
zettel,correct
kultät,incorrect
brauer,correct
erharz,incorrect
ölberg,correct
fazität,incorrect
auktion,correct
achstag,incorrect
düngung,correct
bezeich,incorrect
unrecht,correct
mathema,incorrect
klärung,correct
herkung,incorrect
manöver,correct
inkraft,incorrect
chirurg,correct
fragung,incorrect
umsturz,correct
söhnung,incorrect
zündung,correct
soldung,incorrect
hemmnis,correct
kalität,incorrect
abdrift,correct
denktag,incorrect
nordpol,correct
bekasse,incorrect
gemäuer,correct
antheit,incorrect
erdwerk,correct
stylhof,incorrect
abpfiff,correct
einzess,incorrect
viehhof,correct
protekt,incorrect
vorrede,correct
auswerk,incorrect
antlitz,correct
rechnik,incorrect
nachhut,correct
optikel,incorrect
oberhof,correct
verbahn,incorrect
berufen,correct
milität,incorrect
neuling,correct
gestaub,incorrect
spielen,correct
rechtig,incorrect
rechter,correct
reumung,incorrect
geraden,correct
elbaner,incorrect
kleinod,correct
terricht,incorrect
kabarett,correct
geschiit,incorrect
geschwür,correct
begräber,incorrect
lehrling,correct
stattung,incorrect
abwässer,correct
inbesitz,incorrect
beladung,correct
ortstadt,incorrect
schnüren,correct
oberatur,incorrect
hochmoor,correct
erstütze,incorrect
lehrbuch,correct
abzweise,incorrect
klägerin,correct
termität,incorrect
eigentor,correct
despräch,incorrect
leukämie,correct
substand,incorrect
amphibie,correct
stronist,incorrect
zugewinn,correct
fraktive,incorrect
sprechen,correct
erschnik,incorrect
trocknen,correct
ansicher,incorrect
umsetzen,correct
zigerung,incorrect
spätwerk,correct
gefänger,incorrect
erzieher,correct
taugling,incorrect
seemacht,correct
tochteil,incorrect
tänzerin,correct
geschaum,incorrect
abschaum,correct
abteilig,incorrect
zauberei,correct
diskript,incorrect
westturm,correct
zusatzer,incorrect
strahler,correct
öldruten,incorrect
nagetier,correct
kompeter,incorrect
ausleger,correct
glaubnis,incorrect
ökologie,correct
erschube,incorrect
bekenner,correct
gefieden,incorrect
domvikar,correct
stromung,incorrect
pressung,correct
adverbot,incorrect
bändchen,correct
gehäusch,incorrect
umtausch,correct
rezensur,incorrect
pestjahr,correct
stimmune,incorrect
erfolgen,correct
kritikel,incorrect
norweger,correct
zuschaft,incorrect
hauptamt,correct
handland,incorrect
opferung,correct
technitt,incorrect
rhythmik,correct
unsichte,incorrect
lazarett,correct
halsbank,incorrect
kantorei,correct
geschied,incorrect
bewerber,correct
geistung,incorrect
anbetung,correct
qualifik,incorrect
verlegen,correct
phaniker,incorrect
kronland,correct
krustsch,incorrect
pfählung,correct
polizenz,incorrect
rundgang,correct
technung,incorrect
markttag,correct
extrabon,incorrect
kästchen,correct
nazident,incorrect
nennwert,correct
meistung,incorrect
begehung,correct
inschalt,incorrect
phosphat,correct
antarius,incorrect
meerenge,correct
qualitär,incorrect
begehren,correct
krebstin,incorrect
klischee,correct
sprinzes,incorrect
satrapie,correct
legiator,incorrect
lehrfach,correct
aktertät,incorrect
schulamt,correct
klinikin,incorrect
ziegelei,correct
eckerlag,incorrect
oberteil,correct
fürstedt,incorrect
kämmerer,correct
waderlag,incorrect
harmonik,correct
gewohnung,incorrect
umbildung,correct
beweisung,incorrect
umwallung,correct
frühwerde,incorrect
unbekannt,correct
unterneur,incorrect
unterleib,correct
sichtshof,incorrect
eigenheit,correct
solitikel,incorrect
häretiker,correct
besortium,incorrect
besoldung,correct
unschloss,incorrect
zuteilung,correct
akzentrag,incorrect
loyalität,correct
pfründung,incorrect
umdrehung,correct
fischicht,incorrect
romancier,correct
exzession,incorrect
humanität,correct
speichnur,incorrect
biografin,correct
durchtung,incorrect
finanzier,correct
karristin,incorrect
fleischer,correct
kameriker,incorrect
abweichen,correct
schaftler,incorrect
schwadron,correct
katastrom,incorrect
cambridge,correct
gefahrung,incorrect
bewachung,correct
kraftsrat,incorrect
stückchen,correct
fokussion,incorrect
sezession,correct
reprodukt,incorrect
testphase,correct
enderheit,incorrect
konsument,correct
mahnmacht,incorrect
totalität,correct
besterung,incorrect
abstufung,correct
protarmee,incorrect
konkordat,correct
techerung,incorrect
denkweise,correct
litarrung,incorrect
umspurung,correct
kennzeich,incorrect
symphonie,correct
bestentum,incorrect
bewahrung,correct
berichtum,incorrect
behindert,correct
wiedelung,incorrect
rumänisch,correct
zeichstag,incorrect
bauernhof,correct
besichter,incorrect
induktion,correct
mitmensee,incorrect
neunziger,correct
suchungst,incorrect
dschungel,correct
wurzelung,incorrect
immunität,correct
beleuropa,incorrect
anbringen,correct
gewaltung,incorrect
umzäunung,correct
wollegium,incorrect
tagessatz,correct
zusammler,incorrect
touristik,correct
beeintrag,incorrect
aramäisch,correct
gedankung,incorrect
erteilung,correct
könnerung,incorrect
rotarmist,correct
enderstag,incorrect
schleuser,correct
forschutz,incorrect
selektion,correct
kostentum,incorrect
kaiserdom,correct
endesland,incorrect
höhenburg,correct
adression,incorrect
skeptiker,correct
tieferung,incorrect
tonalität,correct
handhäger,incorrect
freibauer,correct
optivität,incorrect
fliehburg,correct
geschrift,incorrect
intervall,correct
besierung,incorrect
klaviatur,correct
streident,incorrect
notenbank,correct
kolorgnis,incorrect
behaarung,correct
fälschutz,incorrect
johanneum,correct
prografie,incorrect
schweifen,correct
gesetzung,incorrect
belüftung,correct
zimmenart,incorrect
vitalität,correct
geripatie,incorrect
ertrinken,correct
marschuss,incorrect
seefahrer,correct
plattwerk,incorrect
titelsong,correct
bindlicht,incorrect
kurzroman,correct
liebtheit,incorrect
therapeut,correct
onkelheit,incorrect
aquarelle,correct
mangerson,incorrect
feuerwerk,correct
vereicher,incorrect
schmelzen,correct
veränität,incorrect
worringen,correct
malerikan,incorrect
lebensmut,correct
ausschung,incorrect
zugezogen,correct
zustizmir,incorrect
schweller,correct
unabhänge,incorrect
rennwagen,correct
kapazifix,incorrect
seewasser,correct
bescheune,incorrect
umformung,correct
meeresser,incorrect
wacholder,correct
öffenheit,incorrect
neurologe,correct
altenheit,incorrect
freikorps,correct
jahrgäste,incorrect
schmähung,correct
perspiege,incorrect
passieren,correct
überleich,incorrect
ansteigen,correct
stratelle,incorrect
atommacht,correct
schmessee,incorrect
senatorin,correct
linkeling,incorrect
heuchelei,correct
neffetwas,incorrect
baggerung,correct
bestalken,incorrect
beweinung,correct
einzelfalt,incorrect
einzelfall,correct
befriedhof,incorrect
bedrängnis,correct
empfändung,incorrect
empfängnis,correct
zuständnis,incorrect
aussöhnung,correct
kanadigung,incorrect
pathologie,correct
forschuppe,incorrect
militärrat,correct
kunderheit,incorrect
bundesbank,correct
instaltung,incorrect
genugtuung,correct
nordwester,incorrect
nordgrenze,correct
inkommando,incorrect
unwahrheit,correct
syndrohung,incorrect
gültigkeit,correct
rennenland,incorrect
ersatzteil,correct
fürsorgung,incorrect
arztpraxis,correct
stellation,incorrect
kreuzigung,correct
bootsbarke,incorrect
bonifatius,correct
radfahrung,incorrect
abtrennung,correct
sommenhang,incorrect
romantiker,correct
absichtung,incorrect
normalität,correct
sprachtung,incorrect
arbeitslos,correct
äquantiker,incorrect
bürokratie,correct
fabrikaner,incorrect
abwandlung,correct
verhaftler,incorrect
vernehmung,correct
engpassade,incorrect
anknüpfung,correct
spotierung,incorrect
maskierung,correct
anstaltung,incorrect
spezialist,correct
festimmung,incorrect
patrouille,correct
gemäuerche,incorrect
integrität,correct
vizepräser,incorrect
fussballer,correct
thropologe,incorrect
hochwasser,correct
beralmajor,incorrect
bespannung,correct
barbarkeit,incorrect
kosmologie,correct
touristadt,incorrect
physikerin,correct
herzierung,incorrect
normierung,correct
anfangebot,incorrect
kommunität,correct
wannehmung,incorrect
machthaber,correct
bestaltung,incorrect
anspannung,correct
pflegenpol,incorrect
fürstenhof,correct
vorternetz,incorrect
kontrabass,correct
prographie,incorrect
ansammlung,correct
polizismus,incorrect
museumshof,correct
zeugierung,incorrect
wettstreit,correct
gerückgabe,incorrect
erzieherin,correct
kücherheit,incorrect
fischotter,correct
gelegentor,incorrect
bewunderer,correct
unabhängen,incorrect
koordinate,correct
glaubwagen,incorrect
reichsburg,correct
kontralist,incorrect
vertreiben,correct
herrschuss,incorrect
einsparung,correct
grablehner,incorrect
rennfahrer,correct
horalismus,incorrect
umwicklung,correct
gescheiber,incorrect
untertanen,correct
residentum,incorrect
anführerin,correct
franzoomen,incorrect
herzoglich,correct
restaltung,incorrect
nervosität,correct
kirchester,incorrect
jugendstil,correct
keuperiode,incorrect
ambivalenz,correct
vereichnik,incorrect
chronistik,correct
ansichtung,incorrect
wegstrecke,correct
zimmenhang,incorrect
hieronymus,correct
photogramm,incorrect
ankömmling,correct
seinandeur,incorrect
paläarktis,correct
vorgänzung,incorrect
verzierung,correct
anschricht,incorrect
schleifung,correct
möglichung,incorrect
accessoire,correct
freundling,incorrect
tapferkeit,correct
unstellung,incorrect
ableistung,correct
levangebot,incorrect
biathletin,correct
gnadierung,incorrect
gängigkeit,correct
rennenheit,incorrect
erstarrung,correct
geschwerde,incorrect
lebenswerk,correct
denkschrei,incorrect
kundschaft,correct
anmerkunft,incorrect
designerin,correct
forschemie,incorrect
schriftart,correct
wiedersetz,incorrect
mortalität,correct
pflegentum,incorrect
elektriker,correct
minderatur,incorrect
stammesrat,correct
wettbewert,incorrect
betrügerei,correct
klinierung,incorrect
saarbrücke,correct
kelchlosse,incorrect
pompeianer,correct
prographir,incorrect
abschlagen,correct
wettbewerk,incorrect
deutschtum,correct
speichstag,incorrect
muttertier,correct
tänzenario,incorrect
sauberkeit,correct
verfassage,incorrect
verlockung,correct
sprechnitt,incorrect
epizentrum,correct
ostwandert,incorrect
raubritter,correct
selbsthang,incorrect
faktoreien,correct
kämpfehler,incorrect
musizieren,correct
vereichere,incorrect
vertrauter,correct
steckcover,incorrect
haftigkeit,correct
wanderatur,incorrect
tetralogie,correct
wächerheit,incorrect
pontifikat,correct
zimmenarbe,incorrect
handelsort,correct
friedenken,incorrect
bahntrasse,correct
hoftorgabe,incorrect
erfrierung,correct
zweigentum,incorrect
kompressor,correct
zusammlung,incorrect
zuggattung,correct
geschlucht,incorrect
interlaken,correct
unabhänger,incorrect
messdiener,correct
getreitung,incorrect
agnostiker,correct
umlandruck,incorrect
anfechtung,correct
huronenhof,incorrect
dolchstoss,correct
querschein,incorrect
kornhandel,correct
befürchtum,incorrect
erbstollen,correct
trägericht,incorrect
reformiert,correct
hintersuch,incorrect
tuchhandel,correct
friederlag,incorrect
autobrücke,correct
seiteratur,incorrect
hauptaltar,correct
doktorität,incorrect
reporterin,correct
persorgung,incorrect
mesozoikum,correct
widerstatt,incorrect
schuldigen,correct
deutschamt,incorrect
sprinterin,correct
wertumsrat,incorrect
wienerwald,correct
attraktika,incorrect
kooperativ,correct
priestomat,incorrect
erwiderung,correct
friederhör,incorrect
auserwählt,correct
navigatung,incorrect
genialität,correct
artikentum,incorrect
dorfgebiet,correct
trägerhalt,incorrect
hindukusch,correct
anwendigung,incorrect
zentralität,correct
kategierung,incorrect
flüssigkeit,correct
beseiterung,incorrect
instruktion,correct
industrophe,incorrect
querschnitt,correct
vorstattung,incorrect
einzelstück,correct
urteidigung,incorrect
grossherzog,correct
arteidigung,incorrect
sparsamkeit,correct
kapitalität,incorrect
spezialität,correct
bewohngebot,incorrect
gedenkstein,correct
offizierung,incorrect
etablierung,correct
gliedenheit,incorrect
italienisch,correct
erzbischter,incorrect
priesteramt,correct
pflegenheit,incorrect
pflanzenart,correct
kirchholung,incorrect
widerlegung,correct
abluftkampf,incorrect
begnadigung,correct
erforschutz,incorrect
mediävistik,correct
gehängerung,incorrect
belieferung,correct
kreisitzung,incorrect
abscheidung,correct
wissenminik,incorrect
mittelrhein,correct
widerschutz,incorrect
durchschuss,correct
datenbarung,incorrect
berühmtheit,correct
monadolomit,incorrect
aufbringung,correct
sechzgerein,incorrect
publizistik,correct
altstattung,incorrect
schlagkraft,correct
vergangebot,incorrect
bewilligung,correct
leicherheit,incorrect
enthauptung,correct
depeschütte,incorrect
alemannisch,correct
umgegenheit,incorrect
vizeadmiral,correct
elsässertan,incorrect
kabarettist,correct
geschmessur,incorrect
dichtigkeit,correct
verzengeheg,incorrect
verdampfung,correct
hinterricht,incorrect
ölvorkommen,correct
antigraphie,incorrect
ausbuchtung,correct
streitigung,incorrect
lebenskraft,correct
eröffenhang,incorrect
zentrierung,correct
nachkommage,incorrect
zeremoniell,correct
monarchiter,incorrect
filmemacher,correct
industricht,incorrect
überdachung,correct
umfelderung,incorrect
doktorvater,correct
sklavierung,incorrect
psychologin,correct
gewässertag,incorrect
lithografie,correct
forschichte,incorrect
abschneiden,correct
zwischerung,incorrect
elastizität,correct
kanzleramik,incorrect
poststation,correct
bezeichheit,incorrect
zubereitung,correct
ergesschung,incorrect
mietvertrag,correct
deutschloss,incorrect
überschwang,correct
privilisade,incorrect
maschinerie,correct
erblikation,incorrect
villikation,correct
eroberöster,incorrect
rechtskraft,correct
streiterium,incorrect
kommilitone,correct
zustandteil,incorrect
tätlichkeit,correct
schichtssin,incorrect
wintersport,correct
sammentarkt,incorrect
mühlenbauer,correct
geschicksal,incorrect
telegraphie,correct
aussöhncher,incorrect
konkretheit,correct
geschiebung,incorrect
prosperität,correct
adäquathema,incorrect
negativität,correct
sprachenken,incorrect
weissenburg,correct
schlichmuck,incorrect
bittschrift,correct
säuleinwalt,incorrect
glasmalerei,correct
wurstrophen,incorrect
brennnessel,correct
endungkäfer,incorrect
zugmaschine,correct
beanstaltung,incorrect
zulässigkeit,correct
eröffenthalt,incorrect
unwissenheit,correct
forschuldung,incorrect
verschuldung,correct
verlässigung,incorrect
verlegenheit,correct
silbertreter,incorrect
feuchtigkeit,correct
qualisierung,incorrect
realisierung,correct
produzentrag,incorrect
beschichtung,correct
schwestentum,incorrect
aufwiegelung,correct
milizisterin,incorrect
kartographie,correct
tieflanzeige,incorrect
deutlichkeit,correct
spielenkunft,incorrect
objektivität,correct
untergrösser,incorrect
internierung,correct
kommissident,incorrect
christenheit,correct
anfangelegen,incorrect
mitteleuropa,correct
abhanderheit,incorrect
gefälligkeit,correct
kamerierenze,incorrect
emanzipation,correct
bewaffenheit,incorrect
ungültigkeit,correct
umrandgrafik,incorrect
nervensystem,correct
rezensibirie,incorrect
handelshafen,correct
thematikampf,incorrect
durchsuchung,correct
lieblindsweg,incorrect
regionalplan,correct
forschnäbler,incorrect
untergattung,correct
eigennalität,incorrect
fürstbischof,correct
gespräsentar,incorrect
abschliessen,correct
wirtschaffee,incorrect
kommandantur,correct
sponderstenz,incorrect
ermöglichung,correct
streifenheit,incorrect
postleitzahl,correct
eroberstelle,incorrect
neorealismus,correct
schwestentur,incorrect
blasonierung,correct
schontaktive,incorrect
verköstigung,correct
dokumentrale,incorrect
bibliothekar,correct
königinalist,incorrect
zärtlichkeit,correct
behördermord,incorrect
zwischenhalt,correct
länglischutz,incorrect
feldschlacht,correct
meldungswand,incorrect
fokussierung,correct
theoretinger,incorrect
zweifelsfall,correct
verpfängerin,incorrect
veruntreuung,correct
antrahlurnen,incorrect
angewohnheit,correct
kaserburgtor,incorrect
aristokratie,correct
reliquienhub,incorrect
anästhetikum,correct
segelegenamt,incorrect
peinlichkeit,correct
gewässerunge,incorrect
bestimmtheit,correct
anstitulation,incorrect
distanzierung,correct
verwundesland,incorrect
verdächtigung,correct
bemerksamkeit,incorrect
kolonialismus,correct
prozessigkeit,incorrect
zusammenfluss,correct
denkschaffung,incorrect
unbeliebtheit,correct
erfahrwerfung,incorrect
anthropologie,correct
schwestaltung,incorrect
führungskraft,correct
tugendlichung,incorrect
widerständler,correct
williarderung,incorrect
registrierung,correct
befestteilung,incorrect
gesetzeskraft,correct
zufriedergang,incorrect
kabarettistin,correct
grossstattung,incorrect
sinnlosigkeit,correct
peronisterung,incorrect
plausibilität,correct
konkordatland,incorrect
vergünstigung,correct
konventimeter,incorrect
dringlichkeit,correct
abstriarchied,incorrect
hilflosigkeit,correct
abweicherheit,incorrect
ratifizierung,correct
feierteidiger,incorrect
partizipation,correct
phänomenesung,incorrect
funktionieren,correct
ästhesiedlung,incorrect
tunnelbahnhof,correct
forschliessur,incorrect
verschleppung,correct
urteidigerung,incorrect
urbanisierung,correct
bekämpfertier,incorrect
anwendungsart,correct
erweitergrund,incorrect
hintergedanke,correct
seiteraterium,incorrect
schwiegersohn,correct
sekundgebirge,incorrect
retrospektive,correct
sträumlichung,incorrect
unachtsamkeit,correct
jahrerinnerie,incorrect
protagonistin,correct
aktikameriker,incorrect
ungenauigkeit,correct
seinanzminier,incorrect
offensivkraft,correct
anteiligtümer,incorrect
verschönerung,correct
skriminierenz,incorrect
aristoteliker,correct
verkehrgebnis,incorrect
referendariat,correct
endersplitter,incorrect
pünktlichkeit,correct
gefeuerwechse,incorrect
transnistrien,correct
antensivierde,incorrect
zusammensturz,correct
stilllegierung,incorrect
zertifizierung,correct
behinderholung,incorrect
biotechnologie,correct
wohltausserung,incorrect
konservatismus,correct
strehabichtung,incorrect
fragwürdigkeit,correct
prinzelhaftler,incorrect
unterschlagung,correct
bohrpflichkeit,incorrect
beharrlichkeit,correct
kompositivität,incorrect
überschwemmung,correct
bestenthaltung,incorrect
verwertbarkeit,correct
grunderhebelle,incorrect
untertänigkeit,correct
helfeierlieger,incorrect
schrägstellung,correct
abstandtschein,incorrect
akademisierung,correct
gesprecherheit,incorrect
qualifizierung,correct
kirchestereich,incorrect
sowjetisierung,correct
kreisgangelung,incorrect
verballhornung,correct
bewirtschalent,incorrect
obskurantismus,correct
antralisierenz,incorrect
säkularisation,correct
nachwerdenheit,incorrect
empfindsamkeit,correct
verbünderspiel,incorrect
niederländerin,correct
erfindustrasse,incorrect
neuseeländerin,correct
angeborenaissar,incorrect
vollständigkeit,correct
verlängstellung,incorrect
vergänglichkeit,correct
lautbarkenntnis,incorrect
konditionierung,correct
erforschichtung,incorrect
verstaatlichung,correct
seiternehmigung,incorrect
niederschlagung,correct
toleranstaltung,incorrect
zweckmässigkeit,correct
humanisatoriker,incorrect
einheitlichkeit,correct
prozederfindung,incorrect
stichhaltigkeit,correct
schwelthitektur,incorrect
verschlüsselung,correct
bürgschichtshof,incorrect
fehlsichtigkeit,correct
kompensumentrag,incorrect
monopolisierung,correct
atmosphäretikel,incorrect
zusammentreffen,correct
bilanzentrasser,incorrect
konkurrenzligen,correct
gouvernisierung,incorrect
beschwichtigung,correct
gelehrkrankunft,incorrect
generalvikariat,correct
umweltpolitismus,incorrect
wissenschaftsrat,correct
forschichtsbarke,incorrect
wirtschaftsmacht,correct
urabschlagnahmen,incorrect
katharinenkirche,correct
schaftlerierenze,incorrect
schwesternschaft,correct
produzentrahlung,incorrect
destabilisierung,correct
zusammenhandlung,incorrect
nordmesopotamien,correct
spitzeremonister,incorrect
personalisierung,correct
geschwächerheben,incorrect
gesellschafterin,correct
bedinguistaltung,incorrect
restrukturierung,correct
gerüchtlosigkeit,incorrect
unaufrichtigkeit,correct
deutschechenland,incorrect
regentschaftsrat,correct
sympatholikosten,incorrect
drogenabhängiger,correct
sklavierteidigung,incorrect
finanzministerium,correct
produktionalismus,incorrect
christianisierung,correct
muttesfischeidung,incorrect
selbstständigkeit,correct
geschöpfundigkeit,incorrect
geschichtlichkeit,correct
vorhandeutschluss,incorrect
exterritorialität,correct
westerprestaltort,incorrect
experimentierfeld,correct
stundesliederlasse,incorrect
aussichtslosigkeit,correct
elektrossherzogtum,incorrect
ehegattensplitting,correct
