stimulus,correct_answer
trut,incorrect
corp,correct
sket,incorrect
slip,correct
exity,incorrect
bonus,correct
festo,incorrect
lover,correct
actre,incorrect
venom,correct
hexia,incorrect
cacao,correct
funct,incorrect
guild,correct
evider,incorrect
zenith,correct
divory,incorrect
armory,correct
sphemy,incorrect
suffix,correct
nement,incorrect
exodus,correct
aislet,incorrect
tattoo,correct
categy,incorrect
vanity,correct
retrol,incorrect
remedy,correct
effice,incorrect
outing,correct
rement,incorrect
mosaic,correct
hority,incorrect
canyon,correct
abnorm,incorrect
cymbal,correct
dictim,incorrect
bucket,correct
angine,incorrect
wretch,correct
monary,incorrect
finger,correct
colume,incorrect
laurel,correct
sident,incorrect
hunger,correct
partyr,incorrect
brandy,correct
hystem,incorrect
saving,correct
terrup,incorrect
markup,correct
enform,incorrect
robber,correct
carbor,incorrect
raiser,correct
metery,incorrect
vendor,correct
incess,incorrect
finder,correct
rollee,incorrect
primer,correct
punism,incorrect
qigong,correct
actice,incorrect
acting,correct
rendum,incorrect
rodent,correct
votion,incorrect
winger,correct
moviet,incorrect
grader,correct
nepher,incorrect
chrome,correct
rategy,incorrect
beacon,correct
reputy,incorrect
walker,correct
incern,incorrect
marrow,correct
heaval,incorrect
sealer,correct
spream,incorrect
hurdle,correct
operty,incorrect
optics,correct
chorem,incorrect
sortie,correct
govery,incorrect
awards,correct
evideo,incorrect
gunman,correct
mystem,incorrect
skiing,correct
womance,incorrect
rounder,correct
percury,incorrect
prelude,correct
chicket,incorrect
fatigue,correct
histock,incorrect
novelty,correct
eruptcy,incorrect
glimpse,correct
intence,incorrect
visitor,correct
traject,incorrect
manhood,correct
monaste,incorrect
dissent,correct
machief,incorrect
lighter,correct
versary,incorrect
imaging,correct
detence,incorrect
collier,correct
anchine,incorrect
embargo,correct
nothics,incorrect
spoiler,correct
inciple,incorrect
insight,correct
seriend,incorrect
neutron,correct
sential,incorrect
captive,correct
sustair,incorrect
thunder,correct
propean,incorrect
protein,correct
premism,incorrect
frigate,correct
dission,incorrect
weaving,correct
strence,incorrect
thrower,correct
narrane,incorrect
orbiter,correct
incorps,incorrect
debacle,correct
dressor,incorrect
guilder,correct
reclare,incorrect
capsule,correct
apoptom,incorrect
craving,correct
ambassy,incorrect
glucose,correct
ousteel,incorrect
amnesia,correct
indiary,incorrect
breadth,correct
faminal,incorrect
routine,correct
frience,incorrect
liberty,correct
shadise,incorrect
ambient,correct
writish,incorrect
elector,correct
immerce,incorrect
bravery,correct
vulness,incorrect
aerosol,correct
excaval,incorrect
penguin,correct
juntain,incorrect
drought,correct
counset,incorrect
respite,correct
sidence,incorrect
breakup,correct
tandict,incorrect
anatomy,correct
linence,incorrect
forcing,correct
persity,incorrect
bearing,correct
trusive,incorrect
listing,correct
sociate,incorrect
antique,correct
esturbo,incorrect
phantom,correct
talogic,incorrect
drifter,correct
measury,incorrect
longing,correct
festige,incorrect
pianist,correct
preceit,incorrect
bastard,correct
abolism,incorrect
furnace,correct
karmacy,incorrect
oxidase,correct
sobrief,incorrect
android,correct
reactic,incorrect
regimen,correct
retreak,incorrect
mollusk,correct
journer,incorrect
boarder,correct
procese,incorrect
prequel,correct
applica,incorrect
estuary,correct
novelin,incorrect
colonel,correct
officit,incorrect
arsenal,correct
historm,incorrect
cathode,correct
civilion,incorrect
sculptor,correct
symmetre,incorrect
symmetry,correct
buoyance,incorrect
leukemia,correct
praction,incorrect
narrator,correct
arrestle,incorrect
possible,correct
admining,incorrect
objector,correct
regation,incorrect
barbecue,correct
treature,incorrect
fielding,correct
locategy,incorrect
supplier,correct
bimeteor,incorrect
adequacy,correct
sessment,incorrect
hijacker,correct
agendant,incorrect
genetics,correct
lechelor,incorrect
misogyny,correct
obstrate,incorrect
cardinal,correct
actition,incorrect
casement,correct
espioner,incorrect
blending,correct
squarten,incorrect
dynamics,correct
logiance,incorrect
pacifist,correct
vulneral,incorrect
umbrella,correct
emergery,incorrect
fugitive,correct
artility,incorrect
nativity,correct
endoctor,incorrect
burgundy,correct
strument,incorrect
homology,correct
opposium,incorrect
violator,correct
petitory,incorrect
fibrosis,correct
enformer,incorrect
murderer,correct
bovident,incorrect
bryozoan,correct
magnitia,incorrect
botanist,correct
sermonia,incorrect
bacteria,correct
pocketer,incorrect
nuisance,correct
concense,incorrect
exporter,correct
trophere,incorrect
scramble,correct
allegacy,incorrect
advocacy,correct
obsoleum,incorrect
subpoena,correct
refinema,incorrect
refining,correct
sistance,incorrect
alkaloid,correct
illuster,incorrect
smelting,correct
ascentry,incorrect
tutoring,correct
creatist,incorrect
phosphor,correct
schology,incorrect
physique,correct
resilier,incorrect
decedent,correct
differee,incorrect
inquirer,correct
deligion,incorrect
makeover,correct
fostence,incorrect
sedition,correct
prograph,incorrect
exegesis,correct
recombat,incorrect
inverter,correct
arranean,incorrect
trucking,correct
minution,incorrect
unionist,correct
attitute,incorrect
typology,correct
admiracy,incorrect
omission,correct
formance,incorrect
carnival,correct
offerent,incorrect
parallel,correct
miniatus,incorrect
chanting,correct
siniform,incorrect
modality,correct
writeran,incorrect
humanist,correct
parenade,incorrect
paradigm,correct
opertist,incorrect
bruising,correct
symphase,incorrect
partying,correct
cemeteor,incorrect
rocketry,correct
departyr,incorrect
forestry,correct
imprisis,incorrect
chancery,correct
missance,incorrect
ensemble,correct
metreaty,incorrect
solstice,correct
remainty,incorrect
unbelief,correct
garriage,incorrect
baluster,correct
devictim,incorrect
sorcerer,correct
articity,incorrect
fatalism,correct
centribe,incorrect
specific,correct
classium,incorrect
austrian,correct
giveneer,incorrect
wanderer,correct
reportal,incorrect
innocent,correct
instruce,incorrect
sufferer,correct
secutoff,incorrect
palmette,correct
approxyl,incorrect
clarinet,correct
pareneur,incorrect
genitals,correct
ammunity,incorrect
enquirer,correct
occuracy,incorrect
salesmen,correct
raidence,incorrect
venetist,correct
destrike,incorrect
renegade,correct
polition,incorrect
aptitude,correct
roundary,incorrect
riflemen,correct
keeperty,incorrect
porosity,correct
brigator,incorrect
celerity,correct
centence,incorrect
paranoia,correct
centerly,incorrect
clemency,correct
rategory,incorrect
scorpion,correct
journame,incorrect
laziness,correct
secutive,incorrect
imitator,correct
knifesto,incorrect
grooming,correct
experiod,incorrect
innuendo,correct
eventity,incorrect
roasting,correct
eventist,incorrect
hacienda,correct
estimacy,incorrect
redeemer,correct
islature,incorrect
maverick,correct
provement,incorrect
probation,correct
reporture,incorrect
reporting,correct
represide,incorrect
zoologist,correct
fabricket,incorrect
nullifier,correct
climation,incorrect
apologist,correct
conditure,incorrect
receiving,correct
faculture,incorrect
spokesman,correct
clination,incorrect
autocracy,correct
boycottom,incorrect
boulevard,correct
poversary,incorrect
ascension,correct
depicture,incorrect
cosmology,correct
tribution,incorrect
grievance,correct
spherence,incorrect
duplicity,correct
incretary,incorrect
reversion,correct
furnament,incorrect
sacrament,correct
accountry,incorrect
diversion,correct
verdictim,incorrect
dismissal,correct
exchanner,incorrect
librarian,correct
solvement,incorrect
seclusion,correct
princitem,incorrect
balancing,correct
accouncil,incorrect
geologist,correct
thoughter,incorrect
abduction,correct
justifice,incorrect
aggregate,correct
fossinger,incorrect
messenger,correct
mousiness,incorrect
revulsion,correct
reventury,incorrect
gathering,correct
speculing,incorrect
assailant,correct
multitute,incorrect
multiplex,correct
decretary,incorrect
engraving,correct
devillage,incorrect
normality,correct
prography,incorrect
prejudice,correct
observice,incorrect
publicist,correct
directile,incorrect
aggressor,correct
inventity,incorrect
indicator,correct
methority,incorrect
vengeance,correct
congevity,incorrect
concubine,correct
extentist,incorrect
capacitor,correct
enslature,incorrect
liquidity,correct
censualty,incorrect
implosion,correct
deporture,incorrect
precursor,correct
writeriod,incorrect
psychosis,correct
acquising,incorrect
longitude,correct
mechanner,incorrect
orthodoxy,correct
termittee,incorrect
streaking,correct
providual,incorrect
notoriety,correct
bombinger,incorrect
influenza,correct
nephedral,incorrect
atonement,correct
probating,incorrect
preceptor,correct
mortatist,incorrect
dramatist,correct
mollution,incorrect
darwinism,correct
faminance,incorrect
listening,correct
changinee,incorrect
supernova,correct
politiate,incorrect
novitiate,correct
suicident,incorrect
simulator,correct
observoir,incorrect
switching,correct
sociation,incorrect
admixture,correct
caliberal,incorrect
malaysian,correct
foreignty,incorrect
endeavour,correct
evolunter,incorrect
avoidance,correct
institude,incorrect
depositor,correct
nutritics,incorrect
kibbutzim,correct
defeature,incorrect
indemnity,correct
historing,incorrect
governing,correct
assession,incorrect
theocracy,correct
singement,incorrect
causation,correct
annuation,incorrect
fledgling,correct
gulariant,incorrect
semaphore,correct
demolitic,incorrect
inversion,correct
entrength,incorrect
immersion,correct
riversity,incorrect
aesthetic,correct
ascendary,incorrect
initiator,correct
attempera,incorrect
millennia,correct
marristic,incorrect
dignitary,correct
advertist,incorrect
searching,correct
struction,incorrect
stupidity,correct
juristian,incorrect
converter,correct
thronicle,incorrect
servitude,correct
improvide,incorrect
alcoholic,correct
attorners,incorrect
appointee,correct
horrorist,incorrect
detriment,correct
evideracy,incorrect
militancy,correct
stagraphy,incorrect
unitarian,correct
rallegist,incorrect
duplicate,correct
directomy,incorrect
oppressor,correct
definitia,incorrect
inventory,correct
sociative,incorrect
emulation,correct
inferench,incorrect
curiosity,correct
contrison,incorrect
carpeting,correct
depreside,incorrect
deaconess,correct
particial,incorrect
treachery,correct
focustody,incorrect
sterility,correct
estimatum,incorrect
austerity,correct
forcement,incorrect
connector,correct
soundulus,incorrect
semantics,correct
dragonist,incorrect
accretion,correct
equivalry,incorrect
guarantor,correct
goversion,incorrect
reprimand,correct
offerench,incorrect
arthropod,correct
jurisdict,incorrect
unveiling,correct
associety,incorrect
murdering,correct
officiana,incorrect
sobriquet,correct
epiderate,incorrect
esplanade,correct
officulum,incorrect
castilian,correct
dimination,incorrect
copulation,correct
refurbinet,incorrect
revocation,correct
meterature,incorrect
immorality,correct
anglishing,incorrect
scheduling,correct
annability,incorrect
topography,correct
incarnival,incorrect
insecurity,correct
catalition,incorrect
tabernacle,correct
timidation,incorrect
trotskyist,correct
populative,incorrect
neutralist,correct
degreement,incorrect
adjustment,correct
cannouncil,incorrect
encryption,correct
oppository,incorrect
organizing,correct
conservoir,incorrect
sentencing,correct
waiversity,incorrect
rebuilding,correct
testigator,incorrect
meditation,correct
stribution,incorrect
litigation,correct
mystiquity,incorrect
psychiatry,correct
wasternity,incorrect
hinterland,correct
epiderator,incorrect
phosphorus,correct
reputative,incorrect
competence,correct
novelihood,incorrect
compliance,correct
minishment,incorrect
naturalist,correct
reformance,incorrect
reluctance,correct
abundation,incorrect
irrigation,correct
revivalent,incorrect
laundering,correct
deteration,incorrect
retrospect,correct
unempletic,incorrect
vegetarian,correct
suicidence,incorrect
plebiscite,correct
slamophony,incorrect
antecedent,correct
involvency,incorrect
collective,correct
practerion,incorrect
coordinate,correct
thoughbred,incorrect
seductress,correct
whitectual,incorrect
advertiser,correct
conservent,incorrect
perfection,correct
deparalyst,incorrect
femininity,correct
oppresence,incorrect
banqueting,correct
navigative,incorrect
vindicator,correct
instablish,incorrect
incubation,correct
monumerase,incorrect
proprietor,correct
attitution,incorrect
carcinogen,correct
scenditure,incorrect
fracturing,correct
adventitle,incorrect
adventurer,correct
religiosis,incorrect
revivalist,correct
arresponse,incorrect
conveyance,correct
approperty,incorrect
saturation,correct
federature,incorrect
euthanasia,correct
vessentary,incorrect
multiplier,correct
prisonment,incorrect
entrapment,correct
hemissiden,incorrect
cavalrymen,correct
attendence,incorrect
partiality,correct
policensus,incorrect
franchisee,correct
estaurance,incorrect
counseling,correct
burization,incorrect
disclaimer,correct
traffiliar,incorrect
positivism,correct
presistand,incorrect
legitimist,correct
oppositive,incorrect
expatriate,correct
valoriment,incorrect
caricature,correct
octagonist,incorrect
adolescent,correct
obstruggle,incorrect
progenitor,correct
outsidence,incorrect
episcopacy,correct
difficulum,incorrect
demonology,correct
toxicitory,incorrect
loneliness,correct
picturator,incorrect
eugenicist,correct
violatrian,incorrect
palatinate,correct
skirmister,incorrect
trajectory,correct
journament,incorrect
quadrangle,correct
officience,incorrect
wholesaler,correct
incretatio,incorrect
recurrence,correct
approvince,incorrect
uniformity,correct
switchelor,incorrect
scattering,correct
presidiary,incorrect
theatrical,correct
mosquining,incorrect
pragmatism,correct
auxiliance,incorrect
carnivoran,correct
aggregarden,incorrect
aggregation,correct
suffragment,incorrect
fulfillment,correct
souvenience,incorrect
prohibition,correct
surveillage,incorrect
credibility,correct
sanctuation,incorrect
sympathizer,correct
daughteriod,incorrect
petitioning,correct
crisingency,incorrect
electrician,correct
writerature,incorrect
affiliation,correct
centendence,incorrect
imagination,correct
sailoristic,incorrect
phraseology,correct
relievement,incorrect
ventilation,correct
dwelligency,incorrect
illustrator,correct
musicialist,incorrect
philologist,correct
solitiation,incorrect
probability,correct
blastianity,incorrect
criticality,correct
instituence,incorrect
propagation,correct
recogniture,incorrect
reinvention,correct
tricinition,incorrect
desperation,correct
tortunition,incorrect
secretariat,correct
quickingdom,incorrect
reciprocity,correct
haplogramme,incorrect
denominator,correct
occupatient,incorrect
manufactory,correct
headachelor,incorrect
emplacement,correct
requiescene,incorrect
tribulation,correct
distularian,incorrect
entitlement,correct
bestigation,incorrect
dreadnought,correct
propherette,incorrect
conspirator,correct
counciation,incorrect
coincidence,correct
anniversion,incorrect
physicality,correct
assisterial,incorrect
irredentist,correct
uprisonment,incorrect
abnormality,correct
pestigation,incorrect
enslavement,correct
guistanding,incorrect
homogeneity,correct
suggestuary,incorrect
synthesizer,correct
infrastrust,incorrect
prerogative,correct
incompletic,incorrect
determinant,correct
resenteriod,incorrect
promiscuity,correct
multivateer,incorrect
electrolyte,correct
recognitial,incorrect
uncertainty,correct
olymerature,incorrect
impressment,correct
innocentury,incorrect
inferiority,correct
examplethyl,incorrect
landscaping,correct
centicipant,incorrect
demarcation,correct
religionary,incorrect
creationist,correct
centerritor,incorrect
particulate,correct
epiderature,incorrect
irredentism,correct
officulture,incorrect
empowerment,correct
investimacy,incorrect
equivalency,correct
suzeraining,incorrect
esotericism,correct
diphtherapy,incorrect
portmanteau,correct
effortifact,incorrect
kinesiology,correct
dwelligence,incorrect
incredulity,correct
uplification,incorrect
bibliography,correct
unveillation,incorrect
cohabitation,correct
deparadition,incorrect
registration,correct
mortgagement,incorrect
choreography,correct
durabization,incorrect
localization,correct
sprinciative,incorrect
abbreviation,correct
sprincipline,incorrect
capitulation,correct
investimulus,incorrect
intoxication,correct
controvement,incorrect
unionization,correct
reconnaissar,incorrect
archeologist,correct
laureaucrack,incorrect
renunciation,correct
propertifice,incorrect
constabulary,correct
whistoriumph,incorrect
epidemiology,correct
administrike,incorrect
technicality,correct
interfeiture,incorrect
intermediary,correct
teacherubing,incorrect
practicality,correct
quarresponse,incorrect
contemporary,correct
charactition,incorrect
commendation,correct
tobaccountry,incorrect
exaggeration,correct
discoversity,incorrect
distillation,correct
descriminale,incorrect
conservatory,correct
upkeepertist,incorrect
hippopotamus,correct
deficializer,incorrect
metropolitan,correct
accusatirety,incorrect
carbohydrate,correct
classificacy,incorrect
polarization,correct
centerritory,incorrect
monetization,correct
suffracteria,incorrect
aerodynamics,correct
familitatist,incorrect
veterinarian,correct
commandelive,incorrect
degeneration,correct
embassistery,incorrect
secessionist,correct
documentator,incorrect
appurtenance,correct
olymeratural,incorrect
conglomerate,correct
bubblessness,incorrect
artillerymen,correct
demestigation,incorrect
decomposition,correct
supremistence,incorrect
accreditation,correct
strenduration,incorrect
justification,correct
herbolerature,incorrect
insensitivity,correct
prepartialist,incorrect
miscegenation,correct
forestruction,incorrect
contraception,correct
surprisonment,incorrect
nullification,correct
represcentury,incorrect
infallibility,correct
centerpretary,incorrect
amplification,correct
preparassment,incorrect
stalinization,correct
deputationing,incorrect
agriculturist,correct
politicialist,incorrect
juxtaposition,correct
adventicipant,incorrect
choreographer,correct
instrationary,incorrect
reunification,correct
infrastronata,incorrect
structuralist,correct
seamericategy,incorrect
pronouncement,correct
expedimension,incorrect
intelligencer,correct
automatograph,incorrect
cyanobacteria,correct
associopatent,incorrect
reaffirmation,correct
animatrongdom,incorrect
dermatologist,correct
expendecessor,incorrect
disfigurement,correct
charterference,incorrect
generalization,correct
tournamendment,incorrect
mountaineering,correct
prostilization,incorrect
convertibility,correct
motherapistory,incorrect
cinematography,correct
architectivity,incorrect
simplification,correct
estabilitation,incorrect
authentication,correct
recognitiative,incorrect
demobilization,correct
preparagration,incorrect
naturalization,correct
presistandical,incorrect
segregationist,correct
receiversation,incorrect
secularization,correct
federaturation,incorrect
gentrification,correct
revolunterlude,incorrect
appropriations,correct
perpetrackstep,incorrect
spironolactone,correct
kindependensive,incorrect
competitiveness,correct
imprehearsening,incorrect
excommunication,correct
attentipendence,incorrect
democratization,correct
cylindependerer,incorrect
atherosclerosis,correct
