stimulus,correct_answer
ohvet,incorrect
staar,correct
repert,incorrect
öökülm,correct
tituut,incorrect
anioon,correct
vaator,incorrect
õppija,correct
dekord,incorrect
markii,correct
keseen,incorrect
jäämäe,correct
implar,incorrect
käimla,correct
lämmas,incorrect
müstik,correct
askond,incorrect
sofist,correct
ekskur,incorrect
plasma,correct
septor,incorrect
noorus,correct
rekond,incorrect
täitja,correct
destus,incorrect
julgus,correct
uskuju,incorrect
tundja,correct
lipilt,incorrect
vargus,correct
akupuu,incorrect
kuller,correct
korism,incorrect
raster,correct
mooton,incorrect
peaosi,correct
seadur,incorrect
nakkus,correct
observ,incorrect
motett,correct
kujutt,incorrect
armeel,correct
finaat,incorrect
deltas,correct
lepiha,incorrect
suvila,correct
ulaart,incorrect
tööelu,correct
oktoos,incorrect
kahjur,correct
nakkuja,incorrect
pakkuja,correct
aparant,incorrect
apostel,correct
verents,incorrect
väimees,correct
lõhusus,incorrect
meierei,correct
emotsia,incorrect
brauser,correct
leegium,incorrect
morfiin,correct
privili,incorrect
palavik,correct
ligioon,incorrect
lihtsus,correct
okupanu,incorrect
ärritus,correct
polkond,incorrect
hukatus,correct
distaja,incorrect
teenija,correct
nikkond,incorrect
velsker,correct
rütmine,incorrect
auliige,correct
peremik,incorrect
sisukus,correct
vangika,incorrect
laengus,correct
isoleum,incorrect
võlgnik,correct
nähtaja,incorrect
lõhkaja,correct
kavanem,incorrect
heelium,correct
sümboon,incorrect
sisalik,correct
hääling,incorrect
mõistus,correct
dotsess,incorrect
formaat,correct
kuslane,incorrect
imamine,correct
ventell,incorrect
jääkide,correct
sigimus,incorrect
lõpetus,correct
ülalism,incorrect
dialoog,correct
pääsupi,incorrect
videvik,correct
memoran,incorrect
repliik,correct
eesteem,incorrect
eksimus,correct
loteran,incorrect
enklaav,correct
sümfoom,incorrect
tööstur,correct
katmism,incorrect
porfüür,correct
juhtena,incorrect
teataja,correct
kompakk,incorrect
vastand,correct
proteid,incorrect
kooliõe,correct
põdraka,incorrect
rokokoo,correct
taandri,incorrect
romanss,correct
glükone,incorrect
blokaad,correct
ületään,incorrect
ülemine,correct
edasime,incorrect
fluidum,correct
vibronh,incorrect
tsensor,correct
aspelme,incorrect
tribüün,correct
detsiip,incorrect
operett,correct
kakloos,incorrect
jahedus,correct
erijupp,incorrect
otsetee,correct
südamine,incorrect
mustlane,correct
voodkond,incorrect
soomlane,correct
sotsioon,incorrect
gobelään,correct
šamandör,incorrect
genotüüp,correct
fataljon,incorrect
sõudmine,correct
tolmutus,incorrect
pettumus,correct
vähestik,incorrect
võõrsõna,correct
grantuur,incorrect
biosfäär,correct
alteenus,incorrect
kapiitel,correct
rallriff,incorrect
kuvamine,correct
registus,incorrect
restoran,correct
kurjater,incorrect
sõbranna,correct
tradiaat,incorrect
brigadir,correct
lagundus,incorrect
laborant,correct
transiiv,incorrect
eelistus,correct
seltsium,incorrect
sisustus,correct
spinnang,incorrect
püüdmine,correct
kõrtsium,incorrect
sooritus,correct
politsus,incorrect
harimine,correct
hüpotent,incorrect
olulisus,correct
biheitja,incorrect
mehaanik,correct
süsinine,incorrect
hävitaja,correct
tuurkond,incorrect
leibkond,correct
amplitse,incorrect
sprinter,correct
pesitaal,incorrect
emigrant,correct
herilaul,incorrect
dolomiit,correct
infrastu,incorrect
haubitsa,correct
perspekt,incorrect
fragment,correct
ratsutus,incorrect
veritsus,correct
jalaktor,incorrect
võrdkuju,correct
müügieen,incorrect
sünniaeg,correct
jalaktik,incorrect
tundmatu,correct
kandikas,incorrect
artiklis,correct
ornamehi,incorrect
melaniin,correct
sammatis,incorrect
eskaader,correct
ühilduja,incorrect
süürlane,correct
uuriloot,incorrect
filoloog,correct
oriennas,incorrect
vastutus,correct
insultan,incorrect
revisjon,correct
meenlane,incorrect
erilisus,correct
lähistus,incorrect
andesiit,correct
pideesia,incorrect
usutavus,correct
tõhulaht,incorrect
võõrvõim,correct
presisus,incorrect
talitlus,correct
lambapuu,incorrect
varjutus,correct
straalik,incorrect
sünapsis,correct
poegadus,incorrect
vägilane,correct
jaanuaal,incorrect
võltsija,correct
frastega,incorrect
kõnnitee,correct
fungimus,incorrect
kohmakus,correct
detsents,incorrect
organist,correct
üleminar,incorrect
ülekohus,correct
lisamehi,incorrect
kalandus,correct
krokodis,incorrect
nekropol,correct
matemant,incorrect
ladestus,correct
elektorm,incorrect
aspiriin,correct
muusinti,incorrect
bastione,correct
peegelane,incorrect
põõsastik,correct
mõistlane,incorrect
häälitsus,correct
antrolüüs,incorrect
anatoomia,correct
teaterjal,incorrect
originaal,correct
fenooming,incorrect
toimumine,correct
ulatustus,incorrect
esindatus,correct
hüpotents,incorrect
tingimine,correct
suurestor,incorrect
häälestus,correct
sateljeef,incorrect
raskekaal,correct
kutsember,incorrect
võlgnevus,correct
edasiline,incorrect
edasitung,correct
inspirant,incorrect
geofüüsik,correct
rekonnang,incorrect
salvestis,correct
territolu,incorrect
dimorfism,correct
platooria,incorrect
rööpkülik,correct
impreside,incorrect
hullumaja,correct
järeltuli,incorrect
näitamine,correct
reegelane,incorrect
paljastus,correct
depreside,incorrect
nekroloog,correct
mitooritm,incorrect
klorofüll,correct
valitsern,incorrect
genotsiid,correct
plebisain,incorrect
taipamine,correct
esseisvus,incorrect
hõõrumine,correct
tolmuköök,incorrect
mõrvamine,correct
sofismine,incorrect
virgumine,correct
tragonaal,incorrect
keeramine,correct
empionaal,incorrect
kuhjumine,correct
eksiidium,incorrect
käivitaja,correct
liikuvorm,incorrect
liigendus,correct
sugulatus,incorrect
seadistus,correct
institaal,incorrect
romaanika,correct
kangaator,incorrect
bentoniit,correct
tegelnulu,incorrect
mängujuht,correct
raiesteem,incorrect
poksiring,correct
materjöör,incorrect
kontinent,correct
hertsring,incorrect
põllundus,correct
magistunu,incorrect
memoriaal,correct
kloostija,incorrect
kloroform,correct
võnkester,incorrect
luitestik,correct
empioneem,incorrect
libretist,correct
monaatria,incorrect
äratamine,correct
hauskumus,incorrect
tahkumine,correct
kavaararv,incorrect
magnituud,correct
operimene,incorrect
röövimine,correct
ülevoodid,incorrect
süsivesik,correct
stiiliket,incorrect
järelturu,correct
suuroraks,incorrect
keelamine,correct
laostkond,incorrect
genealoog,correct
abhaasium,incorrect
taevakehi,correct
uuribapuu,incorrect
suunitlus,correct
kõnelement,incorrect
kõnelemine,correct
turvalhoos,incorrect
leiutamine,correct
reportfell,incorrect
võltsimine,correct
modernison,incorrect
siirdamine,correct
mõrvalhoos,incorrect
nakatumine,correct
rohelikkus,incorrect
häbelikkus,correct
pronksimus,incorrect
äärmuslane,correct
varistlane,incorrect
vaadatavus,correct
tsentimine,incorrect
tõendamine,correct
nimetaanik,incorrect
nimetamine,correct
kavalemine,incorrect
passiivsus,correct
välismadus,incorrect
formaalsus,correct
lossiivsus,incorrect
tihenemine,correct
krokodiluu,incorrect
sünonüümia,correct
hõõrdepäev,incorrect
kroonimine,correct
pastorants,incorrect
kapitalism,correct
kanalistus,incorrect
lõhkelaeng,correct
inspektiiv,incorrect
prefektuur,correct
kategemine,incorrect
stratotüüp,correct
biokeeramu,incorrect
kõrvalharu,correct
tšartikkel,incorrect
eakaaslane,correct
verteerium,incorrect
alandamine,correct
geoökolonn,incorrect
herbitsiid,correct
teoorilaul,incorrect
diplomitöö,correct
kompreserv,incorrect
kanadalane,correct
satellikas,incorrect
liberalism,correct
priorisoom,incorrect
heiskamine,correct
tekismudel,incorrect
tekitamine,correct
murdminiit,incorrect
indulgents,correct
infarktäht,incorrect
tihumeeter,correct
kiirgument,incorrect
mäletamine,correct
kodeiinium,incorrect
kohastumus,correct
rollektron,incorrect
harunemine,correct
ribekiirus,incorrect
metüülrühm,correct
abstseesia,incorrect
militarism,correct
nakamarjal,incorrect
seostamine,correct
repersonal,incorrect
kahtlemine,correct
anatooming,incorrect
ukrainlane,correct
hüpertidee,incorrect
viimistlus,correct
kontrolüüt,incorrect
ärkvelolek,correct
tähendumus,incorrect
molekulaar,correct
europagent,incorrect
tiibetlane,correct
sünoviirus,incorrect
asustamine,correct
maristlane,incorrect
istutamine,correct
meeskosiit,incorrect
pretsedent,correct
paradoksor,incorrect
leiukohtad,correct
ilmateegia,incorrect
plaadistus,correct
definituut,incorrect
komisjonär,correct
vanglimäng,incorrect
islamiriik,correct
privaarium,incorrect
kohalolija,correct
asfaltsing,incorrect
topoloogia,correct
satelomeri,incorrect
destillaat,correct
kevadekord,incorrect
milligramm,correct
solistleja,incorrect
pärisorjus,correct
välisradar,incorrect
kiirgamine,correct
koldvitsei,incorrect
prokarüoot,correct
võistemaat,incorrect
ühildumine,correct
asutustöid,incorrect
algatamine,correct
püsimulugu,incorrect
lühikursus,correct
oletunnist,incorrect
jalutamine,correct
järelevaat,incorrect
dielektrik,correct
kinavedukt,incorrect
polühistor,correct
uuringimus,incorrect
vastlapäev,correct
autoriplii,incorrect
päiksekiir,correct
oktooritus,incorrect
välissurve,correct
standuslim,incorrect
kreisikool,correct
perimendik,incorrect
termokliin,correct
marssalong,incorrect
renessanss,correct
abiveerium,incorrect
valulikkus,correct
keskformee,incorrect
merihobuke,correct
konstratsa,incorrect
ortodoksia,correct
elektriips,incorrect
palgasõdur,correct
arguminist,incorrect
farmaatsia,correct
ülesaalane,incorrect
hiigelnulg,correct
pilkamisas,incorrect
hüdraulika,correct
ooperaamas,incorrect
pseudokeel,correct
üleministu,incorrect
perifeeria,correct
kalmistalu,incorrect
käepidemed,correct
meeskooruk,incorrect
peritoniit,correct
filosoomus,incorrect
inbriiding,correct
vaeguminek,incorrect
pediaatria,correct
kategoorium,incorrect
formatsioon,correct
kaubitsioon,incorrect
mahavõtmine,correct
tsaarlament,incorrect
tsütoloogia,correct
sugulaarsus,incorrect
takistamine,correct
kinniturism,incorrect
elektrolüüs,correct
utilitamine,incorrect
lüüasaamine,correct
külmaterjal,incorrect
külmutamine,correct
pinnanimene,incorrect
aspirantuur,correct
luurestival,incorrect
suusatamine,correct
taimestival,incorrect
etnograafia,correct
geeningriik,incorrect
mängumootor,correct
eksitulisus,incorrect
naiselikkus,correct
epidemistus,incorrect
utilitarism,correct
hüdrogataja,incorrect
hüdroloogia,correct
hinnanimene,incorrect
morfoloogia,correct
mesiletõrje,incorrect
kosmoselaev,correct
ühiskopkond,incorrect
eelistamine,correct
kalmisteema,incorrect
diplomaatia,correct
süntesamber,incorrect
hüpermarket,correct
konsonalism,incorrect
rohevetikas,correct
tähistoritm,incorrect
põliselanik,correct
tegemisvool,incorrect
kogumisretk,correct
inspiraamat,incorrect
teavitamine,correct
nooremteade,incorrect
tihendamine,correct
säilitsioon,incorrect
püstitamine,correct
põliseseism,incorrect
järeldoktor,correct
ohvitsenaat,incorrect
klaveritrio,correct
ropeditsiip,incorrect
sertifikaat,correct
juunitsient,incorrect
materialism,correct
modeldimine,incorrect
astrofüüsik,correct
taldriklane,incorrect
suusakeskus,correct
oblastorand,incorrect
ookeanipõhi,correct
plantrolüüt,incorrect
otseühendus,correct
hiliselooja,incorrect
fosfolipiid,correct
abielupuuts,incorrect
novembrikuu,correct
eraloolavus,incorrect
tulistamine,correct
seedeelupuu,incorrect
määratletus,correct
kategooring,incorrect
neoliitikum,correct
alligranaad,incorrect
rohekashall,correct
hankismudel,incorrect
remontimine,correct
grimmertsus,incorrect
põlluharija,correct
pfaltskraat,incorrect
ofertoorium,correct
asulamismaa,incorrect
sünnitamine,correct
keiseksimus,incorrect
enesekaitse,correct
pööritsioon,incorrect
söövitamine,correct
liblikrofon,incorrect
diskussioon,correct
nostiamõõde,incorrect
padrunipesa,correct
nimissariif,incorrect
kivirullija,correct
sõjaväepolgu,incorrect
leevendamine,correct
selgitulemus,incorrect
tunnistamine,correct
teenetlemine,incorrect
kasvuperiood,correct
kateedeelund,incorrect
siseminister,correct
muinaslikkus,incorrect
günekoloogia,correct
konventimine,incorrect
ostsillaator,correct
positivisjon,incorrect
süstemaatika,correct
skeptitsioon,incorrect
pseudoteadus,correct
observaatlus,incorrect
loengukursus,correct
tõeksperiood,incorrect
geoökoloogia,correct
polümpiastus,incorrect
lähikondlane,correct
hügieerumine,incorrect
hüdroenergia,correct
puudujäämine,incorrect
kuulipilduja,correct
välisistents,incorrect
väljavõtmine,correct
vasikunähtus,incorrect
märgistamine,correct
servaatumine,incorrect
võõramaalane,correct
rahvuslaalom,incorrect
suurtükitorn,correct
aspektrijaam,incorrect
põhjustamine,correct
delegrattunu,incorrect
nomenklatuur,correct
temperaatika,incorrect
dietüüleeter,correct
mänguvigurat,incorrect
eestindamine,correct
stuuditsioon,incorrect
tantsitamine,correct
suhtumiskasv,incorrect
intressimäär,correct
kontrolüüsik,incorrect
resistentsus,correct
glükoosoleum,incorrect
pommitabamus,correct
määramistaja,incorrect
võõrastemaja,correct
ajastuvõtlus,incorrect
edasiandmine,correct
suhtlehistus,incorrect
reparatsioon,correct
keisringhääl,incorrect
häälteenamus,correct
meetriarhaat,incorrect
hernhuutlane,correct
võõrfilosoof,incorrect
monadoloogia,correct
replikaadion,incorrect
kodanikunimi,correct
mahavõttetus,incorrect
intelligents,correct
järelpõletis,incorrect
juhtivteadur,correct
kopsuvenitus,incorrect
tellisetehas,correct
toodikallane,incorrect
sõjamerebaas,correct
asutamiskond,incorrect
kõhulahtisus,correct
ehitamisvald,incorrect
kuivendamine,correct
festisõbrann,incorrect
võimendamine,correct
köögitulatus,incorrect
pärismaalane,correct
arhitektuaal,incorrect
mängukonsool,correct
triloomiteet,incorrect
fennekrebane,correct
ekspertuaala,incorrect
immunoloogia,correct
osalemisretk,incorrect
kangelaslaul,correct
kompositsist,incorrect
kangelastegu,correct
sündmustsism,incorrect
suhtumisluul,correct
protsesõiduk,incorrect
kodanikesaal,correct
tekitariljon,incorrect
peibutuspart,correct
katalongavar,incorrect
tehismärgala,correct
sportlaspekt,incorrect
tsaariarmees,correct
laasigratsus,incorrect
kuumaõhupall,correct
maakonnakond,incorrect
modulatsioon,correct
väliseerimine,incorrect
mitmevõistlus,correct
heiskasvukoht,incorrect
kammermuusika,correct
romatoliitika,incorrect
taasasutamine,correct
süsteeriklane,incorrect
oksüdeerumine,correct
gümnaasiareng,incorrect
dokumentalist,correct
turismälestus,incorrect
kinnipüüdmine,correct
terrooniaasta,incorrect
korrelatsioon,correct
mittesekretär,incorrect
tsooniturniir,correct
paraditegevus,incorrect
võrdsustamine,correct
dünastikumine,incorrect
lähenemisviis,correct
binokokoostis,incorrect
internetipank,correct
lümfikatsioon,incorrect
füsioteraapia,correct
inimenetemärk,incorrect
valimisseadus,correct
tähistoniteet,incorrect
impressionist,correct
raskekublikas,incorrect
kütuseelement,correct
liiklaneerium,incorrect
juhtimisstiil,correct
matemaatriarh,incorrect
toitumishäire,correct
kurjatemajand,incorrect
repositoorium,correct
karisemuuseum,incorrect
järeleandmine,correct
direktiivhoos,incorrect
intellektuaal,correct
raheerosoofia,incorrect
redigeerimine,correct
pastotsüsteem,incorrect
miiniristleja,correct
keeremooniaal,incorrect
trammiliiklus,correct
päriskamarjal,incorrect
külalisteadur,correct
filosoomustik,incorrect
kõrvalmaantee,correct
magamisväärus,incorrect
maailmasõjani,correct
solisinvester,incorrect
heterogeensus,correct
aadrenadekodu,incorrect
liigesehaigus,correct
kallikussioon,incorrect
väljaastumine,correct
prioritarrika,incorrect
naistekliinik,correct
varjataimesti,incorrect
punakaartlane,correct
ankurendament,incorrect
lihavõttepüha,correct
tegemispinnad,incorrect
luminestsents,correct
konnaarfariik,incorrect
asehalduskond,correct
üledoonoomika,incorrect
domineerimine,correct
valmistimukus,incorrect
kõrgkooliõpik,correct
kikkpoksiksus,incorrect
enampakkumine,correct
oblastemaatika,incorrect
illustratsioon,correct
täiskasvajadus,incorrect
realiseerumine,correct
toimetabolisus,incorrect
klaveriõpetaja,correct
ohutuselevalve,incorrect
observatoorium,correct
presidendamine,incorrect
investeerimine,correct
teenistrikraad,incorrect
valimissüsteem,correct
mitmevõistmine,incorrect
klassifikaator,correct
funktsiatsioon,incorrect
uurimisprojekt,correct
tasandidaktiiv,incorrect
mõõtmistulemus,correct
valitserteenus,incorrect
ühiskonnaliige,correct
hüdroksüdamine,incorrect
tegevtoimetaja,correct
pärandikfinaal,incorrect
klaasikunstnik,correct
kommunitehnika,incorrect
kapitulatsioon,correct
korruptsionaal,incorrect
dekoratiivmaal,correct
rakendamisvõim,incorrect
ringkonnavanem,correct
kirjeldumistus,incorrect
presidendikoht,correct
laagerroriruum,incorrect
muusikukarjäär,correct
geenistreiping,incorrect
üleminekusumma,correct
territooriteet,incorrect
üliõpilasselts,correct
mängumärkimine,incorrect
ujumisvõistlus,correct
kalmistallutus,incorrect
põgenemisplaan,correct
printsitreener,incorrect
tuumameditsiin,correct
valdistsileker,incorrect
talvitumispaik,correct
põllukulestõus,incorrect
ohverdamiskoht,correct
aastamisrahvas,incorrect
tütarlastekool,correct
kõrvalmistlane,incorrect
skulptuurikogu,correct
siirdeismeeana,incorrect
interventsioon,correct
ülevallutamine,incorrect
esilekutsumine,correct
reportugalerii,incorrect
samakõrgusjoon,correct
põllumeenlanna,incorrect
erakonnaseadus,correct
protskiitumine,incorrect
kuumaveeallika,correct
liikuvorsteema,incorrect
kompostihunnik,correct
uusameerinevus,incorrect
seeneniidistik,correct
perekontropopp,incorrect
käsitsivõitlus,correct
konformatsient,incorrect
immuunsüsteemi,correct
häälotsütoloog,incorrect
administraator,correct
garnisotrohheus,incorrect
organiseerumine,correct
vangistratooria,incorrect
liikumisvabadus,correct
uurimisperimine,incorrect
loominguperiood,correct
hommitaandamine,incorrect
moraaliprobleem,correct
tänapäevarjutis,incorrect
suurtükipatarei,correct
investaureerium,incorrect
lokaliseerimine,correct
ookeanipidamine,incorrect
komplekssüsteem,correct
koordiaretarind,incorrect
bakalaureusetöö,correct
mesilelustamine,incorrect
demonstratsioon,correct
protsedemiootik,incorrect
projekteerimine,correct
kapiitsistooria,incorrect
isomerisatsioon,correct
sfäärikustamine,incorrect
afroameeriklane,correct
ümbruskonnanimi,incorrect
ekspluatatsioon,correct
saksonokeeruvus,incorrect
kodanikuühendus,correct
biosfääringitus,incorrect
nõustamisteenus,correct
reoveendusohvik,incorrect
patronaadiõigus,correct
villimusiinival,incorrect
aktsepteerimine,correct
koolkoksiliitik,incorrect
koostekvaliteet,correct
toimetallalööja,incorrect
turismipiirkond,correct
säilitarbiminek,incorrect
hüdroporatsioon,correct
valimiskivisjon,incorrect
süsinikdioksiid,correct
toonorraldumine,incorrect
emantsipatsioon,correct
mõistumiskohane,incorrect
internetiraadio,correct
auhinduktivatsu,incorrect
ringkonnakohtus,correct
harjutamineesia,incorrect
elektroakustika,correct
auliikvideviima,incorrect
vaktsineerimine,correct
noorematukogudus,incorrect
geenitehnoloogia,correct
ekspertifikaator,incorrect
esinemisvõimalus,correct
pikselevandamine,incorrect
erakonnakaaslane,correct
täheneminatsioon,incorrect
tasakaalustamine,correct
seinitsistoorium,incorrect
kaugõppeaspirant,correct
miljotiivanemine,incorrect
diskursusanalüüs,correct
maitsministamine,incorrect
kultuuriminister,correct
vangistrateegion,incorrect
elektromehaanika,correct
klounaaritlemine,incorrect
eksistentsialist,correct
narkootikuallika,incorrect
reumatoidartriit,correct
orbudekoormulugu,incorrect
enesedistsipliin,correct
romanikkonnataja,incorrect
telkimisvõimalus,correct
silmasõjaväelaat,incorrect
koostööprojektid,correct
kvartsikuvõistee,incorrect
rahvaraamatukogu,correct
valministajatism,incorrect
niiskusesisaldus,correct
eksperimisprojekt,incorrect
ühiskonnateadlane,correct
folklorofülaktika,incorrect
jaoskonnakohtunik,correct
erütrotehnoloogia,incorrect
reorganiseerimine,correct
süsteerimistamine,incorrect
järeldoktorantuur,correct
pommivabrioloogia,incorrect
raskekuulipilduja,correct
tunniseerimissert,incorrect
navigatsioonimärk,correct
tunnisvabandumine,incorrect
nooremallohvitser,correct
silineaarmatsioon,incorrect
transplantatsioon,correct
dünaamisliikumine,incorrect
protestiliikumine,correct
labürintsellumine,incorrect
mutatsioonikiirus,correct
libretipsühholoog,incorrect
kaltsiumkarbonaat,correct
meditsialisamasus,incorrect
keskkonnaminister,correct
magnetiühendamiss,incorrect
sümfooniaorkestri,correct
kooskõlastutustus,incorrect
kunstnikekoloonia,correct
hommikrofoonivõre,incorrect
konsekventsialism,correct
nüüdistsipaalraund,incorrect
mittetulundusühing,correct
lossitsioneerumine,incorrect
regionaalpoliitika,correct
leidministernatiiv,incorrect
elektronegatiivsus,correct
kontiinijärjestung,incorrect
jalgpalliturniiril,correct
teenusevalifikatse,incorrect
toiduainetetööstus,correct
protsekombinatsiit,incorrect
krediidikindlustus,correct
mänguvalitsereisija,incorrect
gravitatsioonilaine,correct
mootosportaalletika,incorrect
karusloomakasvandus,correct
börsiettevalmisteem,incorrect
arhitektuuriloolane,correct
diskussioonikaebaja,incorrect
kaitsepolitseiameti,correct
isendusühineministus,incorrect
gravitatsiooniseadus,correct
volikograafikatsient,incorrect
oktoobrirevolutsioon,correct
isandleksitreenindus,incorrect
registreerimisnumber,correct
leheiduteenistutamine,incorrect
vahetuskursimehhanism,correct
