stimulus,correct_answer
sóch,incorrect
cnag,correct
lánú,incorrect
nóid,correct
géan,incorrect
léim,correct
cadh,incorrect
liút,correct
sicí,incorrect
cóta,correct
téar,incorrect
olla,correct
fáit,incorrect
luan,correct
namh,incorrect
each,correct
péir,incorrect
háig,correct
dáir,incorrect
alba,correct
éach,incorrect
meic,correct
áire,incorrect
blár,correct
oirt,incorrect
with,correct
seoir,incorrect
gléis,correct
pláil,incorrect
traic,correct
eirle,incorrect
fostú,correct
míoch,incorrect
coinn,correct
intiú,incorrect
troim,correct
polas,incorrect
dearg,correct
seabú,incorrect
méith,correct
celet,incorrect
cuspa,correct
teamh,incorrect
tuama,correct
airíd,incorrect
bandé,correct
tréim,incorrect
fiach,correct
cónaíl,incorrect
córasú,correct
daiche,incorrect
tíocht,correct
timirt,incorrect
míotar,correct
pingil,incorrect
dídean,correct
fuirse,incorrect
mórtas,correct
palair,incorrect
fuíoll,correct
maidió,incorrect
carbón,correct
sibhia,incorrect
fócasú,correct
foirce,incorrect
teilge,correct
religh,incorrect
reggae,correct
dianbh,incorrect
beacán,correct
néanda,incorrect
díothú,correct
scéile,incorrect
garrán,correct
reiliú,incorrect
crutha,correct
feadas,incorrect
mionúr,correct
imbhal,incorrect
salach,correct
coitim,incorrect
turcaí,correct
réiriú,incorrect
ballóg,correct
maitic,incorrect
deilbh,correct
maidis,incorrect
samhra,correct
staint,incorrect
tairne,correct
durgar,incorrect
coaúil,correct
salang,incorrect
fichid,correct
magnei,incorrect
gréisc,correct
allamh,incorrect
cúnant,correct
teilig,incorrect
sláine,correct
píológ,incorrect
cáinte,correct
bóthas,incorrect
nimhiú,correct
eroton,incorrect
pulsár,correct
léirge,incorrect
géanna,correct
rídham,incorrect
dufair,correct
polaim,incorrect
taobhú,correct
círéin,incorrect
fleadh,correct
frigéan,incorrect
frigéad,correct
creafón,incorrect
crosach,correct
paimint,incorrect
móinéir,correct
ionfhad,incorrect
ionchas,correct
tréasán,incorrect
mílíste,correct
lobhris,incorrect
dobhrán,correct
páipéal,incorrect
páipéir,correct
tochadh,incorrect
lobhadh,correct
scaodaí,incorrect
togálaí,correct
prótach,incorrect
iomlánú,correct
osteirm,incorrect
moritur,correct
tréanbh,incorrect
caillte,correct
cúigean,incorrect
crannóg,correct
coimhde,incorrect
earcach,correct
doicind,incorrect
fíneáil,correct
réimirt,incorrect
teannas,correct
feiceas,incorrect
teicníc,correct
sreabal,incorrect
urchair,correct
puipéar,incorrect
bóihéim,correct
litiúid,incorrect
treocht,correct
céileán,incorrect
núiclíd,correct
caimbíc,incorrect
gainéad,correct
liachas,incorrect
fiúntas,correct
slabhrú,incorrect
slavach,correct
aonadaí,incorrect
giorria,correct
ríochán,incorrect
mianach,correct
siméadú,incorrect
aturnae,correct
fairsiú,incorrect
cromadh,correct
ionghas,incorrect
scagadh,correct
láthróg,incorrect
oighriú,correct
timthar,incorrect
plúirín,correct
zoubado,incorrect
suirbhé,correct
cáipéid,incorrect
adhradh,correct
geneall,incorrect
ógfhear,correct
mórchiú,incorrect
peiriad,correct
toinibh,incorrect
corcach,correct
infheas,incorrect
orgánaí,correct
óglacán,incorrect
meáchán,correct
coiteas,incorrect
coitinn,correct
parlaim,incorrect
ubhagán,correct
leagart,incorrect
iomramh,correct
leadóir,incorrect
taibhse,correct
memoran,incorrect
gamhain,correct
ealartú,incorrect
craosán,correct
sealgam,incorrect
muinéal,correct
inspior,incorrect
gaoithe,correct
féilisc,incorrect
ámharaí,correct
ocsaigh,incorrect
edition,correct
daoular,incorrect
adaptxt,correct
meascóp,incorrect
bréagán,correct
léannas,incorrect
tuirbín,correct
cathonn,incorrect
réimniú,correct
obairim,incorrect
scálach,correct
maisidh,incorrect
greanta,correct
oileaca,incorrect
rialóir,correct
contaña,incorrect
seoirse,correct
ardchum,incorrect
ollbhua,correct
mórshaol,incorrect
mórshiúl,correct
stampall,incorrect
caibidlí,correct
dinnsear,incorrect
dioplóma,correct
sláinéid,incorrect
monarcaí,correct
cairbhís,incorrect
brablach,correct
súgradam,incorrect
ilroinnt,correct
comhradh,incorrect
comhlach,correct
spriocht,incorrect
traenach,correct
cabhlóid,incorrect
dainséar,correct
eileadóg,incorrect
folcadán,correct
ambasadh,incorrect
frídeoir,correct
suirbhís,incorrect
sionnach,correct
tráchtán,incorrect
captaein,correct
pléisiún,incorrect
canónach,correct
timthris,incorrect
zulfikar,correct
domhairt,incorrect
monarcha,correct
mamaitic,incorrect
sciathán,correct
athairle,incorrect
breathnú,correct
leabháil,incorrect
mainicín,correct
gobhaile,incorrect
mullaigh,correct
matáirge,incorrect
cionmhar,correct
acmhairt,incorrect
rómánsaí,correct
imchuais,incorrect
imbhalla,correct
stoidiam,incorrect
foroinnt,correct
freagrán,incorrect
albanach,correct
soisctha,incorrect
boilsciú,correct
bliadhúl,incorrect
catholic,correct
trífhost,incorrect
doinsiún,correct
dlúthair,incorrect
léithéid,correct
paraingt,incorrect
ardeidae,correct
athchine,incorrect
diagaire,correct
cabhraic,incorrect
eoraifís,correct
roinsear,incorrect
scanradh,correct
comhchaí,incorrect
iompróir,correct
fíligiún,incorrect
crústach,correct
luachadh,incorrect
soithigh,correct
camchead,incorrect
teoirice,correct
dochaill,incorrect
sileacan,correct
coinsear,incorrect
luascadh,correct
incheamh,incorrect
láimhsiú,correct
taobhadh,incorrect
aireagán,correct
printíos,incorrect
míorúilt,correct
coimpire,incorrect
feiscint,correct
colúntas,incorrect
grinnill,correct
ticéatas,incorrect
bombardú,correct
stáisiúr,incorrect
straidhn,correct
infhearg,incorrect
teorannú,correct
ciliméad,incorrect
nindiach,correct
comhanda,incorrect
lámhaigh,correct
uimhneas,incorrect
eitleoir,correct
físeánra,incorrect
slonnadh,correct
oinearál,incorrect
drúchtín,correct
uiliteas,incorrect
fosfáite,correct
scríosún,incorrect
sionagóg,correct
macasair,incorrect
meabhair,correct
gobharla,incorrect
creathán,correct
siopairí,incorrect
ciainíde,correct
litrillí,incorrect
ceiltigh,correct
sraithis,incorrect
cruachás,correct
creideal,incorrect
libertad,correct
téarmann,incorrect
díograis,correct
domhalta,incorrect
seanmóir,correct
ambridir,incorrect
eoclaipe,correct
geoisear,incorrect
cliabhán,correct
daonramh,incorrect
dúthaigh,correct
domhaile,incorrect
treorach,correct
sacarbhú,incorrect
scornánú,correct
céileach,incorrect
sionapsa,correct
eolasadh,incorrect
taoscadh,correct
iarraigí,incorrect
meatháin,correct
sárshaol,incorrect
liomfóma,correct
ceannadh,incorrect
líomhadh,correct
sócmhair,incorrect
derbfine,correct
smiorris,incorrect
innealra,correct
geallmhú,incorrect
scagaire,correct
feisimin,incorrect
teifeach,correct
bóthacht,incorrect
tionacht,correct
glascnamh,incorrect
sealúchas,correct
tuismithe,incorrect
tuisceart,correct
cruinnill,incorrect
cruinneog,correct
oráisteán,incorrect
scóráladh,correct
scatagóid,incorrect
marxachas,correct
ginmhíniú,incorrect
máirseáil,correct
próisteán,incorrect
tréimhsiú,correct
síceapadh,incorrect
dílseacht,correct
deimhlint,incorrect
ollphéist,correct
ceolchlár,incorrect
imeascadh,correct
sagarthar,incorrect
pléascadh,correct
réimisiún,incorrect
airgintín,correct
mórshaigh,incorrect
cinniúint,correct
praghaidh,incorrect
slóvacach,correct
teirmeoir,incorrect
fiadhúlra,correct
iarratach,incorrect
rialúchán,correct
caipitriú,incorrect
mearbhall,correct
ruathmhír,incorrect
fuinnmhiú,correct
craolasaí,incorrect
sionnaigh,correct
fuasclóir,incorrect
paisinéir,correct
vacsanach,incorrect
pianódóir,correct
monuasalt,incorrect
cládagram,correct
paróisear,incorrect
muirthead,correct
comórthir,incorrect
suirbhéir,correct
sraithead,incorrect
ginearálú,correct
greilifís,incorrect
éasafagas,correct
bualaingt,incorrect
ceapachán,correct
treamhnas,incorrect
cleamhnas,correct
domharcha,incorrect
ceannaigh,correct
breithéid,incorrect
bronntóir,correct
coimisine,incorrect
cumhachtú,correct
oiliúradh,incorrect
leasúchán,correct
spreagras,incorrect
síciatraí,correct
scannálaí,incorrect
comhchéim,correct
lámhartha,incorrect
coirpeach,correct
géarchail,incorrect
siombalaí,correct
lárphollú,incorrect
coigistiú,correct
fíorbhosc,incorrect
néarchinn,correct
borrachán,incorrect
smugairle,correct
roiniúint,incorrect
glasadóir,correct
dáileadóg,incorrect
tiomantas,correct
infhileog,incorrect
farasbarr,correct
ospidéacs,incorrect
máthairab,correct
iomáinlia,incorrect
tiomántán,correct
toirthead,incorrect
tochmharc,correct
oirtheamh,incorrect
uimhreach,correct
protophyt,incorrect
striapach,correct
cearraidh,incorrect
sealgaire,correct
mamaighde,incorrect
fothoradh,correct
tiúideoir,incorrect
biosáinte,correct
sraithris,incorrect
spreagtha,correct
páipéiste,incorrect
ionchollú,correct
feinidict,incorrect
uasghrádú,correct
cloisivas,incorrect
tíolacadh,correct
tionsailé,incorrect
dearcaidh,correct
leáphoill,incorrect
aolchloch,correct
sreabhair,incorrect
snoíodóir,correct
feirmidin,incorrect
beilgeach,correct
titiúideo,incorrect
crústaigh,correct
cathairle,incorrect
insíothlú,correct
áibhialla,incorrect
gruagaire,correct
eitibiles,incorrect
broighill,correct
réaltbhra,incorrect
liotúirge,correct
áiritiker,incorrect
colaimbít,correct
earraigin,incorrect
míleatach,correct
pleanbhar,incorrect
doicheall,correct
iarmhaint,incorrect
leathrúil,correct
cluicheap,incorrect
sóisialaí,correct
bheithéid,incorrect
speisialú,correct
saothroim,incorrect
stealladh,correct
iarmhacht,incorrect
íorthacht,correct
oirthuais,incorrect
disciplín,correct
uaighdeán,incorrect
comphobal,correct
túsphobac,incorrect
allmhaire,correct
réabhlach,incorrect
complacht,correct
iarmhalar,incorrect
friochadh,correct
iarrainge,incorrect
polainéis,correct
formhóras,incorrect
troitheán,correct
litriaidh,incorrect
tíoraimín,correct
domhairle,incorrect
freaschur,correct
leatailín,incorrect
mairteoil,correct
siméineal,incorrect
faoileoir,correct
foirteoir,incorrect
seandacht,correct
oirdheirt,incorrect
maolchinn,correct
seachtadh,incorrect
teaictice,correct
oirdheist,incorrect
clabhstra,correct
mórcheall,incorrect
roghchlár,correct
astopadha,incorrect
steirneam,correct
núicléiriú,incorrect
núicléitíd,correct
iarrtháirt,incorrect
mionpháirt,correct
satailciam,incorrect
imbhualadh,correct
sráidbhair,incorrect
ullmhúchán,correct
taiticeoir,incorrect
liotuánach,correct
géiniúchán,incorrect
léiriúchán,correct
srianghraf,incorrect
sobalchlár,correct
glóthairle,incorrect
díspeagadh,correct
droimeádaí,incorrect
tuismíocht,correct
parlachtán,incorrect
creidiúint,correct
bruachainn,incorrect
moslamaigh,correct
bealaíonán,incorrect
faireachán,correct
caitliceas,incorrect
saoránacht,correct
tuisilliún,incorrect
deisiúchán,correct
dífhabháil,incorrect
tíorocsaín,correct
mainiceoir,incorrect
ionchorprú,correct
potaíochán,incorrect
tascfhórsa,correct
dordveidhm,incorrect
foclaíocht,correct
ruireannas,incorrect
dífhoirmiú,correct
scríbhneas,incorrect
éabhlóidiú,correct
paróiseans,incorrect
fairsingiú,correct
seomrascán,incorrect
départment,correct
ceolchruth,incorrect
míleatacht,correct
dúnmhartas,incorrect
monatóiriú,correct
rialáideog,incorrect
measpatáim,correct
ascheantar,incorrect
smuigleáil,correct
borróisear,incorrect
canablacht,correct
teiliúchán,incorrect
meitifisic,correct
imreoiriam,incorrect
foghlaithe,correct
gradamhnán,incorrect
leictrilít,correct
aoireannas,incorrect
mórphearsa,correct
camfatailc,incorrect
provinciae,correct
giúdaighde,incorrect
drochshaol,correct
ceolchodán,incorrect
dreapadóir,correct
inchiorcal,incorrect
socraíocht,correct
fluaiteoir,incorrect
gcreideamh,correct
daonphoilt,incorrect
idirbheart,correct
gradamháis,incorrect
teileagram,correct
aitheorann,incorrect
custaiméir,correct
limineagán,incorrect
spéirghorm,correct
paróisteal,incorrect
soiscéalaí,correct
foirgneasú,incorrect
foirceadal,correct
leasaontae,incorrect
fochanúint,correct
foinseansa,incorrect
breathnach,correct
inchiorcad,incorrect
brabhsálaí,correct
uasmhéadra,incorrect
leáphointe,correct
liathréith,incorrect
ardchríoch,correct
durlabhsúr,incorrect
livingston,correct
imreoitéin,incorrect
veigeatóir,correct
fealsamhlú,incorrect
macasamhla,correct
mainisteán,incorrect
clubtheach,correct
riarachtar,incorrect
conformáil,correct
clannbhunú,incorrect
bláthchinn,correct
imoibrimid,incorrect
díshealbhú,correct
acromóiriú,incorrect
eiritricít,correct
uisciplíne,incorrect
eipiciúras,correct
aghaidream,incorrect
ciarraíoch,correct
sraithneas,incorrect
ceirbheacs,correct
domharchló,incorrect
ceannbhrat,correct
comhlacadh,incorrect
seasmhacht,correct
eoghaidhne,incorrect
imghabháil,correct
núicléasar,incorrect
bunoscionn,correct
iarrachtúr,incorrect
oilithrigh,correct
glachtrann,incorrect
coimisiúnú,correct
dáibhintsy,incorrect
féichiúnaí,correct
aghaidhmiú,incorrect
coinséartó,correct
fìobhairle,incorrect
teallúiríd,correct
traipeasóid,incorrect
inchomórtas,correct
bheithreoir,incorrect
sraithchlár,correct
dúnmhargadh,incorrect
ollmhargadh,correct
scoláisteán,incorrect
cumhachtach,correct
floscdhlúth,incorrect
cíteaplasma,correct
buaiteoiric,incorrect
dordghiotár,correct
buachtachán,incorrect
ardmháistir,correct
meatailciam,incorrect
bailitheoir,correct
fluaisceart,incorrect
tsaighdiúir,correct
bunbheathrú,incorrect
scrobarnach,correct
saghaidhlín,incorrect
alcalóidigh,correct
suíomhbhair,incorrect
smaointeoir,correct
seancheanga,incorrect
dearbhmhéid,correct
timthriacht,incorrect
aimínaigéad,correct
prionscnamh,incorrect
aolchloiche,correct
fáithriacht,incorrect
athshealbhú,correct
clannbhuíon,incorrect
frithbheart,correct
camchuaisce,incorrect
míthuiscint,correct
bruachbhair,incorrect
siméadracht,correct
clasaíochnú,incorrect
osréalachas,correct
leibhealach,incorrect
leathchúpla,correct
gineartháir,incorrect
mórcheantar,correct
caipitleoir,incorrect
macromóilín,correct
minicíocrób,incorrect
scigaithris,correct
fíachuaisne,incorrect
bourgeoisie,correct
imoibreosla,incorrect
imdhíonacht,correct
boghthóiriú,incorrect
cloigtheach,correct
nuachbhainn,incorrect
dlúthbhaint,correct
fearaingniú,incorrect
tosaitheoir,correct
creidealbhú,incorrect
uranographa,correct
foláistriúr,incorrect
camogaíocht,correct
iarfhíseach,incorrect
athdhéanamh,correct
sráidbhainn,incorrect
ultrafhuaim,correct
accipiteach,incorrect
slóivéanach,correct
cloirgneamh,incorrect
croíbhriste,correct
éiclipteafa,incorrect
eiblitheoir,correct
moilleagasc,incorrect
seirfeachas,correct
bíoblachtar,incorrect
sárshaothar,correct
réimhscóiré,incorrect
gaistríteas,correct
carrchumann,incorrect
cealchultúr,correct
breisialtas,incorrect
cinedhíothú,correct
comhchathal,incorrect
diaibéiteas,correct
maoineartún,incorrect
dícheannadh,correct
iarthuaisce,incorrect
iomrascálaí,correct
tréshoicind,incorrect
leipreachán,correct
dúphollúnas,incorrect
gnáthchaint,correct
siollachtas,incorrect
mathematics,correct
iarrthóiriú,incorrect
treoshuíomh,correct
sláinteampa,incorrect
fóirithinte,correct
tamaitistir,incorrect
festschrift,correct
foinsiúnach,incorrect
einceifilín,correct
rialtachadh,incorrect
claochladán,correct
gníomhghéag,incorrect
príomhbhéim,correct
cúrsaíochán,incorrect
piúratánach,correct
roinnealach,incorrect
garraíodóir,correct
lánaithreán,incorrect
líomatáiste,correct
oirtheamhnú,incorrect
maighnéadas,correct
ceardchaile,incorrect
dronuillinn,correct
uiscearthar,incorrect
translation,correct
imeathracht,incorrect
idirbheartú,correct
saotharnóir,incorrect
íonghlanadh,correct
comhchainne,incorrect
cliarlathas,correct
álainíochar,incorrect
dobhriathra,correct
fíordheifne,incorrect
cuilghaiste,correct
ionmharsana,incorrect
taibhdhearc,correct
domharchéim,incorrect
gimnispeirm,correct
áirithsféar,incorrect
deisbhéalaí,correct
scríbhinsiún,incorrect
feidhmeannas,correct
spreagrachán,incorrect
cruinneachán,correct
tuismitheamh,incorrect
muscicapidae,correct
inchoimreoir,incorrect
órchaighdeán,correct
garraighdeán,incorrect
printíseacht,correct
mamaighdiúir,incorrect
foghlaimeoir,correct
impriseatóir,incorrect
ailbéideacht,correct
tuarastúnach,incorrect
ceintiméadar,correct
cuidealbhóir,incorrect
cláraitheoir,correct
foirmiúdaigh,incorrect
pobalbhreith,correct
coinneallmhú,incorrect
hidreacarbón,correct
toghcheartam,incorrect
gluaisteánaí,correct
stáitsifréin,incorrect
deirmitíteas,correct
peileasanach,incorrect
comhthaighde,correct
ocsailchruth,incorrect
gnáthdhaoine,correct
comaiticeoir,incorrect
conquistador,correct
aeráidbhairt,incorrect
athfhorbairt,correct
uairilleadóg,incorrect
achtanóidigh,correct
suíomhbhaile,incorrect
accipitridae,correct
achoibhneoir,incorrect
réamhbhabhta,correct
atmaisceartú,incorrect
príomhghabha,correct
ardchláinéad,incorrect
macramhóilín,correct
teaghlacadóg,incorrect
clóscríobhán,correct
coinchuspóid,incorrect
bordchluiche,correct
partementaur,incorrect
traidisiúnta,correct
cogadhachtar,incorrect
décharbónáit,correct
tréimistéisc,incorrect
dhaonáireamh,correct
sliabhraíoch,incorrect
máthairchill,correct
fréamhbhaill,incorrect
bibliography,correct
feachócasúra,incorrect
tarbhghadhar,correct
tionchoimriú,incorrect
buanáitreabh,correct
cuairngreann,incorrect
meirdreachas,correct
ruathchomhnú,incorrect
peirihéilean,correct
príomhphobal,incorrect
teasdíontóir,correct
teangaineamh,incorrect
mionphocaire,correct
uairilliúnna,incorrect
trasinscnigh,correct
páirtshéasca,incorrect
bríatharogam,correct
damhspleáchan,incorrect
neodrónréalta,correct
creidealbhóir,incorrect
dífhostaíocht,correct
polaipeolasaí,incorrect
leathcheannas,correct
caidreapatach,incorrect
réamhtheachta,correct
corónagréasán,incorrect
ceolchumadóir,correct
coinchionscal,incorrect
comharchumann,correct
treibhéarlaim,incorrect
airgintíneach,correct
treoraifigean,incorrect
meindiléiviam,correct
sruthchuideal,incorrect
neamhbhrabúis,correct
lúthcheathair,incorrect
idirghabhálaí,correct
daorbhealacht,incorrect
nósmhaireacht,correct
treisialachán,incorrect
mainneachtain,correct
gníomhcheanga,incorrect
alfacháithnín,correct
cathaitneolaí,incorrect
leathanbhanda,correct
bailéirsingil,incorrect
comhfhreagras,correct
maoinearáltas,incorrect
daonlathaithe,correct
liobráidbhair,incorrect
iarmhúinteoir,correct
bearnaighdeán,incorrect
dualghluaisne,correct
droicheathair,incorrect
naomhphictiúr,correct
iarraidhmchla,incorrect
leochaileacht,correct
teileacaighné,incorrect
cuarfhiaclach,correct
bratacharnóir,incorrect
giomnáisiamaí,correct
tarraidisiúnú,incorrect
saobhdhiallas,correct
siompartmheas,incorrect
clórprómaisín,correct
comharlaimirt,incorrect
rutarfoirdiam,correct
ceantamaighde,incorrect
ceastóireacht,correct
claonchosúlach,incorrect
ardmhinicíocht,correct
cinedhíoneolas,incorrect
abhacphláinéad,correct
taobhchomhalta,incorrect
gnáthchiontóir,correct
duaisceartháir,incorrect
leathsheoltóir,correct
fíochtchuaisce,incorrect
drochthionchar,correct
itheamhshamhna,incorrect
núicléisintéis,correct
liobráidbhaine,incorrect
forshreabhacht,correct
cianphrionnach,incorrect
antashubstaint,correct
cúiteachtaitis,incorrect
micribitheolaí,correct
carachtachélós,incorrect
gaolmhaireacht,correct
sómharthóirith,incorrect
anguilliformes,correct
scabhallaphian,incorrect
neamhspleachas,correct
comhaictéarmad,incorrect
nascfhuinneamh,correct
toghcheimhreamh,incorrect
poblachtánachas,correct
leathsheallmhar,incorrect
luathghinealach,correct
meascadhnaíocht,incorrect
sraithchomórtas,correct
cúlchríchoimeád,incorrect
ríomhthráchtáil,correct
scríbhinseachán,incorrect
eispriseanachas,correct
teiliméadachtar,incorrect
eicínideirmeach,correct
cáiliúrachtaint,incorrect
infreastruchtúr,correct
nascabhreathair,incorrect
ostariophysians,correct
cóitséiséitiani,incorrect
frithchaitheamh,correct
rubarculóireann,incorrect
bunfhrithchuarc,correct
taobhchomhaslal,incorrect
spréachphlocóid,correct
