stimulus,correct_answer
sæsni,incorrect
kúabú,correct
viljun,incorrect
gripir,correct
aðskip,incorrect
prótín,correct
diskup,incorrect
akstur,correct
páfaga,incorrect
lækkun,correct
fiskup,incorrect
þungur,correct
riddan,incorrect
listir,correct
matréð,incorrect
grafík,correct
ágiskup,incorrect
truflun,correct
norræði,incorrect
litning,correct
hraðild,incorrect
hundruð,correct
óþæging,incorrect
arftaki,correct
kostuli,incorrect
jökulár,correct
óglendi,incorrect
krýning,correct
útnefja,incorrect
áreitni,correct
kirting,incorrect
málning,correct
æðstaða,incorrect
úrlausn,correct
eldsnám,incorrect
lögmæti,correct
mastríð,incorrect
veiting,correct
óviljun,incorrect
uppsögn,correct
ökufólk,incorrect
hvammur,correct
vörusta,incorrect
samvera,correct
fiskupi,incorrect
spretti,correct
bólublá,incorrect
skeifur,correct
yfirkja,incorrect
pressun,correct
óafviti,incorrect
snigill,correct
söguspá,incorrect
sögubók,correct
borgang,incorrect
deiling,correct
boltafé,incorrect
frelsun,correct
rennska,incorrect
flúoríð,correct
kennska,incorrect
vinning,correct
afleifi,incorrect
geislun,correct
lykilma,incorrect
pynding,correct
æskulag,incorrect
góðgæti,correct
stubann,incorrect
leiftur,correct
diskupi,incorrect
hvirfli,correct
daðandi,incorrect
stúlkna,correct
listærð,incorrect
hringja,correct
veggind,incorrect
tegunda,correct
yfirher,incorrect
hugsjón,correct
meðalfun,incorrect
meðalævi,correct
stakling,incorrect
predikun,correct
bifvélar,incorrect
hámörkun,correct
afspunin,incorrect
strengur,correct
hugvísir,incorrect
hagkvæmt,correct
ástæðing,incorrect
gyðingur,correct
ritafróf,incorrect
lífsgæði,correct
hjónauki,incorrect
þversögn,correct
æskuárás,incorrect
illgresi,correct
íþróttæk,incorrect
forsetar,correct
hjartaka,incorrect
nýmyndun,correct
edduverk,incorrect
íkveikja,correct
yfirskrá,incorrect
framburð,correct
kennisti,incorrect
jökulurð,correct
testandi,incorrect
sauðahús,correct
gjaldari,incorrect
ákærulið,correct
uppsetni,incorrect
forritun,correct
rústirða,incorrect
rýtingur,correct
sjómfall,incorrect
málssókn,correct
niðursti,incorrect
þrýsting,correct
bindismi,incorrect
hannaður,correct
listórbú,incorrect
friðsæld,correct
þáttudag,incorrect
barónett,correct
kaupsgjöf,incorrect
frumugerð,correct
upplingur,incorrect
upprifjun,correct
hlutrúmál,incorrect
hlutkesti,correct
kafarþega,incorrect
rökhyggja,correct
námuvegur,incorrect
vikudagur,correct
frumuskip,incorrect
skipalægi,correct
neðanjari,incorrect
byssukúla,correct
fylgjuofn,incorrect
héraðsráð,correct
þáttukona,incorrect
heimsþing,correct
enskurður,incorrect
fylgjandi,correct
skólamein,incorrect
flatbrauð,correct
gyðistríð,incorrect
ljósgjafi,correct
núðlusnið,incorrect
dánarbeði,correct
stjörning,incorrect
skrímslið,correct
kennarorð,incorrect
landamæra,correct
platarsól,incorrect
einkasafn,correct
systrandi,incorrect
persneska,correct
orrustaða,incorrect
útsendari,correct
rannsnöfn,incorrect
þráhyggja,correct
aðkomulag,incorrect
búvísindi,correct
perluslys,incorrect
freigátan,correct
árfarandi,incorrect
keltneska,correct
aðstæðing,incorrect
birtustig,correct
stranskur,incorrect
afrakstur,correct
áhyggjafa,incorrect
patríarki,correct
útgeislið,incorrect
forréttur,correct
rótarhöfn,incorrect
hnattlaga,correct
gæsluvara,incorrect
klæðskera,correct
almenntun,incorrect
dýrlingur,correct
námssálfa,incorrect
þverstæða,correct
borðsljós,incorrect
yfirvexti,correct
ósigrúmar,incorrect
frummaður,correct
hryðjenda,incorrect
þyrilþoka,correct
eirðarlén,incorrect
árhringur,correct
frelsismi,incorrect
matarhefð,correct
endinning,incorrect
niðurfall,correct
forstöðva,incorrect
dómstólar,correct
útkomandi,incorrect
meginefni,correct
upptakari,incorrect
líkneskið,correct
útbreiður,incorrect
herbergja,correct
fernissjó,incorrect
vélvæðing,correct
eignarafl,incorrect
skógareld,correct
íþróttæka,incorrect
framkvæmt,correct
borðsverk,incorrect
yfirlækni,correct
haustueið,incorrect
veðursæld,correct
svarðanak,incorrect
hnýðingur,correct
hnúðarval,incorrect
tilfærsla,correct
orrustarf,incorrect
vafningur,correct
atvinning,incorrect
hughyggja,correct
umgjörnun,incorrect
skrúfjárn,correct
atvinnuafl,incorrect
atvinnumál,correct
spillinöfn,incorrect
spennumynd,correct
blágrýting,incorrect
hrollvekja,correct
fernissinn,incorrect
ráðlegging,correct
íslensulag,incorrect
virðisauki,correct
endustjóri,incorrect
lífsferill,correct
tenglingur,incorrect
vinnuhópur,correct
upptakandi,incorrect
uppskurður,correct
gangarefni,incorrect
frumburður,correct
tilbúnaður,incorrect
ferjumaður,correct
skrímsferð,incorrect
varðveisla,correct
jörðamaður,incorrect
forsprakki,correct
dánardeild,incorrect
tjaldbúðir,correct
viðkomulag,incorrect
margföldun,correct
tónleifari,incorrect
sjálfsmark,correct
ástæðingur,incorrect
þekktastur,correct
hryðjuveit,incorrect
serbneskur,correct
strætisráð,incorrect
strokleður,correct
piparæktun,incorrect
þríhyrning,correct
tilvitning,incorrect
einkageiri,correct
svæðumaður,incorrect
fóstbróður,correct
sagnarhorn,incorrect
frankaríki,correct
ágrennusta,incorrect
kjarnasýru,correct
logaveltur,incorrect
vöfflujárn,correct
prýðisefni,incorrect
ársskýrsla,correct
platargerð,incorrect
heimsbyggð,correct
neðanstærð,incorrect
skyldunámi,correct
barnarskrá,incorrect
vatnsdælur,correct
aðskipulag,incorrect
leyndarráð,correct
bréfasteri,incorrect
granatepli,correct
ljóstageta,incorrect
þverstæður,correct
heimsstyrk,incorrect
óperuaríur,correct
konungumál,incorrect
lögleiðing,correct
þroskunnát,incorrect
líkamsvöxt,correct
fimmtardýr,incorrect
fyrirhugun,correct
platarsaga,incorrect
félagslynd,correct
smiðurværi,incorrect
dreifibréf,correct
matvælavey,incorrect
viðtalsbók,correct
ástæðinámi,incorrect
smellirnir,correct
lausnarmál,incorrect
meðalvinna,correct
hlutarefni,incorrect
leiðitamur,correct
spennukona,incorrect
djarfastur,correct
náttarsaga,incorrect
vinnugleði,correct
orrustaður,incorrect
meistarinn,correct
klukkustum,incorrect
klappstýra,correct
celsínugul,incorrect
dvalarstað,correct
skutilræði,incorrect
grænþörung,correct
sóknarverk,incorrect
portúgölsk,correct
áhlaupsför,incorrect
vogarstöng,correct
smiðjungur,incorrect
sentímetra,correct
sóknaranda,incorrect
hraðskreið,correct
veðmálming,incorrect
vegarslóði,correct
elgjuhljóð,incorrect
liðskiptur,correct
hátíðarorð,incorrect
aflabrests,correct
júguskipti,incorrect
andhverfur,correct
yfirkennsla,incorrect
yfirkennari,correct
titillingur,incorrect
biskupsdæmi,correct
atvinnanöfn,incorrect
keppnisgerð,correct
tíðindingur,incorrect
afkastageta,correct
tjörnufélag,incorrect
sparisjóður,correct
heiðursfall,incorrect
heiðursorða,correct
tilfinngrip,incorrect
baráttudegi,correct
mannsóknari,incorrect
meginástæða,correct
ákvarðingur,incorrect
nærverufall,correct
vinnubreska,incorrect
greinargerð,correct
meistamaður,incorrect
stríðsmaður,correct
umsjónaband,incorrect
jarðfræðing,correct
þróunarskrá,incorrect
hjálparefni,correct
sjálfsstíll,incorrect
líkamsþyngd,correct
árangfætlun,incorrect
matarofnæmi,correct
hnitakeppni,incorrect
burðarmaður,correct
heimsstaður,incorrect
aðildarþjóð,correct
handíðaskip,incorrect
olíubirgðir,correct
tilhneigður,incorrect
ökuréttindi,correct
kvæðingumál,incorrect
varnaðarorð,correct
þróunarverk,incorrect
aðildarríki,correct
atburðarmið,incorrect
peningamagn,correct
norskeyting,incorrect
stjúpbróður,correct
þrennslubók,incorrect
skatttekjur,correct
starfsverði,incorrect
starfsgrein,correct
blessudagur,incorrect
krypplingur,correct
fangarfræði,incorrect
tengdafaðir,correct
fylkisstríð,incorrect
ræðumennska,correct
lykilhlutur,incorrect
sólarupprás,correct
ákvörðungur,incorrect
þakkargjörð,correct
sýningarrit,incorrect
næringaræti,correct
samningahús,incorrect
neyðarskýli,correct
aðstæðisráð,incorrect
aðdáendahóp,correct
rækjuviðmót,incorrect
holdsveikur,correct
eignarhátíð,incorrect
starfshópar,correct
tungumstæða,incorrect
sóknarmaður,correct
heimsstyrki,incorrect
minnisvarði,correct
smæðaróhapp,incorrect
fléttufræði,correct
líknarveiki,incorrect
miðnætursól,correct
vísindabréf,incorrect
gagnrýnenda,correct
fylgisglæpi,incorrect
hústökufólk,correct
flatarsvæði,incorrect
matareitrun,correct
myrkvikmynd,incorrect
breyskjuætt,correct
aðstoðarmál,incorrect
miðlunarlón,correct
móðursepótt,incorrect
fyrirbrigði,correct
ættbálkahús,incorrect
fótboltamót,correct
stersgráður,incorrect
blóraböggli,correct
mýrleikindi,incorrect
þófaplöntur,correct
leikindafla,incorrect
hliðarlengd,correct
kristaskýli,incorrect
alfaravegur,correct
flogaveðlán,incorrect
miðvikudaga,correct
útskýrsland,incorrect
bólgumyndun,correct
einkalestur,incorrect
grábreyskja,correct
njósnarskrá,incorrect
hjónavígsla,correct
nefndarétta,incorrect
athafnasemi,correct
uppsprentun,incorrect
endurlífgun,correct
blendusters,incorrect
millihýsill,correct
viðaukaflug,incorrect
heiðurslaun,correct
keppnistign,incorrect
áfengismagn,correct
héraðsbrota,incorrect
leikjaveita,correct
sjúkrunautn,incorrect
sauðaþjófur,correct
verkasýninn,incorrect
óðalshyggja,correct
markaðsvegg,incorrect
keðjuverkun,correct
leifafundur,incorrect
þríglýseríð,correct
þátttakeðja,incorrect
landámsjörð,correct
langarsvæði,incorrect
útivinnandi,correct
starafellur,incorrect
bogadreginn,correct
sólarhnípið,incorrect
þverkraftur,correct
áherslumaður,incorrect
atvinnugrein,correct
ofsóknarhorn,incorrect
aðstoðarkona,correct
febrúarbrögð,incorrect
iðnaðarmaður,correct
ofviðurstaða,incorrect
vígslubiskup,correct
fundursmerki,incorrect
sóknarkirkja,correct
blýsýrugildi,incorrect
sakborningur,correct
sölubrjósemi,incorrect
fiðluleikari,correct
klukkustjórn,incorrect
íhaldsstefna,correct
sveitibollar,incorrect
hveitibollur,correct
tjaldarkerfi,incorrect
vísindagrein,correct
umsjónabandi,incorrect
biskupsstóli,correct
prentilgátur,incorrect
starfsbróður,correct
siglingarorð,incorrect
hvíldarstæði,correct
dvallaratrót,incorrect
góðgerðarmál,correct
ritillimetri,incorrect
leiðarlýsing,correct
fiskupsember,incorrect
öryggisgæsla,correct
þráðuneyting,incorrect
sextugsaldur,correct
útbreiðarlög,incorrect
viðskiptamál,correct
doktorsgrein,incorrect
ábyrgðarsvið,correct
þilfarandala,incorrect
háþrýstingur,correct
sjúkrunarmið,incorrect
menningarlíf,correct
virkjuskapur,incorrect
megineldstöð,correct
sjávarðveiti,incorrect
guðsþjónusta,correct
tréútskýrsla,incorrect
konferensráð,correct
samkomusteri,incorrect
málfræðingur,correct
sólarhugmynd,incorrect
mýkingarefni,correct
valkynsember,incorrect
karboxýlsýra,correct
rafbrottning,incorrect
fjörufléttur,correct
nágrannsnöfn,incorrect
atvinnusvæði,correct
minnisveggja,incorrect
kristindómur,correct
upphafshraun,incorrect
heimilisfólk,correct
fórnardusdýr,incorrect
hliðartöflur,correct
hungufræðing,incorrect
hreyfanleiki,correct
kvenmanntaki,incorrect
siglingaþjóð,correct
kvaðrahverfi,incorrect
sköpunarsaga,correct
innrásargill,incorrect
fæðingarborg,correct
beiðsluferli,incorrect
dulmálsfræði,correct
gagnagrasafn,incorrect
kennslustaða,correct
vörpudiskóli,incorrect
hegningarlög,correct
marglyttuhóp,incorrect
uppþvottavél,correct
faraldaríkja,incorrect
mengunarefni,correct
meðalbúnaður,incorrect
samanstendur,correct
kjarastyrkur,incorrect
siðameistari,correct
vísindaábata,incorrect
íhaldssamari,correct
knattspyrill,incorrect
stjórnarseta,correct
franskukerfi,incorrect
lífstíðardóm,correct
tungumálvera,incorrect
réttarlæknir,correct
fjaðrasveiti,incorrect
efnahagslífi,correct
hnotsörvarpi,incorrect
áningarstaða,correct
viðmiðaldýpi,incorrect
uppistöðulón,correct
styttindafla,incorrect
menningararf,correct
afkvæmisseri,incorrect
sýningarhald,correct
ummælisdagur,incorrect
höfundarnafn,correct
hlutkestindi,incorrect
greiðslumark,correct
útsýningaöld,incorrect
faðernispróf,correct
útsendakerfi,incorrect
vinnuframlag,correct
lystiréttind,incorrect
tylftareiður,correct
hörgunkortur,incorrect
raðmorðingji,correct
forystuhéruð,incorrect
fornfræðaráð,correct
mannastaveit,incorrect
ríkisábyrgði,correct
framboðsmaður,incorrect
framboðslisti,correct
handknattland,incorrect
kyrrahafslúða,correct
fæðingismaður,incorrect
íhaldsflokkur,correct
kosningahatur,incorrect
reykingamaður,correct
breytisstjórn,incorrect
alræðisstjórn,correct
hugbúnaðarlén,incorrect
mótmælendatrú,correct
lýðræðuþættur,incorrect
aðgerðaáætlun,correct
rýtingargráða,incorrect
sýningarnefnd,correct
aðildarréttur,incorrect
náttúrumyndun,correct
góðgerðamaður,incorrect
lögréttumaður,correct
láglendafræði,incorrect
beygingarmynd,correct
völlunarvinna,incorrect
aðgerðarleysi,correct
sjávarðvangur,incorrect
tvíundarkerfi,correct
afbrigðisþjóð,incorrect
fangelsisdómi,correct
steiningaband,incorrect
skrifstofuhús,correct
aðstæðismaður,incorrect
náttúrulögmál,correct
skólameinangi,incorrect
brúðkaupsferð,correct
drottningahús,incorrect
flutningaskip,correct
veislunarefni,incorrect
velferðarríki,correct
útræðismálari,incorrect
stífluvirkjun,correct
réttindafræði,incorrect
frumulíffræði,correct
húsnæðisherra,incorrect
notendaviðmót,correct
prósentímetri,incorrect
viðtalsþáttur,correct
láglendamaður,incorrect
sjúkrastofnun,correct
baráttarkrafa,incorrect
verslunarvara,correct
hugmyndagrein,incorrect
uppskeruhátíð,correct
knattlanagerð,incorrect
túlkunarfræði,correct
mislitakeppni,incorrect
dramakvikmynd,correct
heimildaskáli,incorrect
iðnaðargarður,correct
sjúkrunargati,incorrect
menningarhefð,correct
sambandaríkur,incorrect
kennslustofur,correct
setningahópur,incorrect
skírnarfontur,correct
tökuprófessor,incorrect
hallarbylting,correct
launahagsskap,incorrect
lengdareining,correct
bókaverðaskip,incorrect
meðferðarform,correct
leiðarætisráð,incorrect
alþýðuskýring,correct
frambjóðarlén,incorrect
jafnréttismál,correct
íbyggisatriði,incorrect
líkamstjáning,correct
landnámsráður,incorrect
myndbandstæki,correct
álfundurnýjun,incorrect
könnunarhópur,correct
andsviðskipun,incorrect
einsetulögmál,correct
siglingarstig,incorrect
byggingarlist,correct
sálmannahelgi,incorrect
smjörviðarætt,correct
alþjóðabrigði,incorrect
frægðarveggur,correct
frumukjarriði,incorrect
styrktarfélag,correct
stefnahagsvar,incorrect
getnaðarlimur,correct
matvörugefinn,incorrect
lífsviðurværi,correct
þverdalsmaður,incorrect
fræðslusýning,correct
kvenmannfærið,incorrect
lifnaðarhætti,correct
bandspyrnulið,incorrect
menningarnótt,correct
vindurreiðsla,incorrect
sýningarsalur,correct
skinkaleyfing,incorrect
tvíburasystir,correct
maríukvittund,incorrect
þallarbarrlús,correct
blessuréttina,incorrect
kringumstæður,correct
þátttökustund,incorrect
megineinkenni,correct
stofufangeyja,incorrect
tungumálagáfa,correct
refsingarfræði,incorrect
merkingarfræði,correct
prósentaráhrif,incorrect
þjónustustúlka,correct
kvenmanneskjal,incorrect
flutningsmaður,correct
framhaldsfélög,incorrect
viðskiptavinur,correct
gjóskumindómur,incorrect
héraðsformaður,correct
byggissýkingur,incorrect
olíuflutningur,correct
sjónabandsvæði,incorrect
rannsóknarefni,correct
sköpunarháttur,incorrect
stjórnarkreppa,correct
körfuknattland,incorrect
ákvörðunarvald,correct
úrslitaleiðsla,incorrect
rannsóknarferð,correct
hugmyndahönnun,incorrect
tónleikadiskur,correct
goðorðsleiðsla,incorrect
nýlenduyfirráð,correct
kjarningamaður,incorrect
landsliðshópur,correct
stefnahagskref,incorrect
plötufyrirtæki,correct
söguþráðuneyti,incorrect
fangelsisdómur,correct
sjónabandstæða,incorrect
lögreglustjóri,correct
gælunarkitekti,incorrect
lýðveldissinni,correct
afbrigðisnefnd,incorrect
hernaðaráætlun,correct
refsingarfylki,incorrect
byggingarvinna,correct
samþættismaður,incorrect
vegamálastjóri,correct
mótspyrnufélag,incorrect
lýðheilsudeild,correct
vinnumyndagerð,incorrect
stefnubreyting,correct
ímyndaríkjadal,incorrect
föstuinngangur,correct
vefsíðugerving,incorrect
mastersritgerð,correct
hneykslismaður,incorrect
hvíldartímabil,correct
íslamiðlamaður,incorrect
listamannalaun,correct
stefnahagsrýni,incorrect
hernaðaraðstoð,correct
framkvæmdardóm,incorrect
rannsóknarstöð,correct
forgarastyrkur,incorrect
ættkvíslarnafn,correct
hugbúnaðarrétt,incorrect
ráðstefnusalur,correct
neðanmálsaðili,incorrect
áhættusamfélag,correct
sveigrunnudaga,incorrect
loftskeytastöð,correct
lífsreglumaður,incorrect
myndlistarfólk,correct
vísindirlestur,incorrect
áheyrnarprufur,correct
svæðisfulltrúi,incorrect
gengisvísitala,correct
sköguleikmaður,incorrect
ársmeðalúrkoma,correct
karlmanakönnun,incorrect
byltingarsinni,correct
knattleikvangi,incorrect
yfirborðskennd,correct
kaupmáttamaður,incorrect
nýnasistahópur,correct
villistafritun,incorrect
bæjarmálafélag,correct
veitingarherra,incorrect
ofskynjunarlyf,correct
borgararpostur,incorrect
forkaupsréttur,correct
aðgreiðurlendi,incorrect
stjörnuskoðari,correct
ýviðursfjórðun,incorrect
áróðursherferð,correct
nútímakvarslys,incorrect
millilandaflug,correct
vefsíðuumfjöld,incorrect
bernarsáttmáli,correct
landernismerki,incorrect
jafnstraumsrás,correct
útbúnaðarkerfi,incorrect
tvenndarleikur,correct
tregðukenndýra,incorrect
bikarfléttuætt,correct
afnumálamiðstöð,incorrect
kosningabarátta,correct
neðanmálshyggja,incorrect
atferlismeðferð,correct
platarmálafræði,incorrect
körfuboltamaður,correct
sveitingaréttur,incorrect
pálmasunnudagur,correct
fréttarhöggvari,incorrect
byltingarstjórn,correct
moskaþjálfstæði,incorrect
kjarneðlisfræði,correct
heimsmeistament,incorrect
knattspyrnukona,correct
frábrigðisstríð,incorrect
siðaskiptamaður,correct
sýningaþjónusta,incorrect
markaðsbúskapur,correct
möguleikaferill,incorrect
góðgerðarsamtök,correct
kjaldbakartgrip,incorrect
milliríkjanefnd,correct
skriftasöfnuður,incorrect
öryggiseftirlit,correct
ljósmyndarmerki,incorrect
körfuboltafélag,correct
kvenmanntamaður,incorrect
unglingaflokkur,correct
kjarnaðarvingur,incorrect
minningarathöfn,correct
herlögreglugeta,incorrect
stjórnsýslustig,correct
afgreinstakling,incorrect
blýsýrurafgeymi,correct
byggðarréttindi,incorrect
atvinnutækifæri,correct
sóknarprófessor,incorrect
hrygningarsvæði,correct
myndunarlestrið,incorrect
verkefnisstjóri,correct
ókoshneiginland,incorrect
samkeppnisaðili,correct
undanfaldleikur,incorrect
samsteypustjórn,correct
dánarfrelsisdóm,incorrect
nútímahöfuðborg,correct
upptökuþrýsting,incorrect
forystuhlutverk,correct
heimsmeistamynd,incorrect
einkaleyfishafi,correct
þýðinguráðherra,incorrect
klausturhaldari,correct
söngvallabreyti,incorrect
atvinnumannalið,correct
fræhyrningarmál,incorrect
trúnaðarbrestur,correct
gildarbandstæði,incorrect
landamærasvæðum,correct
útsendahönnuður,incorrect
hernaðarinngrip,correct
aðstoðarleikami,incorrect
helmingunartími,correct
heitingisþjófur,incorrect
leiðangursmaður,correct
trommuleiksmaður,incorrect
rannsóknarréttur,correct
hernaðarkonungur,incorrect
hernaðarbandalag,correct
samkomulagahatur,incorrect
heilbrigðisnefnd,correct
olíuskiptastjórn,incorrect
fjölskylduhundur,correct
doktorsprófessor,incorrect
kennslufræðingur,correct
fundurvarpsmaður,incorrect
síldarverksmiðja,correct
einföldungadeild,incorrect
krikketleikmaður,correct
uppbyggingarmynd,incorrect
dulritunaraðferð,correct
knattspyrnarborg,incorrect
kvenréttindakona,correct
fernaðarákvörðun,incorrect
tungumálakennsla,correct
sýningskjöltækur,incorrect
stjórnsýslusvæði,correct
álveruleiksmaður,incorrect
aðalsfjölskyldur,correct
karpsþáttaraðili,incorrect
ritvinnsluforrit,correct
eignarframúrskur,incorrect
öldungaráðsmaður,correct
hvelferðakamaður,incorrect
aðstoðarlögmaður,correct
byggingarmynning,incorrect
persónuafsláttur,correct
hrollvekjanataka,incorrect
fyrirferðamikill,correct
sýningarsjúkrafa,incorrect
upplýsingaskilti,correct
saltpétursástand,incorrect
knattspyrnumadur,correct
afstúlkurfræðing,incorrect
lögræðissvipting,correct
skattarhringhóls,incorrect
almannafyrirtæki,correct
hreiningauparifé,incorrect
myndasögutímarit,correct
ávinnuútgáfuverð,incorrect
leiðarreikningur,correct
sagnfræðingamaður,incorrect
sjávarútvegsfélag,correct
klukkustjórnsýsla,incorrect
könnunarleiðangur,correct
sinnisvarðarmaður,incorrect
tölvunarfræðingur,correct
hringarmálaráðhús,incorrect
örsmæðareikningur,correct
framkvæmdarsamtök,incorrect
skipanalínuviðmót,correct
nýlendalvínýlklór,incorrect
byggingafræðingur,correct
kvenmannaþjóðandi,incorrect
viðskiptaaðstæður,correct
ferðarfyrirtæknir,incorrect
þjóðarframleiðsla,correct
plötufyrirlesting,incorrect
verksmiðjueigandi,correct
þýðingismannsnöfn,incorrect
stjórnsýslueining,correct
forsendarríkjadal,incorrect
íslenskufræðingur,correct
stofnunarfræðingi,incorrect
menningarlandslag,correct
karaiðnaðarleikur,incorrect
kvenréttindakonur,correct
norðfylkisstofnun,incorrect
menningarverðlaun,correct
símaríulykilhluti,incorrect
endurreisnarmaður,correct
persastórmeistarf,incorrect
efnahagsráðuneyti,correct
grannsóknarfundur,incorrect
aðstoðarritstjóri,correct
átroðningarskipti,incorrect
hugmyndasamkeppni,correct
sóknarhúsafræðing,incorrect
húsasmíðameistari,correct
stjarnorkusprentun,incorrect
matvælaframleiðsla,correct
lögregluvasakvegur,incorrect
viðskiptasamningur,correct
lengdarendaþarmsop,incorrect
raforkuframleiðsla,correct
kvenmannarandlista,incorrect
nýsköpunarráðherra,correct
handídatsprófastur,incorrect
rannsóknarverkefni,correct
úrfellibilsástæður,incorrect
stjórnleysisstefna,correct
leirusjúkrunarefni,incorrect
fornaldarheimspeki,correct
handíðaskólameista,incorrect
spillingarrannsókn,correct
ákvæðinguryrðingur,incorrect
hrollvekjuhöfundur,correct
biskubuskattlanana,incorrect
veðurathugunartími,correct
embættishyggjuefni,incorrect
stjórnmálaskýrandi,correct
eignarhúsnæðisseri,incorrect
fráhvarfseinkennin,correct
mennisteingervillur,incorrect
milliríkjasamningur,correct
knattleikistarfsemi,incorrect
kjarneðlisfræðingur,correct
fjallarrektorsprófi,incorrect
gjaldeyrisviðskipti,correct
landstæðismannsnafn,incorrect
vinnuveitandaábyrgð,correct
brottningarskráning,incorrect
sjálfseignarstofnun,correct
leikritarmálafyrill,incorrect
stjórnarskipunarlög,correct
skírnarráðabirgjald,incorrect
heilbrigðisvandamál,correct
stundarstíðarstaður,incorrect
leiðréttingarforrit,correct
ræðaprófastandamaður,incorrect
kvenréttindafrömuður,correct
stefnuyfirættismaður,incorrect
gróðurhúsalofttegund,correct
matarmálafyrirkokkur,incorrect
hryðjuverkastarfsemi,correct
möguljóðbúnaðarhætta,incorrect
járnbrautarfyrirtæki,correct
samningaskautastjórn,incorrect
stjarneðlisfræðingur,correct
