stimulus,correct_answer
iesa,incorrect
jogs,correct
rece,incorrect
ieva,correct
apsa,incorrect
trio,correct
iece,incorrect
rasa,correct
gale,incorrect
nora,correct
lumi,incorrect
boja,correct
stre,incorrect
taka,correct
olba,incorrect
tabu,correct
orga,incorrect
koma,correct
iete,incorrect
noma,correct
sauce,incorrect
sekls,correct
ciela,incorrect
laime,correct
takse,incorrect
ritms,correct
lakse,incorrect
mamma,correct
nacis,incorrect
fauna,correct
prete,incorrect
turks,correct
incips,incorrect
drosme,correct
pazons,incorrect
uzmava,correct
auksme,incorrect
kasete,correct
kohols,incorrect
bemols,correct
stance,incorrect
krabis,correct
katode,incorrect
noteka,correct
eksija,incorrect
zirnis,correct
holoka,incorrect
izruna,correct
priedz,incorrect
steiga,correct
simetrs,incorrect
fregate,correct
sencija,incorrect
senatne,correct
diktava,incorrect
diktors,correct
apbalva,incorrect
faraons,correct
semesls,incorrect
pumpurs,correct
naglapa,incorrect
medalus,correct
antrole,incorrect
analogs,correct
mitrumi,incorrect
vektors,correct
apgaiss,incorrect
tankete,correct
nozaurs,incorrect
ciklons,correct
terosme,incorrect
virtene,correct
diments,incorrect
fosfors,correct
depards,incorrect
strauts,correct
nogulis,incorrect
jogurts,correct
stietis,incorrect
hipnoze,correct
protops,incorrect
protons,correct
luktuve,incorrect
egoisms,correct
sprauds,incorrect
spektrs,correct
marmons,incorrect
klajums,correct
imprese,incorrect
impulss,correct
koncese,incorrect
milzums,correct
zebieks,incorrect
zoologs,correct
apgalva,incorrect
apkakle,correct
semikss,incorrect
artelis,correct
pakalps,incorrect
vairoga,correct
pilists,incorrect
brilles,correct
savanga,incorrect
desants,correct
tuberna,incorrect
zalktis,correct
hindika,incorrect
atlants,correct
ikdiene,incorrect
eskadra,correct
zements,incorrect
uzvalks,correct
dziedze,incorrect
operete,correct
pentoss,incorrect
embargo,correct
redakts,incorrect
juniore,correct
ceturki,incorrect
celtnis,correct
purpuse,incorrect
senjors,correct
distars,incorrect
patrons,correct
dailene,incorrect
fitness,correct
cietura,incorrect
jaunava,correct
bambula,incorrect
violets,correct
hromons,incorrect
etalons,correct
britika,incorrect
aizsega,correct
nopelle,incorrect
falanga,correct
dinasta,incorrect
uzskate,correct
istanda,incorrect
psihoze,correct
zemesls,incorrect
kartons,correct
zvietis,incorrect
kompass,correct
organis,incorrect
konkurs,correct
piemisa,incorrect
lietuve,correct
lietura,incorrect
statika,correct
izrakse,incorrect
retumis,correct
pietums,incorrect
trakums,correct
velodis,incorrect
olveida,correct
polieta,incorrect
statnis,correct
algojums,incorrect
atlikums,correct
atkrievs,incorrect
oponents,correct
helikums,incorrect
izraksts,correct
sanators,incorrect
biatlons,correct
diagrabs,incorrect
melnkoks,correct
remonija,incorrect
izklaide,correct
turbulis,incorrect
burbulis,correct
nobeigas,incorrect
juceklis,correct
sinodeva,incorrect
zobvalis,correct
laivieks,incorrect
viesulis,correct
stirnava,incorrect
premjers,correct
saskaits,incorrect
serdenis,correct
pakojums,incorrect
kapituls,correct
romisija,incorrect
instance,correct
kabiedrs,incorrect
bezmiegs,correct
nepilots,incorrect
zandarts,correct
indikula,incorrect
tromboze,correct
komponis,incorrect
statists,correct
atsperts,incorrect
flamings,correct
pusdiene,incorrect
traleris,correct
ikraksts,incorrect
abonents,correct
dievieta,incorrect
cietzeme,correct
ragveide,incorrect
lapveida,correct
dzenests,incorrect
monologs,correct
uzrakumi,incorrect
nogulumi,correct
pretence,incorrect
trauksme,correct
prieguve,incorrect
pirmkods,correct
neoklase,incorrect
emulsija,correct
eskimons,incorrect
eskimoss,correct
konvence,incorrect
terapija,correct
precepts,incorrect
lidlauki,correct
astronis,incorrect
kurkulis,correct
snieguve,incorrect
uniforma,correct
studence,incorrect
pretinde,correct
folianse,incorrect
trompete,correct
karavika,incorrect
jaunulis,correct
varonika,incorrect
cirmenis,correct
miljants,incorrect
radiants,correct
ieplakne,incorrect
moceklis,correct
basskats,incorrect
salikums,correct
riestija,incorrect
brokeris,correct
kopvalks,incorrect
korozija,correct
ainagogs,incorrect
kubietis,correct
lietumis,incorrect
fantasts,correct
perimens,incorrect
smaragds,correct
gultants,incorrect
otrdiena,correct
spraudze,incorrect
sirojums,correct
slokauss,incorrect
erekcija,correct
kondence,incorrect
prefikss,correct
tronisms,incorrect
barotava,correct
apvalsts,incorrect
greznums,correct
pagramma,incorrect
kompakts,correct
brauklis,incorrect
anekdote,correct
labiedrs,incorrect
akustika,correct
luminoze,incorrect
boulings,correct
nospiede,incorrect
tipveida,correct
batalogs,incorrect
uzskaite,correct
serveids,incorrect
panteons,correct
desminis,incorrect
taimeris,correct
ekonsors,incorrect
laukirbe,correct
disperma,incorrect
seksisms,correct
datorija,incorrect
datorika,correct
protekts,incorrect
plastika,correct
mantisms,incorrect
aplikums,correct
sliekare,incorrect
somainis,correct
nozarete,incorrect
lazarete,correct
distarpa,incorrect
raibenis,correct
tornisms,incorrect
kutikula,correct
kolekuls,incorrect
semafors,correct
kazarete,incorrect
loterija,correct
apmatore,incorrect
praviete,correct
durviela,incorrect
ukrainis,correct
bastrons,incorrect
pamflets,correct
mestrija,incorrect
inertums,correct
baronika,incorrect
arhetips,correct
upurists,incorrect
midzenis,correct
apspalva,incorrect
kikbokss,correct
stacists,incorrect
mielasts,correct
urbietis,incorrect
adjunkts,correct
kopietis,incorrect
villaine,correct
instrums,incorrect
sinhrons,correct
meistaba,incorrect
punduris,correct
teritors,incorrect
kapitula,correct
preziste,incorrect
dubliere,correct
spriesma,incorrect
anaerobs,correct
autoreja,incorrect
atomisms,correct
hronisms,incorrect
obelisks,correct
progesta,incorrect
sarukums,correct
eksperma,incorrect
kokvarde,correct
hinduste,incorrect
sinhrona,correct
intervis,incorrect
debitors,correct
operance,incorrect
finieris,correct
republis,incorrect
dadaisma,correct
mantists,incorrect
tankists,correct
vasaraka,incorrect
cirtiena,correct
eksperis,incorrect
reizumis,correct
grupasts,incorrect
sholasts,correct
jaunisms,incorrect
pabalsts,correct
jaunists,incorrect
bifenils,correct
amatisms,incorrect
ametists,correct
molekcija,incorrect
atsaukums,correct
apkurence,incorrect
monuments,correct
pagriests,incorrect
pagrimums,correct
kataljons,incorrect
teleskops,correct
korpionis,incorrect
katehisms,correct
darvinils,incorrect
elevators,correct
klostenis,incorrect
olbaltums,correct
endokrifs,incorrect
avangards,correct
spondents,incorrect
impresija,correct
hidrojums,incorrect
hipodroms,correct
kaulnieks,incorrect
celiakija,correct
departija,incorrect
atteikums,correct
ceremonts,incorrect
rezidents,correct
demodulis,incorrect
rupjmaize,correct
baltacija,incorrect
ielenkums,correct
vietojums,incorrect
jaunputns,correct
divskaits,incorrect
labirints,correct
dievkalpe,incorrect
biezpiens,correct
izaugusts,incorrect
buferzona,correct
marmonija,incorrect
disidents,correct
viceprese,incorrect
apustulis,correct
iemesrags,incorrect
fiziologs,correct
uzliekums,incorrect
noliekums,correct
tronomika,incorrect
pirmdiena,correct
hormonijs,incorrect
algoritma,correct
servators,incorrect
narkotika,correct
atbalsene,incorrect
aizsardze,correct
austrauts,incorrect
titullapa,correct
miernieks,incorrect
jauneklis,correct
pakalaurs,incorrect
nekrologs,correct
rakstaugi,incorrect
rakstvede,correct
komantija,incorrect
vidustece,correct
piemisija,incorrect
neirologs,correct
centifika,incorrect
tautskola,correct
katastija,incorrect
redukcija,correct
aizliesma,incorrect
aizguvums,correct
atrauklis,incorrect
triepiens,correct
cietojums,incorrect
ziedojums,correct
pagramats,incorrect
paradigma,correct
sadalaiks,incorrect
paleozojs,correct
atbildums,incorrect
anarhisms,correct
biotikuls,incorrect
atraitnis,correct
gepartija,incorrect
psihiatrs,correct
pagaidums,incorrect
skolniece,correct
virsniegs,incorrect
virsvalde,correct
izviedogs,incorrect
atstatums,correct
strauklis,incorrect
degungals,correct
meistants,incorrect
kontrasts,correct
substanda,incorrect
nekropole,correct
pielietis,incorrect
dzeguzene,correct
draudekls,incorrect
spiedvads,correct
nelaidums,incorrect
flautists,correct
tranziste,incorrect
debitante,correct
konstrumi,incorrect
akceptors,correct
izrakurss,incorrect
laborants,correct
papiruete,incorrect
rapsodija,correct
astronika,incorrect
plastmasa,correct
dokumenis,incorrect
populisms,correct
vasaliste,incorrect
miertiesa,correct
policisms,incorrect
policiste,correct
lieldijas,incorrect
polimorfs,correct
igaunists,incorrect
tvaikonis,correct
varonists,incorrect
manometrs,correct
fizikants,incorrect
dizainere,correct
sakarsona,incorrect
gliemezis,correct
paaudzums,incorrect
sociologs,correct
izpildums,incorrect
saskarsme,correct
ziemestrs,incorrect
mugursoma,correct
apskatuve,incorrect
kolektors,correct
uzliegums,incorrect
uzmetiens,correct
tiesliede,incorrect
amatieris,correct
kantorija,incorrect
diktofons,correct
tiesnieks,incorrect
pretspars,correct
klienests,incorrect
emulators,correct
cietvalde,incorrect
pienesums,correct
tronomija,incorrect
trijnieks,correct
savainava,incorrect
velotreks,correct
didaktors,incorrect
tomahauks,correct
balvojums,incorrect
laikposms,correct
nopellene,incorrect
okultisms,correct
notektors,incorrect
autopsija,correct
norietumi,incorrect
renesanse,correct
vasariste,incorrect
dogmatika,correct
komponija,incorrect
rokenrols,correct
dinastika,incorrect
nihilisms,correct
nozieguve,incorrect
logaritms,correct
griestuve,incorrect
plakanums,correct
ezervence,incorrect
briljants,correct
komancele,incorrect
krustmija,correct
arhistors,incorrect
gravieris,correct
meistance,incorrect
izliekums,correct
klostence,incorrect
flautiste,correct
kambarice,incorrect
cirkonija,correct
katolists,incorrect
dobspiede,correct
ezerveide,incorrect
briesmone,correct
caurulete,incorrect
albatross,correct
klostents,incorrect
luterisms,correct
nosauklis,incorrect
damaksnis,correct
jaunistrs,incorrect
ugunskurs,correct
lauksaime,incorrect
lakstaugi,correct
izviedobe,incorrect
skulptors,correct
karalieka,incorrect
saistaudu,correct
uzskatuve,incorrect
apziednis,correct
pakalpone,incorrect
gludeklis,correct
perlaments,incorrect
pergaments,correct
musketbols,incorrect
bungdobums,correct
nogalerija,incorrect
uzlidojums,correct
sinhronika,incorrect
krucifikss,correct
semiotisms,incorrect
izgriezums,correct
pretpadome,incorrect
precinieks,correct
agronomika,incorrect
entuziasts,correct
termometne,incorrect
kompresija,correct
propagasts,incorrect
bioetanols,correct
prostojums,incorrect
piesitiens,correct
pozitorija,incorrect
detonators,correct
apgriezums,incorrect
fonogramma,correct
kontaktika,incorrect
baltkrievs,correct
taktsklubs,incorrect
ligzdgulis,correct
industrumi,incorrect
neizpratne,correct
balvassega,incorrect
galvassega,correct
kontiniece,incorrect
mantiniece,correct
vieteiksme,incorrect
konteiners,correct
izrakumula,incorrect
iespiedums,correct
reprodukts,incorrect
korejietis,correct
cietuvieta,incorrect
kompartija,correct
mantinents,incorrect
apmalojums,correct
grantietis,incorrect
sarkankoks,correct
igaunistrs,incorrect
hloroforma,correct
ekonstrumi,incorrect
rokasbumba,correct
diametrija,incorrect
revolveris,correct
neitronoms,incorrect
neitronijs,correct
rototipijs,incorrect
asimetrija,correct
substacija,incorrect
iepakojums,correct
avernatoms,incorrect
kubikmetrs,correct
aizlieguve,incorrect
anemometrs,correct
pieaugusts,incorrect
skeitparks,correct
insultants,incorrect
turbulence,correct
rietuvieta,incorrect
naudassods,correct
nogabalsts,incorrect
ornitologs,correct
ieloceklis,incorrect
ordinators,correct
sievieteka,incorrect
ekonomiste,correct
miokardija,incorrect
difrakcija,correct
dzimumbris,incorrect
profilakse,correct
triecirkne,incorrect
melnraksts,correct
sortistika,incorrect
dogmatisms,correct
sinagojums,incorrect
dzirnezers,correct
karaliekas,incorrect
finansists,correct
kongresija,incorrect
progresija,correct
zemienests,incorrect
konvekcija,correct
saskarbums,incorrect
diversants,correct
apgabalsts,incorrect
prezidente,correct
izaugstums,incorrect
iekarojums,correct
ieskaitlis,incorrect
lapgrauzis,correct
presionika,incorrect
kokospalma,correct
juristenis,incorrect
romantisms,correct
vasaraksts,incorrect
orangutana,correct
koristikls,incorrect
hologramma,correct
tviskojums,incorrect
sazarojums,correct
citronists,incorrect
magnetrons,correct
draugstums,incorrect
polifonija,correct
fronteksts,incorrect
entomologs,correct
spektorija,incorrect
sortiments,correct
gonomisija,incorrect
seismologs,correct
augstskoks,incorrect
darbiniece,correct
dimantisms,incorrect
publicists,correct
meistabula,incorrect
protektors,correct
sintarzeme,incorrect
saliktenis,correct
apvalksnis,incorrect
apokalipse,correct
sasnieksts,incorrect
austrietis,correct
rietumsums,incorrect
skaistulis,correct
konkursija,incorrect
reimatisms,correct
zemnieksme,incorrect
komponiste,correct
lidlauksme,incorrect
modernisms,correct
dinastions,incorrect
galminieks,correct
trenerists,incorrect
lielgalvis,correct
glikopters,incorrect
atomfizika,correct
organistrs,incorrect
asinsgrupa,correct
nieredzens,incorrect
politologs,correct
latvieteka,incorrect
reportiere,correct
zobvaliste,incorrect
domugrauds,correct
ikraksturs,incorrect
lieldators,correct
pieminerce,incorrect
godasardze,correct
khmersants,incorrect
darbadiena,correct
batalgorija,incorrect
krustpunkts,correct
siltumviela,incorrect
helikopters,correct
beretenzija,incorrect
skepticisms,correct
galaktieris,incorrect
kopprodukts,correct
cigaretence,incorrect
izbrauciens,correct
izlieguvums,incorrect
apgrieziens,correct
austruments,incorrect
bundzinieks,correct
virsniegums,incorrect
ekvinokcija,correct
matricients,incorrect
taksonomija,correct
embaricence,incorrect
atstarojums,correct
transkrievs,incorrect
politbirojs,correct
gredzenests,incorrect
atdzejojums,correct
trietuvieta,incorrect
atveidojums,correct
austrukcija,incorrect
izmantojums,correct
valdikamera,incorrect
provokators,correct
pulkvediena,incorrect
nullvektors,correct
pilsonistrs,incorrect
interesents,correct
reitingents,incorrect
reportieris,correct
reimatieris,incorrect
vecmeistars,correct
vasaristika,incorrect
folklorists,correct
pundulgence,incorrect
pirotehnika,correct
diversietis,incorrect
kalkulators,correct
aktieraksts,incorrect
spraugveida,correct
programatne,incorrect
handbolists,correct
jaunkurence,incorrect
uzbrauktuve,correct
zobenvaloda,incorrect
farmakopeja,correct
rudensators,incorrect
augstspiede,correct
kategoritms,incorrect
teicamnieks,correct
statistiene,incorrect
dzintarzeme,correct
iegulancele,incorrect
citoskelets,correct
aspektronis,incorrect
instruktore,correct
dziesmojums,incorrect
komercfirma,correct
ukrainistrs,incorrect
psihiatrija,correct
burvistanda,incorrect
krematorija,correct
liecinieris,incorrect
konditoreja,correct
tranzistole,incorrect
pretendente,correct
kukainistrs,incorrect
antibiotika,correct
urnautskola,incorrect
kursorbumba,correct
ziemeslodze,incorrect
komparators,correct
draudzskats,incorrect
pretstraume,correct
dienvidiene,incorrect
direktorijs,correct
latvietekme,incorrect
koncertants,correct
gekonstrumi,incorrect
kvintiljons,correct
klasaisteja,incorrect
antagonisms,correct
sievietekme,incorrect
iluzionists,correct
hanistrisms,incorrect
acetofenons,correct
rododendija,incorrect
vicekonsuls,correct
noziedkarte,incorrect
plastiskums,correct
spriestance,incorrect
ievadraksts,correct
politikanta,incorrect
starpvalstu,correct
keramenkope,incorrect
infektologs,correct
konferendums,incorrect
reprodukcija,correct
pakalponents,incorrect
iespieddarbs,correct
vilciengrupa,incorrect
iespiedforma,correct
diafragments,incorrect
attaisnojums,correct
gravienojums,incorrect
antablements,correct
kosmonarhija,incorrect
civilpersona,correct
kolonistrija,incorrect
noziedznieks,correct
lazarmaceits,incorrect
dezinfekcija,correct
karkanarhija,incorrect
komjaunietis,correct
ierarhitekts,incorrect
pirmizdevums,correct
eksperigeris,incorrect
aizsargjosla,correct
konfliktenis,incorrect
kontrolsumma,correct
divizitorija,incorrect
nekompetence,correct
prettrietums,incorrect
atomreaktors,correct
gliemineklis,incorrect
gludspiedums,correct
kaustrukcija,incorrect
pirmuzvedums,correct
faktorikants,incorrect
dziesminieks,correct
spiedienvidi,incorrect
fluoruracila,correct
kapteinistrs,incorrect
greznumlieta,correct
paraugstiens,incorrect
kopsavilkums,correct
kontaktieris,incorrect
kongresmenis,correct
kompromietis,incorrect
mononukleoze,correct
tiesaistance,incorrect
publicistika,correct
astmarksiste,incorrect
perpendikuls,correct
puisistorija,incorrect
gredzenveida,correct
taustruktore,incorrect
apgleznojums,correct
priedienvidi,incorrect
atvieglojums,correct
kompetenzols,incorrect
planimetrija,correct
karalistrija,incorrect
pilnvarnieks,correct
draugstietis,incorrect
hercogvalsts,correct
katolistiens,incorrect
koordinators,correct
adapteinists,incorrect
pundurtrusis,correct
psiholokauts,incorrect
luminiscence,correct
dienvidriete,incorrect
metilesteris,correct
koresponsole,incorrect
restaurators,correct
atliekaralis,incorrect
samezglojums,correct
lietoksnesis,incorrect
koksngrauzis,correct
pierakstents,incorrect
funikulieris,correct
leitnanteons,incorrect
priesteriene,correct
kompetendents,incorrect
virsleitnants,correct
pilnvarnizons,incorrect
stabilizators,correct
paraugstietis,incorrect
korespondents,correct
skaustrukcija,incorrect
pilotprojekts,correct
ministreikals,incorrect
kontrolpunkts,correct
iemezistorija,incorrect
miertiesnesis,correct
specbalvojums,incorrect
korespondence,correct
vasaristietis,incorrect
kodolreakcija,correct
intervistanda,incorrect
daudzskaitlis,correct
cietvaldnieks,incorrect
prettrieciens,correct
mongolistikls,incorrect
caurbrauktuve,correct
meistarsietis,incorrect
bezvalstnieks,correct
kravadonistrs,incorrect
jurisprudence,correct
posteritorija,incorrect
superzvaigzne,correct
olbaltkritika,incorrect
civildienests,correct
spraugstietis,incorrect
aizsargvalnis,correct
ieguvernators,incorrect
vicekaraliste,correct
periodikamera,incorrect
plaukstdators,correct
meistarpnieks,incorrect
pirmrindnieks,correct
monogrieziste,incorrect
pretspiediens,correct
latvieteikums,incorrect
neoplatonisms,correct
fizikantojums,incorrect
pavedienveida,correct
upurisprudens,incorrect
ateroskleroze,correct
karjergaments,incorrect
tautsaimnieks,correct
dokumentienis,incorrect
kraniostenoze,correct
dizaineraldis,incorrect
piemistrojums,correct
iespiedienvidi,incorrect
viceprezidents,correct
miesteritorija,incorrect
bioekvivalence,correct
likumpromietis,incorrect
asinsspiediens,correct
atsitieninieks,incorrect
bezpajumtnieks,correct
septembriedums,incorrect
transportieris,correct
pentomobilists,incorrect
hipovitaminoze,correct
klosteritorija,incorrect
pundurzvaigzne,correct
muskuliecirkne,incorrect
elektrostacija,correct
batalizatorija,incorrect
starpfrekvence,correct
sportisticisms,incorrect
interpretators,correct
kareivisekcija,incorrect
kondicionieris,correct
piektdiskusija,incorrect
ekspresionists,correct
dienaidnieksts,incorrect
protekcionisms,correct
heliotropologs,incorrect
multiplikators,correct
sportretinieks,incorrect
psihoterapeits,correct
vasalistenisis,incorrect
ekspansionisms,correct
kapteinistrija,incorrect
triecienvilnis,correct
fizionieredzes,incorrect
fizioterapeite,correct
pavadonistrija,incorrect
trigonometrija,correct
patvertnerisms,incorrect
identifikators,correct
klastmanifests,incorrect
fotoperiodisms,correct
dievkalponents,incorrect
psihoterapeite,correct
