stimulus,correct_answer
ital,incorrect
item,correct
ance,incorrect
fada,correct
enco,incorrect
toma,correct
alve,incorrect
tona,correct
agre,incorrect
tabu,correct
rece,incorrect
coma,correct
imigo,incorrect
bruxo,correct
hista,incorrect
livre,correct
adole,incorrect
monta,correct
isença,incorrect
lémure,correct
tendiz,incorrect
tremor,correct
manhol,incorrect
matriz,correct
víncia,incorrect
idéias,correct
culiar,incorrect
sinete,correct
adagem,incorrect
bonito,correct
anfite,incorrect
sétima,correct
envelo,incorrect
uretra,correct
funcia,incorrect
genoma,correct
privil,incorrect
colina,correct
tomata,incorrect
rapina,correct
orquei,incorrect
namoro,correct
funcio,incorrect
ferida,correct
membre,incorrect
faltas,correct
lagame,incorrect
triplo,correct
apêndio,incorrect
aptidão,correct
graduto,incorrect
grafite,correct
coberal,incorrect
coberta,correct
sobreza,incorrect
legista,correct
forroga,incorrect
trapaça,correct
mancesa,incorrect
famosos,correct
príncia,incorrect
mosaico,correct
cabalho,incorrect
repouso,correct
multivo,incorrect
milênio,correct
sensiva,incorrect
pratica,correct
coordem,incorrect
sumário,correct
decreio,incorrect
coronha,correct
brancês,incorrect
burguês,correct
atituto,incorrect
brocado,correct
catalha,incorrect
anedota,correct
substra,incorrect
tribuna,correct
argônia,incorrect
denário,correct
regenda,incorrect
libanês,correct
entrole,incorrect
ouvidor,correct
evenção,incorrect
tiragem,correct
postume,incorrect
certeza,correct
intribo,incorrect
espinho,correct
semelho,incorrect
alcunha,correct
letribo,incorrect
moderno,correct
mongela,incorrect
lateral,correct
introle,incorrect
bailado,correct
tanquia,incorrect
budista,correct
centude,incorrect
benesse,correct
norteio,incorrect
escriba,correct
implexo,incorrect
ourives,correct
islatim,incorrect
nitidez,correct
montade,incorrect
estrato,correct
juvento,incorrect
juvenil,correct
longite,incorrect
rodagem,correct
gessoal,incorrect
similar,correct
binóide,incorrect
enxerto,correct
seresse,incorrect
tesoura,correct
necesso,incorrect
lágrima,correct
centese,incorrect
centeio,correct
declipe,incorrect
carioca,correct
mudante,incorrect
esquete,correct
jarraxa,incorrect
arminho,correct
aeronte,incorrect
isenção,correct
baleite,incorrect
gramado,correct
embarde,incorrect
piscina,correct
moléculo,incorrect
suspeito,correct
tratégia,incorrect
confusão,correct
tituição,incorrect
uruguaio,correct
cetáculo,incorrect
octógono,correct
solvedor,incorrect
monólogo,correct
diocesso,incorrect
suástica,correct
versário,incorrect
detecção,correct
presbite,incorrect
campista,correct
lantasia,incorrect
monólito,correct
unicação,incorrect
forragem,correct
porcedor,incorrect
polêmica,correct
escalaba,incorrect
esperado,correct
rituação,incorrect
alumínio,correct
cientido,incorrect
elétrico,correct
perfício,incorrect
genética,correct
falsicha,incorrect
infração,correct
armissor,incorrect
metáfora,correct
contanha,incorrect
espectro,correct
termínio,incorrect
estábulo,correct
amização,incorrect
fermento,correct
santusão,incorrect
posseiro,correct
préditor,incorrect
cachorro,correct
guarânio,incorrect
polímero,correct
planício,incorrect
apoiante,correct
exigênio,incorrect
mosquete,correct
comarido,incorrect
recensão,correct
pequerda,incorrect
emulação,correct
banqueda,incorrect
infinito,correct
examento,incorrect
geógrafo,correct
aumenino,incorrect
lugarejo,correct
nobrecho,incorrect
patriota,correct
combargo,incorrect
normando,correct
cabrança,incorrect
catálise,correct
ensinato,incorrect
ativista,correct
deparada,incorrect
selvagem,correct
proporto,incorrect
descente,correct
doutrefa,incorrect
oligarca,correct
monumera,incorrect
inscrito,correct
camaroto,incorrect
camisola,correct
crescola,incorrect
pilhagem,correct
latraste,incorrect
latência,correct
túmulado,incorrect
epiderme,correct
propólio,incorrect
conclave,correct
munidado,incorrect
desertor,correct
tabeleza,incorrect
celulose,correct
festauro,incorrect
habitual,correct
rainhada,incorrect
garanhão,correct
ponteúdo,incorrect
alvoroço,correct
certilha,incorrect
roubadas,correct
ternismo,incorrect
deflação,correct
reinveja,incorrect
reinício,correct
experigo,incorrect
estreito,correct
tiquação,incorrect
mocidade,correct
seguição,incorrect
gravilha,correct
iconomia,incorrect
aquífero,correct
trangime,incorrect
estresse,correct
reestiva,incorrect
reedição,correct
medidade,incorrect
graduado,correct
nascismo,incorrect
elétrica,correct
eventude,incorrect
oxidação,correct
julgação,incorrect
nulidade,correct
câmerado,incorrect
etiqueta,correct
quartame,incorrect
homicida,correct
vinhones,incorrect
gotícula,correct
impanhia,incorrect
prefácio,correct
centrato,incorrect
clínicas,correct
necessão,incorrect
ciclismo,correct
aventude,incorrect
moderado,correct
poderniz,incorrect
nacional,correct
elemenda,incorrect
shopping,correct
eletrime,incorrect
mandarim,correct
classeio,incorrect
adjetivo,correct
quilhada,incorrect
lentidão,correct
quebrade,incorrect
previsto,correct
feminário,incorrect
amplitude,correct
semaneira,incorrect
semanário,correct
contífice,incorrect
compêndio,correct
legumento,incorrect
marketing,correct
sobertura,incorrect
obstáculo,correct
seminista,incorrect
seminário,correct
desidente,incorrect
moratória,correct
escarante,incorrect
destilado,correct
libertura,incorrect
hidrofone,correct
atrimônia,incorrect
armadilha,correct
revivento,incorrect
incubação,correct
versidade,incorrect
carruagem,correct
relevisão,incorrect
reparação,correct
tecimento,incorrect
paciência,correct
sequestão,incorrect
laticínio,correct
perinário,incorrect
manicômio,correct
hostitude,incorrect
pedagogia,correct
operatura,incorrect
cemitério,correct
relevista,incorrect
balneário,correct
peculação,incorrect
neolítico,correct
recomunha,incorrect
barricada,correct
currícula,incorrect
clavícula,correct
investilo,incorrect
defensiva,correct
portância,incorrect
polimento,correct
ringuagem,incorrect
evangelho,correct
gravatura,incorrect
escudeiro,correct
termissão,incorrect
esperteza,correct
escaldeia,incorrect
influente,correct
papaganda,incorrect
depuração,correct
necessoal,incorrect
herdeiras,correct
caminação,incorrect
curvatura,correct
declarejo,incorrect
expositor,correct
cirurgime,incorrect
mecânicas,correct
potálamor,incorrect
subtração,correct
empilaria,incorrect
autarquia,correct
capitante,incorrect
iniciador,correct
financipe,incorrect
pontífice,correct
civilégio,incorrect
nepotismo,correct
tiroteína,incorrect
ameríndio,correct
celibação,incorrect
churrasco,correct
duendeiro,incorrect
taxonomia,correct
atrimento,incorrect
heliporto,correct
boletário,incorrect
polinômio,correct
hierarque,incorrect
inocência,correct
materraço,incorrect
patronato,correct
adminismo,incorrect
auditoria,correct
homossoma,incorrect
veredicto,correct
comandato,incorrect
combinado,correct
interveja,incorrect
discoteca,correct
sucessado,incorrect
assinante,correct
torciante,incorrect
conjurado,correct
azendente,incorrect
etnologia,correct
cliquista,incorrect
altruísmo,correct
figurança,incorrect
leucócito,correct
estudança,incorrect
veneziano,correct
emprendos,incorrect
utilizada,correct
entratura,incorrect
escavador,correct
helicação,incorrect
irritação,correct
aperfício,incorrect
rudimento,correct
considado,incorrect
controles,correct
pernativa,incorrect
finlandês,correct
profecime,incorrect
porcelana,correct
límbicudo,incorrect
cutelaria,correct
financiso,incorrect
mariposas,correct
figuranto,incorrect
catequese,correct
observido,incorrect
invocação,correct
embardeio,incorrect
americana,correct
fazenagem,incorrect
exorcismo,correct
camiseria,incorrect
boliviano,correct
letricano,incorrect
antipatia,correct
emergunta,incorrect
logosofia,correct
instabela,incorrect
repetidor,correct
enredores,incorrect
hexagonal,correct
pontecido,incorrect
alvorecer,correct
órbitania,incorrect
mergulhão,correct
vetermina,incorrect
veemência,correct
necessora,incorrect
promissor,correct
índicação,incorrect
revogação,correct
partaruga,incorrect
irregular,correct
sanguagem,incorrect
embreagem,correct
econceita,incorrect
eutanásia,correct
oficiente,incorrect
hispânico,correct
eventurão,incorrect
oferecido,correct
acordagem,incorrect
prussiano,correct
séculação,incorrect
holograma,correct
fábricano,incorrect
pedúnculo,correct
aeroposto,incorrect
curadoria,correct
partenção,incorrect
remistura,correct
enferência,incorrect
tolerância,correct
preferença,incorrect
judiciário,correct
pressidade,incorrect
seguimento,correct
recretário,incorrect
secundário,correct
provínculo,incorrect
profundeza,correct
tropaganda,incorrect
mensageiro,correct
impassagem,incorrect
freqüência,correct
celebraico,incorrect
ignorância,correct
fascimento,incorrect
sofrimento,correct
latituição,incorrect
hieróglifo,correct
balantasia,incorrect
retratação,correct
temperação,incorrect
compressão,correct
clássidade,incorrect
evaporação,correct
alarização,incorrect
aritmética,correct
comancesso,incorrect
combatente,correct
momendação,incorrect
militância,correct
regislação,incorrect
milionário,correct
identenção,incorrect
transfusão,correct
caprimento,incorrect
trotskismo,correct
ativização,incorrect
específico,correct
homeoparda,incorrect
termômetro,correct
gregaliano,incorrect
modernismo,correct
levangeiro,incorrect
germinação,correct
manutensão,incorrect
deportação,correct
espanheiro,incorrect
enchimento,correct
reperceira,incorrect
tesoureiro,correct
enfernário,incorrect
irradiação,correct
decretário,incorrect
solenidade,correct
descravida,incorrect
compressor,correct
coreograde,incorrect
sedimentar,correct
interceiro,incorrect
repreensão,correct
superatura,incorrect
anfiteatro,correct
observisão,incorrect
fecundação,correct
ilhariante,incorrect
apoiadoras,correct
usinamento,incorrect
interprete,correct
pacientade,incorrect
calvinismo,correct
instruturo,incorrect
violinista,correct
patribunal,incorrect
enumeração,correct
acrílicano,incorrect
araucárias,correct
legenergia,incorrect
executante,correct
ministéria,incorrect
torpedeiro,correct
recolheiro,incorrect
resignação,correct
medidatura,incorrect
iluminador,correct
narratismo,incorrect
cadeirante,correct
equilidade,incorrect
aminoácido,correct
ensagrando,incorrect
praticante,correct
matastreia,incorrect
gratuidade,correct
finantação,incorrect
directório,correct
asfixidade,incorrect
inevitável,correct
origentido,incorrect
percentual,correct
continuida,incorrect
formulário,correct
estaurança,incorrect
autocracia,correct
círculação,incorrect
psiquiatra,correct
membrancês,incorrect
severidade,correct
batalheiro,incorrect
informante,correct
companário,incorrect
colectânea,correct
membriagem,incorrect
sobrepesca,correct
previvento,incorrect
trepadeira,correct
materatura,incorrect
ventilação,correct
interioria,incorrect
renascença,correct
teclaranhã,incorrect
incubadora,correct
cartamento,incorrect
venezianos,correct
candiscito,incorrect
imprecisão,correct
revistosos,incorrect
tenentismo,correct
jogabinete,incorrect
espionagem,correct
balantagem,incorrect
exoneração,correct
dimensação,incorrect
hibridação,correct
escritéria,incorrect
analisador,correct
inteligião,incorrect
atenienses,correct
províncipe,incorrect
profanação,correct
religência,incorrect
reumatismo,correct
homenclave,incorrect
siderurgia,correct
instrutura,incorrect
colombiano,correct
organtagem,incorrect
sublimação,correct
hectativas,incorrect
cilindrada,correct
decretorno,incorrect
inseticida,correct
turisdição,incorrect
tingimento,correct
experiélio,incorrect
caricatura,correct
presentade,incorrect
duplicatas,correct
índicatriz,incorrect
assaltante,correct
sucessiano,incorrect
coagulação,correct
expedidato,incorrect
epicurismo,correct
questrução,incorrect
comodidade,correct
classessão,incorrect
pistoleiro,correct
semaneiras,incorrect
seljúcidas,correct
professono,incorrect
selêucidas,correct
empresença,incorrect
conurbação,correct
formancesa,incorrect
forasteiro,correct
distianismo,incorrect
subsidiário,correct
respecuário,incorrect
hostilidade,correct
mediativida,incorrect
subsidência,correct
prisionário,incorrect
delimitação,correct
intereótipo,incorrect
observância,correct
infortuguês,incorrect
ingrediente,correct
prepartista,incorrect
obscuridade,correct
suficinação,incorrect
suficiência,correct
inspetáculo,incorrect
recebimento,correct
consentação,incorrect
complicação,correct
mistocracia,incorrect
bombeamento,correct
superfeição,incorrect
mecanização,correct
elementação,incorrect
segmentação,correct
deficiativa,incorrect
legislatura,correct
cachimpacto,incorrect
esgotamento,correct
temperfície,incorrect
continência,correct
restaurança,incorrect
transcrição,correct
protestoque,incorrect
dissertação,correct
inaugurança,incorrect
inabilidade,correct
retricidade,incorrect
praticidade,correct
medicionado,incorrect
relacionado,correct
rumorização,incorrect
valorização,correct
anarquestão,incorrect
mobilização,correct
escobertura,incorrect
indignidade,correct
defensidado,incorrect
diferencial,correct
arentenário,incorrect
hidrografia,correct
paradiância,incorrect
obscenidade,correct
boticipação,incorrect
frivolidade,correct
conquisição,incorrect
preparativo,correct
sintervador,incorrect
envergadura,correct
consequerda,incorrect
conselheira,correct
simplemenda,incorrect
evangelista,correct
réplicidade,incorrect
odontologia,correct
acadernismo,incorrect
vaporização,correct
quartamento,incorrect
condolência,correct
contratégia,incorrect
genialidade,correct
letricatura,incorrect
dedicatória,correct
americultor,incorrect
sindicância,correct
emperanismo,incorrect
traumatismo,correct
vitragédias,incorrect
carismático,correct
rivacidente,incorrect
alunissagem,correct
eficiativas,incorrect
aprendizado,correct
importuguês,incorrect
declividade,correct
abstituição,incorrect
assimilação,correct
indústritor,incorrect
comunicador,correct
perminorida,incorrect
anacronismo,correct
quantinente,incorrect
deformidade,correct
hipercussão,incorrect
refinamento,correct
agriculdade,incorrect
futebolista,correct
apóstologia,incorrect
imobiliário,correct
questruturo,incorrect
franciscano,correct
comporância,incorrect
desperdício,correct
recorregime,incorrect
reconversão,correct
décadamento,incorrect
alinhamento,correct
janeladação,incorrect
idealizador,correct
coceronauta,incorrect
maximização,correct
acontraceno,incorrect
trabalhismo,correct
tratividado,incorrect
consonância,correct
relevistado,incorrect
clorofórmio,correct
russioneiro,incorrect
ambulatório,correct
indústriado,incorrect
substantivo,correct
assembalada,incorrect
cristandade,correct
concessalta,incorrect
estimulante,correct
chilencouro,incorrect
almirantado,correct
recorruptor,incorrect
insolvência,correct
materitismo,incorrect
antropólogo,correct
abernativas,incorrect
escatologia,correct
tentativisa,incorrect
humorístico,correct
habitanteão,incorrect
acoplamento,correct
atirantesco,incorrect
acolhimento,correct
industramal,incorrect
introspeção,correct
concorrupção,incorrect
consideração,correct
divulgamento,incorrect
crucificação,correct
xilofosforça,incorrect
bibliografia,correct
recuperforma,incorrect
infidelidade,correct
doutorização,incorrect
aparecimento,correct
teatrocessoa,incorrect
observatório,correct
comprovíncia,incorrect
recolhimento,correct
centretenção,incorrect
exterminação,correct
castecimento,incorrect
calcificação,correct
conversidade,incorrect
problemática,correct
elencontexto,incorrect
sindicalista,correct
incêndicação,incorrect
refrigeração,correct
efeiçoamento,incorrect
estatísticas,correct
saberturação,incorrect
magistratura,correct
descritérias,incorrect
temperamento,correct
riquezagueza,incorrect
detalhamento,correct
equivaliança,incorrect
benevolência,correct
polonoscívia,incorrect
metalicidade,correct
intérpressão,incorrect
conglomerado,correct
legislamismo,incorrect
pontualidade,correct
sarratigreja,incorrect
madeiramento,correct
apreciclismo,incorrect
rastreamento,correct
bibliotecção,incorrect
lubrificação,correct
criançamento,incorrect
ineficiência,correct
elenconteiro,incorrect
contribuidor,correct
camponentena,incorrect
atratividade,correct
cerimestreia,incorrect
aterrissagem,correct
franquisição,incorrect
encobrimento,correct
prisiocrista,incorrect
espessamento,correct
chauvinteres,incorrect
renegociação,correct
classentismo,incorrect
quadrangular,correct
parcerimónio,incorrect
congressista,correct
fregulamenda,incorrect
transformada,correct
chorrogância,incorrect
relançamento,correct
parqueologio,incorrect
fertilizante,correct
movimentário,incorrect
redesignação,correct
exploramente,incorrect
discordância,correct
usurpresento,incorrect
carnavalesco,correct
sesmarinheta,incorrect
padronização,correct
músicalifado,incorrect
autenticação,correct
humanicômico,incorrect
voluntariado,correct
conurbanimal,incorrect
desidratação,correct
pontolerância,incorrect
portabilidade,correct
suportunidade,incorrect
exclusividade,correct
cavalarização,incorrect
licenciamento,correct
acervescência,incorrect
eletrificação,correct
oficientenção,incorrect
justificativa,correct
ambientimento,incorrect
generalização,correct
atmosferência,incorrect
microrganismo,correct
festadunidade,incorrect
centralização,correct
destantescola,incorrect
interveniente,correct
universonagem,incorrect
problemáticas,correct
largumentário,incorrect
fundamentação,correct
dependrímetro,incorrect
religiosidade,correct
classentidade,incorrect
eventualidade,correct
cristianistro,incorrect
transportador,correct
intelecimento,incorrect
incompreensão,correct
semestituição,incorrect
expansionismo,correct
americanálise,incorrect
coletivização,correct
bombarquestão,incorrect
oposicionista,correct
visionalidade,incorrect
indispensável,correct
diplomaterial,incorrect
deambulatório,correct
depoimentorno,incorrect
interpretador,correct
executividade,incorrect
abolicionismo,correct
plebisciplina,incorrect
agressividade,correct
excêntribunal,incorrect
apaziguamento,correct
engenhariança,incorrect
entroncamento,correct
intervalheiro,incorrect
mercantilismo,correct
carangelhoria,incorrect
apresentadora,correct
províncipante,incorrect
prolongamento,correct
pênaltituição,incorrect
isolacionismo,correct
teleportância,incorrect
endividamento,correct
figurantidade,incorrect
hidrelétricas,correct
construidiano,incorrect
propagandista,correct
elencontrário,incorrect
epistemologia,correct
circunvalista,incorrect
aborrecimento,correct
conspiroteste,incorrect
clarividência,correct
reconomistura,incorrect
metropolitano,correct
cobreirantida,incorrect
efervescência,correct
figurançamento,incorrect
nacionalização,correct
concestauração,incorrect
concessionário,correct
contecelamento,incorrect
comparecimento,correct
estudançamento,incorrect
cristianização,correct
penínsulamento,incorrect
caracterização,correct
telefantamento,incorrect
flexibilização,correct
profissionista,incorrect
percussionista,correct
satéliteratura,incorrect
enriquecimento,correct
democratifundo,incorrect
burocratização,correct
levangélicença,incorrect
racionalização,correct
deliterritória,incorrect
excentricidade,correct
subididatureza,incorrect
transcendência,correct
imposicionável,incorrect
transfiguração,correct
ácaroliferença,incorrect
habitabilidade,correct
colecimentação,incorrect
companheirismo,correct
incestribuição,incorrect
interatividade,correct
jornalizamento,incorrect
especificidade,correct
pronuncionário,incorrect
aprisionamento,correct
questransmisso,incorrect
questionamento,correct
administronave,incorrect
multiplicidade,correct
equipamentação,incorrect
cientificidade,correct
arbitrogênitor,incorrect
bipartidarismo,correct
humanifestivas,incorrect
justificativas,correct
televistorneio,incorrect
aprofundamento,correct
protestatuação,incorrect
psicopatologia,correct
aliançamentavo,incorrect
estadunidenses,correct
quantinentagem,incorrect
agradabilidade,correct
autarqueolocal,incorrect
desparecimento,correct
marítonomiseta,incorrect
sentenciamento,correct
abordilhistório,incorrect
reabastecimento,correct
procedênciativa,incorrect
hereditariedade,correct
