stimulus,correct_answer
траф,incorrect
майя,correct
отка,incorrect
ложа,correct
лект,incorrect
барс,correct
пись,incorrect
шрам,correct
идео,incorrect
губа,correct
попыт,incorrect
шкала,correct
воспа,incorrect
посев,correct
литет,incorrect
каток,correct
динал,incorrect
толща,correct
стест,incorrect
вывих,correct
созид,incorrect
посыл,correct
ревод,incorrect
латыш,correct
перег,incorrect
плато,correct
ненос,incorrect
малыш,correct
кокат,incorrect
тесть,correct
линизм,incorrect
декада,correct
родище,incorrect
бронза,correct
облига,incorrect
артель,correct
эмблея,incorrect
шлюпка,correct
инство,incorrect
хирург,correct
матема,incorrect
массив,correct
состас,incorrect
статут,correct
деталл,incorrect
физика,correct
исполк,incorrect
станок,correct
перфор,incorrect
стачка,correct
комисс,incorrect
подвес,correct
меценз,incorrect
игумен,correct
пианид,incorrect
вампум,correct
компео,incorrect
стеноз,correct
комство,incorrect
конюшня,correct
фивание,incorrect
нееврей,correct
изобраз,incorrect
цилиндр,correct
раматум,incorrect
литовец,correct
репутат,incorrect
лепнина,correct
невозка,incorrect
кальций,correct
реорган,incorrect
хуэйдан,correct
практор,incorrect
зависть,correct
мерация,incorrect
коробка,correct
ограние,incorrect
рыбалка,correct
забочий,incorrect
отпрыск,correct
инженец,incorrect
инвалид,correct
бедстав,incorrect
топоним,correct
соревня,incorrect
вымысел,correct
категия,incorrect
вестник,correct
реперть,incorrect
гребень,correct
католог,incorrect
баллада,correct
хрустье,incorrect
фагоцит,correct
сочетан,incorrect
лезгина,correct
путевод,incorrect
курсант,correct
пальций,incorrect
россыпь,correct
пристик,incorrect
пристав,correct
лицентр,incorrect
стартер,correct
свидент,incorrect
куколка,correct
девизит,incorrect
гонорар,correct
миляция,incorrect
лодыжка,correct
престье,incorrect
волосок,correct
ареализ,incorrect
индолог,correct
пережье,incorrect
глазурь,correct
колорид,incorrect
лицемер,correct
хология,incorrect
капсула,correct
публица,incorrect
справка,correct
настота,incorrect
фенотип,correct
выпивак,incorrect
палитра,correct
полярия,incorrect
роскошь,correct
необход,incorrect
этноним,correct
конство,incorrect
инсулин,correct
волософ,incorrect
патоген,correct
депрест,incorrect
лимузин,correct
остраст,incorrect
дорогой,correct
бежение,incorrect
вырезка,correct
злодежь,incorrect
лётчике,correct
перевня,incorrect
перегон,correct
глубизм,incorrect
алеманн,correct
принция,incorrect
папирус,correct
изведка,incorrect
дилогия,correct
страсль,incorrect
грузчик,correct
пропага,incorrect
монитор,correct
ография,incorrect
гигиена,correct
качесть,incorrect
хулиган,correct
настырь,incorrect
петлица,correct
автория,incorrect
буддист,correct
средача,incorrect
куратор,correct
мотивод,incorrect
малышка,correct
наблюдо,incorrect
зачатие,correct
энергер,incorrect
охранка,correct
дворень,incorrect
планшет,correct
уроведь,incorrect
электро,correct
шмельеф,incorrect
оуновец,correct
щитовец,incorrect
сальник,correct
комплей,incorrect
депозит,correct
сольство,incorrect
обезьяна,correct
пенсация,incorrect
лонгплей,correct
совинция,incorrect
неуплата,correct
двигация,incorrect
княжение,correct
притянин,incorrect
разгадка,correct
чайность,incorrect
учёность,correct
струкция,incorrect
трагедия,correct
сержание,incorrect
биохимия,correct
прировка,incorrect
разность,correct
оскоголь,incorrect
сокрытие,correct
этилетие,incorrect
молчание,correct
этимость,incorrect
зоология,correct
полнение,incorrect
теософия,correct
направда,incorrect
открытка,correct
следство,incorrect
динамика,correct
гипотеря,incorrect
гармония,correct
детальон,incorrect
максимум,correct
сооружие,incorrect
вельможа,correct
пенсатор,incorrect
апология,correct
ударство,incorrect
единение,correct
оборудие,incorrect
издатель,correct
смология,incorrect
смущение,correct
католица,incorrect
норвежец,correct
обжалоба,incorrect
везикула,correct
полетарь,incorrect
тростник,correct
приканец,incorrect
конвейер,correct
доступок,incorrect
техникум,correct
преамбур,incorrect
прообраз,correct
надеяние,incorrect
союзница,correct
восплава,incorrect
заклятие,correct
гендация,incorrect
угощение,correct
фельджук,incorrect
акварель,correct
мозащита,incorrect
поэтесса,correct
снижечка,incorrect
вагончик,correct
середача,incorrect
бедствие,correct
артбилей,incorrect
прощение,correct
инвестав,incorrect
патриция,correct
процветы,incorrect
чернушка,correct
проволец,incorrect
червонец,correct
проектив,incorrect
проектор,correct
лампания,incorrect
кубометр,correct
скультат,incorrect
мягкость,correct
водовщик,incorrect
прибавка,correct
геномера,incorrect
гарантия,correct
записьмо,incorrect
наркоман,correct
ларетарь,incorrect
жужжание,correct
верситет,incorrect
биомасса,correct
изученик,incorrect
мембрана,correct
инвестер,incorrect
аптекарь,correct
неслучай,incorrect
подземка,correct
экстреча,incorrect
прошение,correct
ритуация,incorrect
нигилист,correct
местория,incorrect
промывка,correct
кагандаш,incorrect
евгеника,correct
национат,incorrect
социолог,correct
запископ,incorrect
обманщик,correct
дробница,incorrect
акушерка,correct
петицизм,incorrect
феминизм,correct
землемет,incorrect
аэроплан,correct
чертация,incorrect
кремация,correct
апретарь,incorrect
зрелость,correct
высочета,incorrect
манифест,correct
гаваньер,incorrect
субстрат,correct
апрельба,incorrect
землянка,correct
гарникет,incorrect
ипостась,correct
гончанин,incorrect
затмение,correct
липомада,incorrect
хамелеон,correct
перверка,incorrect
придаток,correct
обраница,incorrect
кругозор,correct
перспект,incorrect
синдикат,correct
гликогер,incorrect
гироскоп,correct
упоедина,incorrect
биохимик,correct
предство,incorrect
привилей,correct
писанджо,incorrect
астролог,correct
завоевод,incorrect
подружка,correct
японение,incorrect
яйцеклад,correct
направка,incorrect
подложка,correct
флотилка,incorrect
анархизм,correct
частитут,incorrect
частокол,correct
талансир,incorrect
цистерна,correct
территор,incorrect
балдахин,correct
основник,incorrect
шовинизм,correct
империод,incorrect
мститель,correct
уровение,incorrect
еретичка,correct
средница,incorrect
разрядка,correct
христика,incorrect
микрочип,correct
звучиван,incorrect
трамплин,correct
участнос,incorrect
староста,correct
мезолюция,incorrect
исцеление,correct
измещение,incorrect
крайность,correct
обстояние,incorrect
совещание,correct
реливание,incorrect
повешение,correct
нализация,incorrect
заражение,correct
восшество,incorrect
выбывание,correct
поводство,incorrect
невыплата,correct
обязатель,incorrect
апелляция,correct
военность,incorrect
донесение,correct
новодство,incorrect
потомство,correct
зрачность,incorrect
выявление,correct
востояние,incorrect
репетиция,correct
сопросьба,incorrect
инициация,correct
статочник,incorrect
красавица,correct
аллельщик,incorrect
аллегория,correct
изобразец,incorrect
энтузиаст,correct
биологика,incorrect
адвентист,correct
кализация,incorrect
отпевание,correct
телегация,incorrect
носильщик,correct
инвестник,incorrect
фосфатаза,correct
передисло,incorrect
перепалка,correct
таланктор,incorrect
мотивация,correct
програбеж,incorrect
президиум,correct
концовщик,incorrect
призвание,correct
гидроцесс,incorrect
уточнение,correct
обеспонат,incorrect
могильник,correct
отсутство,incorrect
новшество,correct
больность,incorrect
указатель,correct
часование,incorrect
влажность,correct
кровитель,incorrect
картограф,correct
пенальник,incorrect
дарование,correct
факулачок,incorrect
герцогиня,correct
собраница,incorrect
датировка,correct
казематор,incorrect
рефлексия,correct
апретение,incorrect
мыслитель,correct
перегория,incorrect
типология,correct
дивизация,incorrect
печатание,correct
командарт,incorrect
шахматист,correct
труднение,incorrect
вестибюль,correct
сравность,incorrect
внедрение,correct
провинцип,incorrect
контейнер,correct
мусаванга,incorrect
изнурение,correct
мецензент,incorrect
двадцатка,correct
коммуника,incorrect
неустойка,correct
модейство,incorrect
отсечение,correct
запрельба,incorrect
коллегиум,correct
окончанин,incorrect
бюллетень,correct
практерия,incorrect
сельджука,correct
ображение,incorrect
кормление,correct
пристиция,incorrect
начинание,correct
геологика,incorrect
кириллица,correct
осколонна,incorrect
социализм,correct
ответство,incorrect
хрупкость,correct
покровень,incorrect
почитание,correct
австрелка,incorrect
сепаратор,correct
конститут,incorrect
испарение,correct
ветерапия,incorrect
уединение,correct
препархия,incorrect
собирание,correct
долландец,incorrect
отечество,correct
обстанция,incorrect
инновация,correct
иппонение,incorrect
ныряльщик,correct
суверевня,incorrect
вымирание,correct
инститель,incorrect
антипатия,correct
результет,incorrect
баррикада,correct
глупоступ,incorrect
гауляйтер,correct
разновень,incorrect
биофизика,correct
аналистка,incorrect
симпозиум,correct
финалитие,incorrect
ветеринар,correct
парламень,incorrect
аутсайдер,correct
восподина,incorrect
косметика,correct
прография,incorrect
межевание,correct
состатист,incorrect
нагрудник,correct
состанция,incorrect
раскаяние,correct
показачок,incorrect
обтекание,correct
камериказ,incorrect
отречение,correct
момендант,incorrect
дихотомия,correct
предствие,incorrect
кондуктор,correct
типограмм,incorrect
гладиатор,correct
количение,incorrect
науруанец,correct
лейборище,incorrect
мистицизм,correct
обесправа,incorrect
вортигонт,correct
имперация,incorrect
этажность,correct
контропил,incorrect
каталонец,correct
демонство,incorrect
дефлектор,correct
восстанок,incorrect
монофизит,correct
достанция,incorrect
хранилище,correct
амерендум,incorrect
сверление,correct
самолебей,incorrect
амбразура,correct
достиница,incorrect
самолюбие,correct
нападеноз,incorrect
высотомер,correct
захоронка,incorrect
ревматизм,correct
сдержанин,incorrect
гласность,correct
импеример,incorrect
милостыня,correct
наготовик,incorrect
мороженое,correct
обрансфер,incorrect
целование,correct
жительной,incorrect
распутица,correct
офицерога,incorrect
квитанция,correct
памятнист,incorrect
плащаница,correct
грызенить,incorrect
счисление,correct
халификат,incorrect
прецедент,correct
берегорит,incorrect
камикадзе,correct
впечатлер,incorrect
униатство,correct
недвижение,incorrect
расширение,correct
исследство,incorrect
жительство,correct
подтверсия,incorrect
комбинация,correct
неурожание,incorrect
невинность,correct
средневник,incorrect
хлопчатник,correct
евренность,incorrect
упражнение,correct
стровинция,incorrect
стройность,correct
предшество,incorrect
компилятор,correct
стройствие,incorrect
старейшина,correct
путешество,incorrect
яйцеклетка,correct
истианство,incorrect
претендент,correct
партировка,incorrect
астрология,correct
секретация,incorrect
реформация,correct
приготовка,incorrect
подозрение,correct
узкокостюм,incorrect
сбережение,correct
куполнение,incorrect
оставление,correct
декабриказ,incorrect
содержимое,correct
приниманин,incorrect
португалец,correct
распростав,incorrect
католицизм,correct
помощность,incorrect
физиология,correct
разводство,incorrect
принесение,correct
подроблема,incorrect
попечитель,correct
коллегация,incorrect
господство,correct
источность,incorrect
усложнение,correct
зательство,incorrect
вылупление,correct
ферменение,incorrect
излучатель,correct
поводствие,incorrect
межсезонье,correct
желандшафт,incorrect
яровизация,correct
наказатель,incorrect
наводнение,correct
телевидент,incorrect
отключение,correct
самоаналог,incorrect
самозванец,correct
достоятель,incorrect
потепление,correct
восходство,incorrect
прогрессия,correct
событность,incorrect
сопродюсер,correct
здравление,incorrect
акушерство,correct
котельство,incorrect
отторжение,correct
деэскадрон,incorrect
вежливость,correct
святилетие,incorrect
фортепиано,correct
узнавалера,incorrect
сюрреализм,correct
краскручик,incorrect
заменитель,correct
профилатеж,incorrect
противовес,correct
применитка,incorrect
церемониал,correct
флагматист,incorrect
переправка,correct
апрельство,incorrect
справочник,correct
повестиная,incorrect
заклинание,correct
повеленник,incorrect
демография,correct
сверситель,incorrect
подтасовка,correct
митроповес,incorrect
бестселлер,correct
катальянец,incorrect
криптограф,correct
садистание,incorrect
сватовство,correct
взаимодель,incorrect
шизофрения,correct
клириканец,incorrect
карикатура,correct
эконополит,incorrect
предсердие,correct
оппозицион,incorrect
сюрреалист,correct
соборонник,incorrect
созерцание,correct
местоносец,incorrect
вовлечение,correct
результерн,incorrect
десептикон,correct
монастовка,incorrect
бунтарство,correct
удобстание,incorrect
палестинец,correct
истольница,incorrect
гранатомет,correct
товариация,incorrect
машинопись,correct
техниканец,incorrect
орфография,correct
местировка,incorrect
провокатор,correct
королептиз,incorrect
контроллер,correct
посельдика,incorrect
гидравлика,correct
бровольщик,incorrect
гиппокампа,correct
тренажених,incorrect
исчерпание,correct
уроведение,incorrect
линчевание,correct
гонентарка,incorrect
инфантерия,correct
средставка,incorrect
вундеркинд,correct
универство,incorrect
абстракция,correct
империомет,incorrect
телестудия,correct
приблиотека,incorrect
подключение,correct
серебование,incorrect
устремление,correct
презерватор,incorrect
легализация,correct
приверситет,incorrect
запоминание,correct
инствование,incorrect
ликвидность,correct
инвестьянин,incorrect
иммунизация,correct
торженность,incorrect
превращение,correct
кровизнание,incorrect
удерживание,correct
запространа,incorrect
консульство,correct
прографство,incorrect
премьерство,correct
презинформа,incorrect
доказывание,correct
подражистка,incorrect
подражатель,correct
южноафриказ,incorrect
оптимизация,correct
деятельство,incorrect
заграждение,correct
поставрация,incorrect
причинность,correct
разводствие,incorrect
переработка,correct
изобранство,incorrect
толкователь,correct
патрономика,incorrect
амортизация,correct
известьянин,incorrect
рождаемость,correct
клеведующий,incorrect
празднество,correct
постройство,incorrect
наставление,correct
инсульмание,incorrect
налаживание,correct
инакомление,incorrect
мобильность,correct
массамблема,incorrect
активизация,correct
совещанство,incorrect
партнерство,correct
сборнаместо,incorrect
умеренность,correct
ветерактика,incorrect
репродукция,correct
брахматизан,incorrect
факелоносец,correct
кавалендарт,incorrect
негодование,correct
диагносцена,incorrect
учительница,correct
остройствие,incorrect
страхование,correct
заквартамен,incorrect
завсегдатай,correct
уровержение,incorrect
материнство,correct
обретендент,incorrect
затягивание,correct
ценаристика,incorrect
буревестник,correct
информирозд,incorrect
француженка,correct
новопровище,incorrect
недоработка,correct
нациозность,incorrect
статичность,correct
эпительство,incorrect
внезапность,correct
подопаданин,incorrect
кодирование,correct
филактивник,incorrect
обыкновение,correct
солистороны,incorrect
глоссолалия,correct
очередакция,incorrect
сглаживание,correct
скриптилище,incorrect
ожесточение,correct
предприязет,incorrect
колокольчик,correct
эпилептилия,incorrect
заведование,correct
сустанищета,incorrect
аранжировка,correct
субъединение,incorrect
амплификация,correct
круганизация,incorrect
кровотечение,correct
сопростояние,incorrect
социализация,correct
повесинагога,incorrect
номенклатура,correct
царевизнание,incorrect
корректность,correct
изобилизация,incorrect
перерождение,correct
углербегство,incorrect
письменность,correct
бутаформация,incorrect
обустройство,correct
пурганизация,incorrect
ругательство,correct
телекарнизон,incorrect
опровержение,correct
конферендант,incorrect
фрагментация,correct
столкновелла,incorrect
интеллектуал,correct
библиотектор,incorrect
журналистика,correct
джунгличание,incorrect
младенчество,correct
губерничение,incorrect
одноклассник,correct
странстебель,incorrect
контрацепция,correct
администебль,incorrect
антропология,correct
готоводствие,incorrect
дезертирство,correct
обраничество,incorrect
гениальность,correct
лимонопление,incorrect
поздравление,correct
свидетектура,incorrect
мореходность,correct
требленность,incorrect
защищенность,correct
существенник,incorrect
определитель,correct
признасилова,incorrect
возлюбленный,correct
заведливость,incorrect
сканирование,correct
комплействие,incorrect
прозрачность,correct
сопеременник,incorrect
виолончелист,correct
собстречение,incorrect
чернорабочий,correct
богослуживец,incorrect
телепередача,correct
животношение,incorrect
приостановка,correct
играционистр,incorrect
островитянин,correct
провообразец,incorrect
пропагандист,correct
экономиномет,incorrect
химиотерапия,correct
тормонитолог,incorrect
невропатолог,correct
исповеленник,incorrect
осторожность,correct
оформироздок,incorrect
единоборство,correct
шизофрендарь,incorrect
рабовладелец,correct
иммунициатор,incorrect
музееведение,correct
деревестивец,incorrect
меркантилизм,correct
дифференность,incorrect
игнорирование,correct
удобствование,incorrect
драгоценность,correct
спектричество,incorrect
специфичность,correct
инфрастерская,incorrect
паломничество,correct
зиккуратургия,incorrect
южноафриканец,correct
береженератор,incorrect
звукооператор,correct
ориентичность,incorrect
саббатианство,correct
движительство,incorrect
интенсивность,correct
достиннование,incorrect
объективность,correct
рабственность,incorrect
конвоирование,correct
осущественник,incorrect
нейтральность,correct
прографикация,incorrect
синхронизация,correct
слушательство,incorrect
дирижирование,correct
ведомственник,incorrect
документалист,correct
городолжность,incorrect
хроматография,correct
интернативаль,incorrect
интерпретатор,correct
хрономинансия,incorrect
землевладелец,correct
пятидесятиная,incorrect
айнзатцгруппа,correct
собстребность,incorrect
популяризатор,correct
вопротяжество,incorrect
умиротворение,correct
пировщичество,incorrect
газоснабжение,correct
академонтация,incorrect
периодичность,correct
пропагандидат,incorrect
болезненность,correct
горожанизатор,incorrect
заимствование,correct
технологовица,incorrect
администратор,correct
ростерестанец,incorrect
беспомощность,correct
маслингвистка,incorrect
дезинформация,correct
насекомобилие,incorrect
коннозаводчик,correct
нарушительство,incorrect
сочинительство,correct
стройствование,incorrect
образованность,correct
невыполномочие,incorrect
госпитализация,correct
столкновенство,incorrect
замешательство,correct
собстановление,incorrect
определенность,correct
вопростроитель,incorrect
направленность,correct
королеваемость,incorrect
материализация,correct
дереводчинение,incorrect
сопредседатель,correct
переоснабжение,incorrect
саморазрушение,correct
ориентификация,incorrect
непричастность,correct
предствовество,incorrect
комплектование,correct
произвестиваль,incorrect
кристаллизация,correct
сценаристрация,incorrect
иконопочитание,correct
галладательной,incorrect
антикварианизм,correct
конструкционат,incorrect
разворачивание,correct
суверекращение,incorrect
определённость,correct
геймплективник,incorrect
ростовщичество,correct
молнительствие,incorrect
ветрогенератор,correct
посетителиоцез,incorrect
транслитерация,correct
отставительство,incorrect
покровительство,correct
уплотношенность,incorrect
нерешительность,correct
завоевательство,incorrect
прогнозирование,correct
большинструкция,incorrect
коллективизация,correct
специалисторона,incorrect
дифференцировка,correct
предысторонница,incorrect
предшественница,correct
возникновенство,incorrect
покровительница,correct
соблюдательство,incorrect
дистанцирование,correct
городительность,incorrect
незавершённость,correct
большинструмент,incorrect
неэффективность,correct
пансиротопление,incorrect
двусмысленность,correct
монуменьшинство,incorrect
комментирование,correct
товарообрядение,incorrect
перебазирование,correct
патрономинансия,incorrect
воспитательница,correct
взаимоуверендум,incorrect
искусственность,correct
