stimulus,correct_answer
नत्व,incorrect
वोढु,correct
ह्त्,incorrect
नेस्,correct
लाजा,incorrect
लाख्,correct
धुना,incorrect
एलां,correct
बागड,incorrect
दिलो,correct
खिता,incorrect
चरति,correct
पितु,incorrect
रूपे,correct
तिम्,incorrect
नीने,correct
गराय,incorrect
सेस्,correct
धुम्,incorrect
बौबी,correct
धान्,incorrect
माधव,correct
योक्,incorrect
तथपि,correct
डेला,incorrect
देहि,correct
हत्य,incorrect
ऋजुः,correct
मन्त,incorrect
पातु,correct
बीआई,incorrect
शतिक,correct
न्या,incorrect
गीता,correct
जुम्,incorrect
जयगढ,correct
रथां,incorrect
वनाः,correct
वेत्,incorrect
कुले,correct
गाँव,incorrect
कथैव,correct
टिल्,incorrect
षटसु,correct
वासि,incorrect
शरणः,correct
ड्रो,incorrect
ओदनः,correct
यात्,incorrect
एकेन,correct
क्षे,incorrect
लाभो,correct
क्षौ,incorrect
शिवो,correct
क्षु,incorrect
उभये,correct
श्वे,incorrect
शापं,correct
धानो,incorrect
सरलः,correct
हृद्,incorrect
योजय,correct
रतिय,incorrect
सोमक,correct
दलने,incorrect
गजनी,correct
ट्वी,incorrect
फर्म,correct
मात्,incorrect
मानं,correct
यदिव,incorrect
राया,correct
निता,incorrect
स्ति,correct
मनां,incorrect
गालव,correct
हृत्,incorrect
लिटः,correct
याती,incorrect
स्तो,correct
साद्,incorrect
सादौ,correct
जयन्,incorrect
चैषा,correct
क्षो,incorrect
मधुं,correct
ग्रं,incorrect
घोषो,correct
त्री,incorrect
डिमः,correct
ध्ये,incorrect
नेति,correct
ज्ञे,incorrect
बीजे,correct
वञ्च,incorrect
तगणः,correct
धारण,incorrect
धातव,correct
कलेर,incorrect
शुनी,correct
पात्,incorrect
भवन्,correct
द्रो,incorrect
शकटे,correct
क्ला,incorrect
वाता,correct
कीन्,incorrect
जूही,correct
ध्वं,incorrect
हिते,correct
याचत,incorrect
बाबू,correct
वालु,incorrect
पाणी,correct
मुके,incorrect
चालः,correct
क्षी,incorrect
भीमा,correct
कोनी,incorrect
दुस्,correct
युते,incorrect
वाला,correct
नामि,incorrect
पुरी,correct
साम्,incorrect
हरेण,correct
गम्य,incorrect
धिक्,correct
रोचत,incorrect
उदयन,correct
भोजी,incorrect
कला।,correct
रमणा,incorrect
नैकं,correct
तप्त,incorrect
आहार,correct
लिले,incorrect
शबरी,correct
पोषण,incorrect
नन्द,correct
लीयत,incorrect
कुशल,correct
शून्,incorrect
छोडो,correct
शान्,incorrect
ऋतवः,correct
चेन्,incorrect
विषय,correct
ह्ये,incorrect
जितः,correct
शालि,incorrect
दिशं,correct
नार्,incorrect
विनै,correct
क्री,incorrect
वेदं,correct
यमान,incorrect
पेरू,correct
नारे,incorrect
दिला,correct
दर्प,incorrect
मृगा,correct
गछति,incorrect
नखाः,correct
ख्या,incorrect
ओमान,correct
विभिः,incorrect
विरतं,correct
प्रणी,incorrect
प्रभा,correct
सृजत्,incorrect
एम्मे,correct
दृशाः,incorrect
वसतां,correct
वाजेः,incorrect
अरवरी,correct
यथेति,incorrect
नैनों,correct
क्षम्,incorrect
क्षणे,correct
त्रुं,incorrect
त्रपु,correct
ख्याः,incorrect
ईदृशः,correct
यन्ती,incorrect
सङ्गे,correct
त्मसि,incorrect
पाहाड,correct
मस्ते,incorrect
नौकां,correct
रोहत्,incorrect
केरळे,correct
रोपणे,incorrect
रोपणं,correct
पतत्।,incorrect
सामेन,correct
कलान्,incorrect
तिसॄः,correct
मिताभ,incorrect
संसदे,correct
हरिम्,incorrect
हरिये,correct
गयाया,incorrect
बंगाल,correct
ब्देन,incorrect
मरकतं,correct
गाल्फ,incorrect
आदानं,correct
करोतः,incorrect
कर्मः,correct
वर्ल्,incorrect
जीवैः,correct
निश्च,incorrect
शकान्,correct
लिखत्,incorrect
उभयतः,correct
ष्णयः,incorrect
वैभवं,correct
उपेत्,incorrect
आसित्,correct
जर्क्,incorrect
तीरम्,correct
धृत्व,incorrect
लभ्यत,correct
ज्ञां,incorrect
अर्थे,correct
कन्दु,incorrect
अंशेन,correct
मत्से,incorrect
साधवो,correct
पानां,incorrect
वेधेन,correct
कल्या,incorrect
पठनाय,correct
एलाया,incorrect
मौलिक,correct
सानन्,incorrect
पूषणि,correct
स्परं,incorrect
राहवे,correct
राधाय,incorrect
सरलाः,correct
मितभा,incorrect
दानतः,correct
रागेव,incorrect
छादनं,correct
आरमोर,incorrect
समयल्,correct
मन्ते,incorrect
मत्ता,correct
आङ्ग्,incorrect
पन्था,correct
हन्ती,incorrect
अभावो,correct
यष्टे,incorrect
आघातं,correct
हृदयी,incorrect
केचन्,correct
समिते,incorrect
तदस्य,correct
ज्ञाय,incorrect
केवला,correct
कुपोष,incorrect
कुमटा,correct
भवन्।,incorrect
बाधाः,correct
हर्षि,incorrect
।तेषु,correct
रचयत्,incorrect
मनुते,correct
रिसरः,incorrect
ललनाः,correct
प्रवे,incorrect
प्रमा,correct
शुषिर,incorrect
अमिर्,correct
स्थाः,incorrect
अन्यौ,correct
तनोत्,incorrect
सुलभं,correct
णितिः,incorrect
एकैकं,correct
धियां,incorrect
गर्भो,correct
विनां,incorrect
गतवत्,correct
अकृत्,incorrect
जयदेव,correct
नामास,incorrect
देशे।,correct
विवरः,incorrect
भाषा।,correct
धावत्,incorrect
त्वयि,correct
वर्ती,incorrect
अर्हः,correct
दृशैः,incorrect
कथनतः,correct
मुदाय,incorrect
शरदां,correct
अन्यत,incorrect
धारणे,correct
तावन्,incorrect
हिमजल,correct
असिते,incorrect
असफलं,correct
बिटिश,incorrect
तनूजः,correct
मन्तं,incorrect
उदयनं,correct
आरोप्,incorrect
अपारं,correct
ओलिपि,incorrect
खाद्य,correct
मृत्य,incorrect
चैत्र,correct
मत्वं,incorrect
हर्षं,correct
वासन्,incorrect
पाठेन,correct
दमयन्,incorrect
भजस्व,correct
क्षां,incorrect
पादम्,correct
समुदा,incorrect
समतला,correct
वसताय,incorrect
शुभां,correct
पीतये,incorrect
मेघैः,correct
काकर्,incorrect
कासिम,correct
स्थां,incorrect
उत्सः,correct
वर्ये,incorrect
आगतेन,correct
जन्ति,incorrect
शासतः,correct
होत्र,incorrect
रुपम्,correct
धरस्य,incorrect
जीयते,correct
सागरा,incorrect
अवयवः,correct
पण्डि,incorrect
बबन्ध,correct
लम्बन,incorrect
भङ्गी,correct
वृष्य,incorrect
नीरसं,correct
इन्द्,incorrect
सप्तम,correct
सन्धे,incorrect
अङ्गं,correct
शल्या,incorrect
शशिनं,correct
माध्य,incorrect
स्फोट,correct
रीत्य,incorrect
घण्टा,correct
भीत्य,incorrect
खर्की,correct
सक्ते,incorrect
पोषकं,correct
दाधिक,incorrect
अवनति,correct
धनपुर,incorrect
चिरेण,correct
गुरुव,incorrect
क्रमा,correct
कोर्ड,incorrect
सुशकः,correct
मीराय,incorrect
संशयो,correct
श्रेण,incorrect
श्रमं,correct
काशिक,incorrect
क्वीन,correct
पटिच्,incorrect
तोषकः,correct
वव्रा,incorrect
भन्छु,correct
मुखी।,incorrect
अर्णब,correct
लेबरः,incorrect
विंशे,correct
चोपड़,incorrect
मलिक्,correct
शन्ति,incorrect
नस्ति,correct
कारस्,incorrect
मासैः,correct
मायेत,incorrect
मालया,correct
कुञ्ज,incorrect
किङ्ग,correct
यस्ये,incorrect
लक्षः,correct
आमुखे,incorrect
वच्मि,correct
फोसिल,incorrect
शोषणं,correct
गग्रो,incorrect
इवेति,correct
खल्वे,incorrect
नवीनो,correct
बध्दा,incorrect
एम्मा,correct
पदार्,incorrect
दास्य,correct
परिणी,incorrect
लाभाय,correct
यदात्,incorrect
अप्पा,correct
जनानि,incorrect
यावता,correct
तदस्म,incorrect
पावको,correct
शक्रे,incorrect
चेतुं,correct
अजन्म,incorrect
चोराः,correct
इण्डि,incorrect
गङ्गा,correct
खण्डै,incorrect
सर्वा,correct
मारणा,incorrect
विवशः,correct
त्याज,incorrect
कर्मं,correct
गिनीं,incorrect
कियतः,correct
उद्यो,incorrect
आकाशं,correct
अर्जि,incorrect
दिनेश,correct
कस्यै,incorrect
दण्डौ,correct
वाहाः,incorrect
केऽचन,correct
स्वेद,incorrect
कारके,correct
शोभिः,incorrect
लघुनि,correct
धनव्य,incorrect
अनयत्,correct
कञ्चि,incorrect
कक्षे,correct
व्यङ्,incorrect
कविषु,correct
कार्थ,incorrect
धारा।,correct
हाङ्ग,incorrect
हृतम्,correct
विश्य,incorrect
राहुं,correct
उद्यम,incorrect
पर्वत,correct
नदीना,incorrect
मिलिय,correct
कवीना,incorrect
गज़ल्,correct
अड्वा,incorrect
गडिदं,correct
वृत्य,incorrect
लग्ने,correct
बाफ्ट,incorrect
सरकार,correct
तालाल,incorrect
काकलि,correct
दद्या,incorrect
असुरः,correct
भार्य,incorrect
देशम्,correct
नाऽसौ,incorrect
विफलः,correct
तमुवा,incorrect
कलरवः,correct
शिष्ट,incorrect
विवाद,correct
शहबाद,incorrect
खूण्ट,correct
रात्र,incorrect
नायका,correct
वर्धत,incorrect
ओष्टौ,correct
कादलं,incorrect
पुंसः,correct
वार्स,incorrect
आसन्न,correct
मोस्क,incorrect
वद्यं,correct
स्रों,incorrect
होदरे,correct
आरोग्,incorrect
चरमम्,correct
फुङ्ग,incorrect
वीणां,correct
जूश्च,incorrect
मेजर्,correct
धारणो,incorrect
धूमः।,correct
जानां,incorrect
शालाः,correct
वांसद,incorrect
वसयेः,correct
सीताय,incorrect
अकर्म,correct
ड्रेन,incorrect
खेलां,correct
रोचत।,incorrect
गणेशः,correct
गमनस्,incorrect
ब्राग,correct
तदास्,incorrect
शाकैः,correct
नाराय,incorrect
विदित,correct
मानुज,incorrect
राजतॆ,correct
सञ्चा,incorrect
हंसाः,correct
राधना,incorrect
भावति,correct
उद्या,incorrect
व्ययो,correct
चालके,incorrect
जायेत,correct
कादशः,incorrect
तारणं,correct
कङ्कण,incorrect
यध्य्,correct
लकारा,incorrect
फाइड्,correct
निद्र,incorrect
धनानि,correct
मन्दि,incorrect
पदानि,correct
दैनिक,incorrect
दलेषु,correct
पैट्स,incorrect
सबीजः,correct
माश्च,incorrect
विफला,correct
ततस्त,incorrect
शततमे,correct
क्रिय,incorrect
खेदम्,correct
विवर्,incorrect
इत्यं,correct
भित्र,incorrect
मण्डन,correct
अनवका,incorrect
गतरसं,correct
देवस्,incorrect
मानस्,correct
सञ्जा,incorrect
कठिनः,correct
घ्रायः,incorrect
तडागाः,correct
ध्यानि,incorrect
अर्थः।,correct
यच्छता,incorrect
न्यूने,correct
फ्लिनः,incorrect
सुखिनो,correct
जिन्नं,incorrect
दूषिता,correct
वस्तु।,incorrect
शुद्धः,correct
डिग्रो,incorrect
आरम्भं,correct
अरोचते,incorrect
तदभावे,correct
अम्बयी,incorrect
अम्बया,correct
मास्कः,incorrect
स्वेदः,correct
पिष्टः,incorrect
ततस्तं,correct
याश्चन,incorrect
अनर्थं,correct
शुल्की,incorrect
धूर्तः,correct
एबिस्व,incorrect
लृकारः,correct
वृन्तो,incorrect
मेवाडं,correct
अकरोतु,incorrect
सहस्रं,correct
शाठ्यं,incorrect
काञ्चन,correct
कुत्रौ,incorrect
पद्धती,correct
फेर्री,incorrect
संयमेन,correct
खेत्रे,incorrect
अपहृतं,correct
वालिनी,incorrect
द्यूतं,correct
कामानि,incorrect
भवनेषु,correct
गतिरप्,incorrect
आर्जवं,correct
जुष्टः,incorrect
तुष्टं,correct
उर्वरी,incorrect
सीमिता,correct
यमुनेः,incorrect
शौनकेन,correct
गिरामः,incorrect
सभासदः,correct
अगाधेः,incorrect
गोतमः।,correct
उद्दशी,incorrect
तत्समं,correct
अम्भणं,incorrect
मोदकेन,correct
गलदेशः,incorrect
एडवीन्,correct
दत्तैव,incorrect
दण्डके,correct
तद्भवः,incorrect
भविंतु,correct
अपितुः,incorrect
हतवान्,correct
अब्धया,incorrect
सौरान्,correct
पचन्ते,incorrect
घूर्णं,correct
अहन्ति,incorrect
सुबोधा,correct
निन्दी,incorrect
जलपातं,correct
मालिये,incorrect
तारणाय,correct
फरामजय,incorrect
बिपाशा,correct
सजोगतः,incorrect
पोमेलो,correct
जानीम्,incorrect
श्रमेण,correct
लालितः,incorrect
मर्कटी,correct
शर्माः,incorrect
पार्वे,correct
वर्मनी,incorrect
प्रणबः,correct
जयानकं,incorrect
वृणोतु,correct
ऐच्छति,incorrect
ऊह्यते,correct
तद्वतः,incorrect
निवासो,correct
दृष्ठे,incorrect
वस्ततः,correct
वातम्।,incorrect
पारसीक,correct
आर्ता।,incorrect
काम्ये,correct
डयमानं,incorrect
टाईगर्,correct
उस्तां,incorrect
कतिपये,correct
बैन्ये,incorrect
जेस्सी,correct
अन्तेय,incorrect
अन्यतः,correct
बध्यतो,incorrect
कतिपयः,correct
चलन्ते,incorrect
मण्डली,correct
विराम्,incorrect
धाम्नः,correct
काचस्व,incorrect
अनुपमः,correct
राहुर्,incorrect
नान्दी,correct
हुत्री,incorrect
तुल्या,correct
आक्रमः,incorrect
आवरणेन,correct
निलीनः,incorrect
कावेरि,correct
बध्दाय,incorrect
अञ्जलौ,correct
असेवते,incorrect
उदतरत्,correct
तैलानी,incorrect
लवणरसे,correct
धर्तुः,incorrect
रूपितः,correct
कुमुदे,incorrect
कुल्या,correct
खाद्यः,incorrect
धावकाय,correct
भजनीये,incorrect
दयापरा,correct
दारुणी,incorrect
गरीयसि,correct
उपाकरण,incorrect
भाषितं,correct
नारीषः,incorrect
श्वेतः,correct
शिवादः,incorrect
योगिषु,correct
ग्वाला,incorrect
पुलिने,correct
एवापरे,incorrect
कारिका,correct
मोट्टे,incorrect
असह्यं,correct
अमीनाः,incorrect
पदकाले,correct
लोहितः,incorrect
पाठनाय,correct
आहाराज,incorrect
मृदुलं,correct
फलकाता,incorrect
विकसति,correct
उक्किम,incorrect
तथाविध,correct
शोषयतः,incorrect
संवादी,correct
अश्चत्,incorrect
मरणञ्च,correct
यत्फले,incorrect
आचरामि,correct
भवष्यक,incorrect
हिण्दु,correct
क्रतुल,incorrect
रूप्यं,correct
कश्चिम,incorrect
रुचिरा,correct
पारिषु,incorrect
सम्पदः,correct
नारीतं,incorrect
नारदम्,correct
कर्षतः,incorrect
उभयेषु,correct
विपिन्,incorrect
नापोली,correct
हरिणमत,incorrect
शासकेन,correct
यत्काल,incorrect
क्रोधे,correct
रक्तेः,incorrect
पत्रेण,correct
इडादयः,incorrect
कॉम्ट्,correct
पुण्ट्,incorrect
ताम्रं,correct
लुप्तो,incorrect
अशक्यः,correct
निभृतो,incorrect
बांलार,correct
अङ्कां,incorrect
व्यासो,correct
सविधेः,incorrect
रैवतके,correct
ऐन्दवः,incorrect
चलन्ती,correct
चञ्चदश,incorrect
वज्रम्,correct
तथ्येव,incorrect
नान्ये,correct
क्रेनी,incorrect
तत्वैः,correct
इत्यां,incorrect
धर्मेण,correct
सावरजा,incorrect
कोणात्,correct
सिन्सी,incorrect
वह्नेः,correct
कायेन्,incorrect
किन्नु,correct
शक्यां,incorrect
ईदृशां,correct
मञ्चैव,incorrect
सीमाम्,correct
रजत्या,incorrect
व्यूहं,correct
पद्यत्,incorrect
वयम्।।,correct
सुनागढ,incorrect
दृढयति,correct
विशालु,incorrect
विभागो,correct
पञ्चद्,incorrect
दत्तः।,correct
सम्मया,incorrect
अनुजया,correct
अरविनः,incorrect
अरुचिं,correct
इच्छेद,incorrect
अधिकृत,correct
तडागमः,incorrect
लग्नाः,correct
मल्लेख,incorrect
सेनाम्,correct
आधाराज,incorrect
ख्यातो,correct
हरस्ता,incorrect
लाघवेण,correct
तारिणो,incorrect
कानूनु,correct
द्वेदः,incorrect
लोकात्,correct
इञ्चलो,incorrect
लम्बाय,correct
सुष्टे,incorrect
पदयोः।,correct
निरसां,incorrect
शिवानी,correct
सिन्नं,incorrect
सहितम्,correct
कलाम्ब,incorrect
भुज्यो,correct
पूर्यो,incorrect
केवलेन,correct
तस्यैः,incorrect
क्रमशो,correct
पोषिते,incorrect
तत्परे,correct
नाष्ट्,incorrect
एत्स्य,correct
भाण्डः,incorrect
जनमनसि,correct
सन्मते,incorrect
वेदयति,correct
बाङ्गन,incorrect
परञ्चं,correct
दलस्ये,incorrect
मोक्षो,correct
भविष्ठ,incorrect
प्रजां,correct
शक्तमे,incorrect
यावतां,correct
सुषिराः,incorrect
शुषिराः,correct
चित्रैव,incorrect
चित्रणं,correct
त्वचिद्,incorrect
परिणामः,correct
पुपोषणं,incorrect
वररुचेः,correct
यस्यादि,incorrect
शब्दात्,correct
भजन्तरं,incorrect
तुल्यम्,correct
अवश्यकी,incorrect
आधुनिकं,correct
अधुनाति,incorrect
पात्रम्,correct
लिप्यैः,incorrect
उपासकाः,correct
बिन्दते,incorrect
मोक्षेण,correct
खण्डाळ्,incorrect
शब्देषु,correct
पुत्रैव,incorrect
आरम्भम्,correct
निष्ठति,incorrect
आस्थाने,correct
ड्राइज़,incorrect
युक्तिः,correct
किमर्शः,incorrect
कर्षकाः,correct
जेर्ररा,incorrect
सवैभवम्,correct
धृत्युः,incorrect
इष्ट्वा,correct
वृत्युः,incorrect
कूर्परः,correct
तस्मानं,incorrect
प्रापुः,correct
द्रवेशं,incorrect
सुधाकरः,correct
वाग्निः,incorrect
वानरवत्,correct
कश्चिमे,incorrect
अग्रिमे,correct
मत्वारा,incorrect
दृष्टम्,correct
अक्षिणे,incorrect
मल्लिका,correct
हेनानां,incorrect
भवनानां,correct
अजाननः।,incorrect
अश्रूणि,correct
चाश्यपो,incorrect
समुचितं,correct
विरूपणे,incorrect
विधीनां,correct
मालङ्गो,incorrect
अनुदानं,correct
विलियन्,incorrect
यास्केन,correct
मास्कः।,incorrect
स्वर्णं,correct
हैनानां,incorrect
सिध्यति,correct
हिरण्यौ,incorrect
शकाब्दो,correct
रात्राः,incorrect
विशेषता,correct
विलापत्,incorrect
काकानां,correct
त्रयोगः,incorrect
कुर्युः,correct
कार्मझ्,incorrect
समानयत्,correct
लार्थकं,incorrect
अभावात्,correct
उक्त्वं,incorrect
सप्तदशे,correct
शर्वोपि,incorrect
परमाणोः,correct
चक्रेतं,incorrect
वैद्येन,correct
नृत्युः,incorrect
अभ्यासः,correct
मूर्तये,incorrect
शान्तां,correct
पदस्यां,incorrect
कीर्तेः,correct
नटपुरीं,incorrect
आविश्वं,correct
तत्तवती,incorrect
दत्तवती,correct
पत्यादि,incorrect
कर्णाटक,correct
अमुम्बि,incorrect
अमेरिकन,correct
सुहिताय,incorrect
अयच्छत्,correct
महान्सी,incorrect
शिक्षको,correct
भाटकेषु,incorrect
विग्रहः,correct
तैष्यति,incorrect
शाश्वतं,correct
पादितुं,incorrect
अधिपस्य,correct
मारवारं,incorrect
उपादेयो,correct
डिग्रहः,incorrect
डब्ल्यु,correct
कुकर्णः,incorrect
अमोनिया,correct
मन्यतमः,incorrect
त्रयोदश,correct
मत्वेषु,incorrect
समानमेव,correct
वर्माणि,incorrect
स्तम्भः,correct
त्रयोगो,incorrect
मुख्याः,correct
सिखानाः,incorrect
जलवायुः,correct
इर्विना,incorrect
भुजानां,correct
बाबर्ट्,incorrect
यानमिदं,correct
धृत्योः,incorrect
इत्येते,correct
मन्यतमं,incorrect
तेनाऽयं,correct
शैत्यैव,incorrect
कृदन्दः,correct
विदन्ता,incorrect
प्रश्नो,correct
अल्वर्ग,incorrect
निरुक्त,correct
द्वाजाः,incorrect
वर्षेषु,correct
ददात्रे,incorrect
न्यूनता,correct
कामनारण,incorrect
द्वारका,correct
सुरक्षक,incorrect
सुन्दरे,correct
सुर्जयं,incorrect
पादोऽयं,correct
साण्डवा,incorrect
पुच्छम्,correct
अस्तुनः,incorrect
पूज्यते,correct
नन्निधौ,incorrect
वलयपथि।,correct
भूमिरिक,incorrect
आयोजिता,correct
नाड्याम,incorrect
विमर्शः,correct
गत्वरतो,incorrect
अष्टभिः,correct
सर्वादश,incorrect
प्रवहेण,correct
मार्तकं,incorrect
कवित्वं,correct
