stimulus,correct_answer
обру,incorrect
марш,correct
пеха,incorrect
даун,correct
очек,incorrect
вуне,correct
ства,incorrect
лорд,correct
утак,incorrect
дина,correct
рањи,incorrect
јека,correct
крет,incorrect
чаша,correct
шачи,incorrect
хица,correct
обра,incorrect
црте,correct
поту,incorrect
раче,correct
убац,incorrect
адут,correct
ћехо,incorrect
коза,correct
згра,incorrect
емир,correct
шкој,incorrect
цару,correct
држај,incorrect
цркви,correct
гораш,incorrect
бриге,correct
титут,incorrect
шифру,correct
витет,incorrect
цреву,correct
витељ,incorrect
таоци,correct
декла,incorrect
дечак,correct
вртак,incorrect
сенку,correct
дисци,incorrect
чесма,correct
елект,incorrect
халиф,correct
замент,incorrect
лидери,correct
слабор,incorrect
албуми,correct
појама,incorrect
правом,correct
обност,incorrect
хирург,correct
држаје,incorrect
уставу,correct
магање,incorrect
бојења,correct
ослике,incorrect
сатови,correct
лирање,incorrect
кршење,correct
амерак,incorrect
србина,correct
вредак,incorrect
кривим,correct
стадор,incorrect
армада,correct
википе,incorrect
бубњар,correct
радњак,incorrect
разума,correct
частир,incorrect
антика,correct
рогаса,incorrect
кутњак,correct
доморе,incorrect
верних,correct
трошач,incorrect
летова,correct
профеј,incorrect
лигнин,correct
летије,incorrect
финишу,correct
аутент,incorrect
часник,correct
бављач,incorrect
чобана,correct
водина,incorrect
ногама,correct
литуда,incorrect
полица,correct
интети,incorrect
војсци,correct
најтер,incorrect
дејвид,correct
тимула,incorrect
парење,correct
женица,incorrect
добици,correct
апозив,incorrect
стожер,correct
урност,incorrect
сумрак,correct
амфите,incorrect
нереди,correct
двости,incorrect
дворац,correct
даброш,incorrect
анексу,correct
еврови,incorrect
видело,correct
матизан,incorrect
верност,correct
зенитет,incorrect
фашизма,correct
недости,incorrect
изложби,correct
рекорак,incorrect
медијум,correct
инфраст,incorrect
инфаркт,correct
уговину,incorrect
планете,correct
хомосек,incorrect
дизајне,correct
звоније,incorrect
плодове,correct
елитика,incorrect
одељака,correct
вампион,incorrect
михаило,correct
фендент,incorrect
незгоде,correct
дименат,incorrect
оптужба,correct
микрофа,incorrect
моменти,correct
поведач,incorrect
тријумф,correct
вегетар,incorrect
ресурса,correct
пјесног,incorrect
сферама,correct
краљеза,incorrect
странке,correct
бизници,incorrect
албанци,correct
рудност,incorrect
фресака,correct
чајност,incorrect
уношење,correct
местови,incorrect
врстама,correct
загађај,incorrect
рејтинг,correct
систика,incorrect
обличје,correct
титомци,incorrect
уступке,correct
преволу,incorrect
размена,correct
острони,incorrect
храмови,correct
пуковно,incorrect
штампач,correct
крснуће,incorrect
милутин,correct
ефикати,incorrect
бомбаши,correct
убистем,incorrect
огранка,correct
васиоци,incorrect
жариште,correct
копашћу,incorrect
пореске,correct
непрови,incorrect
домашај,correct
спираци,incorrect
риболов,correct
плећари,incorrect
плакета,correct
обализа,incorrect
лоптице,correct
смрчета,incorrect
стајаће,correct
наболид,incorrect
нацисти,correct
југослу,incorrect
значаје,correct
хериних,incorrect
статуте,correct
попивот,incorrect
поречја,correct
центими,incorrect
светова,correct
збогошт,incorrect
доменом,correct
пласање,incorrect
средњег,correct
лобађање,incorrect
упутство,correct
непријал,incorrect
шампиони,correct
серијарх,incorrect
догађања,correct
тестивал,incorrect
величине,correct
сувернет,incorrect
сродство,correct
усташица,incorrect
читалаца,correct
хришћење,incorrect
штампање,correct
делирања,incorrect
полагања,correct
теоролом,incorrect
сељаштво,correct
графским,incorrect
стрељања,correct
молитика,incorrect
кречњака,correct
моторија,incorrect
оператор,correct
додирање,incorrect
хаковање,correct
тумачеве,incorrect
кукуруза,correct
материст,incorrect
бригадир,correct
декларац,incorrect
кошаркаш,correct
реживање,incorrect
повраћај,correct
митропом,incorrect
чишћењем,correct
времећај,incorrect
црквењак,correct
геограме,incorrect
слабљењу,correct
непријем,incorrect
фараоном,correct
целиваде,incorrect
колебања,correct
медитељи,incorrect
извођача,correct
егзисток,incorrect
слојевим,correct
магнезда,incorrect
теолошки,correct
водозгом,incorrect
домобран,correct
заповеља,incorrect
заштитом,correct
условање,incorrect
усташама,correct
приканка,incorrect
пролазом,correct
заменост,incorrect
забавама,correct
одрасуде,incorrect
спремање,correct
доручних,incorrect
мелодије,correct
кинемаца,incorrect
пиштољем,correct
хировића,incorrect
претраге,correct
напуштер,incorrect
одрицање,correct
ратности,incorrect
стрељање,correct
усвојска,incorrect
понижења,correct
вокатори,incorrect
лезбејке,correct
ресудник,incorrect
развитку,correct
језицију,incorrect
чланству,correct
етикоиди,incorrect
светиљка,correct
манастом,incorrect
британац,correct
амбицикл,incorrect
културни,correct
заговача,incorrect
дејством,correct
порфизми,incorrect
стрпљење,correct
центатак,incorrect
уништење,correct
музицији,incorrect
шампањац,correct
успособа,incorrect
милиција,correct
великвит,incorrect
волонтер,correct
посетинг,incorrect
депозити,correct
ликовића,incorrect
тековине,correct
успонент,incorrect
бранилац,correct
манаступ,incorrect
четвртак,correct
анганост,incorrect
увертира,correct
недостор,incorrect
новембар,correct
спаваоци,incorrect
музејски,correct
одслужбу,incorrect
важности,correct
луцијска,incorrect
гнијезду,correct
лекарија,incorrect
предавач,correct
задругих,incorrect
празнику,correct
доказање,incorrect
сазнањим,correct
туралних,incorrect
етничког,correct
пустички,incorrect
зоолошки,correct
цивилиза,incorrect
фаворита,correct
неслањем,incorrect
суседних,correct
вотказив,incorrect
кобасица,correct
набавању,incorrect
пептидне,correct
умешницу,incorrect
руковање,correct
материод,incorrect
потписом,correct
посетина,incorrect
спаситељ,correct
школекти,incorrect
школство,correct
исланиру,incorrect
муниције,correct
местомац,incorrect
насељима,correct
оживљачи,incorrect
керамику,correct
истронак,incorrect
добављач,correct
апликару,incorrect
алкохолу,correct
прографи,incorrect
пролетер,correct
превлана,incorrect
редизајн,correct
обликање,incorrect
тврдњама,correct
дизалихе,incorrect
годишњак,correct
траснике,incorrect
отпадних,correct
скакивно,incorrect
дрворези,correct
пристике,incorrect
кројачки,correct
афродица,incorrect
дворских,correct
паранцуз,incorrect
комичног,correct
дужницом,incorrect
густином,correct
сфумарса,incorrect
пупољака,correct
технолол,incorrect
филозофе,correct
штитомат,incorrect
патронат,correct
азбеница,incorrect
удисањем,correct
ћелијарх,incorrect
хокејаши,correct
отуђиван,incorrect
етернета,correct
избацији,incorrect
тропског,correct
послонос,incorrect
нервозни,correct
неповрши,incorrect
проповед,correct
клавички,incorrect
плодоред,correct
дечаност,incorrect
затварач,correct
секвеног,incorrect
одвијање,correct
годинаца,incorrect
културне,correct
уједиште,incorrect
фрањевци,correct
мисијеце,incorrect
заглавље,correct
медијург,incorrect
страдање,correct
скавичар,incorrect
водитељи,correct
двоседов,incorrect
насловни,correct
укрупаља,incorrect
нагињање,correct
градиција,incorrect
предузећа,correct
послобода,incorrect
детекцију,correct
супружању,incorrect
оптуженим,correct
засједник,incorrect
посљедица,correct
нормацији,incorrect
божанству,correct
стралишта,incorrect
аналогије,correct
откривице,incorrect
бележница,correct
становних,incorrect
археолога,correct
експедице,incorrect
болесника,correct
глобађања,incorrect
биологије,correct
духоплови,incorrect
епидемије,correct
срединици,incorrect
едукације,correct
кореограм,incorrect
изврсност,correct
посленију,incorrect
говорници,correct
шериферно,incorrect
аргуменат,correct
губициона,incorrect
читалиште,correct
фагоценат,incorrect
доживљаји,correct
језервоар,incorrect
грађански,correct
изградова,incorrect
економије,correct
заробници,incorrect
помоћници,correct
болестица,incorrect
запослени,correct
ровољство,incorrect
исељавање,correct
потврђаву,incorrect
напетости,correct
информулу,incorrect
теоријске,correct
репрезеру,incorrect
галаксији,correct
управнину,incorrect
европских,correct
нередиште,incorrect
шкриљцима,correct
веренцији,incorrect
пријатељу,correct
обезбејки,incorrect
хирургије,correct
фестицију,incorrect
хемијског,correct
извршница,incorrect
размештај,correct
имплиције,incorrect
кривичних,correct
лигархива,incorrect
хипоксија,correct
ватрогања,incorrect
црногорце,correct
проградњу,incorrect
летелицом,correct
послободу,incorrect
компајлер,correct
традионих,incorrect
економији,correct
суоченица,incorrect
бољшевици,correct
житаристу,incorrect
настављач,correct
администа,incorrect
смртности,correct
јардинале,incorrect
позоришне,correct
ајзерској,incorrect
зупчаника,correct
ослоности,incorrect
менаџмент,correct
мутилишту,incorrect
педесетих,correct
позајмове,incorrect
трилогију,correct
муслимати,incorrect
императив,correct
наслеђима,incorrect
кампањама,correct
чуваријем,incorrect
централно,correct
заградови,incorrect
погоршање,correct
картизању,incorrect
синдикати,correct
странцузи,incorrect
унијаћење,correct
команијум,incorrect
невиности,correct
мочварело,incorrect
покретача,correct
заштитулу,incorrect
меморијал,correct
купатизам,incorrect
висораван,correct
оклоновац,incorrect
тоналитет,correct
желудилац,incorrect
побожност,correct
јагњетава,incorrect
исељавања,correct
федератор,incorrect
јакобинац,correct
моделатно,incorrect
совјетско,correct
младосеље,incorrect
уметношћу,correct
полицизма,incorrect
поравнање,correct
километњи,incorrect
уређивачи,correct
браничаре,incorrect
раздаљина,correct
иконотежу,incorrect
спортског,correct
рушевљење,incorrect
спаљивање,correct
гестинкти,incorrect
аквадукти,correct
видуалних,incorrect
светитеља,correct
силенијом,incorrect
одрживост,correct
канављања,incorrect
новајлију,correct
кориштава,incorrect
варијетет,correct
консталас,incorrect
приватних,correct
ханичењим,incorrect
новчаница,correct
народавац,incorrect
слободних,correct
суботизам,incorrect
пеницилин,correct
лојзијама,incorrect
реаговање,correct
династиту,incorrect
батаљоном,correct
перокизам,incorrect
перонизма,correct
заустране,incorrect
референце,correct
августаше,incorrect
ћелијског,correct
запошљаци,incorrect
попуштања,correct
распонзор,incorrect
љубавници,correct
школебних,incorrect
боравиште,correct
америјску,incorrect
јануарску,correct
гмизација,incorrect
књижевног,correct
зобиотопе,incorrect
вашаришту,correct
симулсеви,incorrect
пролажење,correct
посестрат,incorrect
комплекса,correct
сценарица,incorrect
отпорност,correct
осподатак,incorrect
хонорарно,correct
двоспрдњу,incorrect
умешаност,correct
каитлијек,incorrect
магдалене,correct
кокористу,incorrect
самохотке,correct
општиналу,incorrect
тактикама,correct
спостајња,incorrect
педијатар,correct
ефектанак,incorrect
пантомиме,correct
управности,incorrect
отпорности,correct
материјска,incorrect
трговинске,correct
члановници,incorrect
експлозије,correct
породитеље,incorrect
популацији,correct
тересовања,incorrect
компоненти,correct
сателигија,incorrect
регулације,correct
романдарди,incorrect
императора,correct
извештеник,incorrect
конвенција,correct
спективник,incorrect
анестезију,correct
заповерење,incorrect
географије,correct
грудобност,incorrect
приручници,correct
пристичких,incorrect
делегације,correct
манизација,incorrect
одбацивање,correct
периторија,incorrect
антибиотик,correct
доктобраду,incorrect
посматрање,correct
резентатор,incorrect
оснивачког,correct
ваздухових,incorrect
родитељске,correct
пилотилаца,incorrect
супружника,correct
сигурацији,incorrect
фудбалском,correct
допринцеза,incorrect
негодовање,correct
посетиншке,incorrect
програмски,correct
црквенције,incorrect
интерфејси,correct
бестселека,incorrect
дисциплини,correct
редатотеке,incorrect
секуларних,correct
биолошкови,incorrect
византијци,correct
насланству,incorrect
стратегије,correct
свештинент,incorrect
уништавање,correct
романдидат,incorrect
евакуација,correct
пустињство,incorrect
умрежавање,correct
поштећњаке,incorrect
реновирања,correct
боловинцип,incorrect
департмент,correct
способнове,incorrect
персијског,correct
стологијом,incorrect
професорка,correct
особинципу,incorrect
друштвеној,correct
потраговор,incorrect
потписници,correct
фигурношћу,incorrect
бомбардера,correct
ванредност,incorrect
апсорпција,correct
нутрализма,incorrect
уздржавање,correct
џекилажење,incorrect
филтрирање,correct
непокриљци,incorrect
експресије,correct
земљиштење,incorrect
хришћанима,correct
порастражи,incorrect
пристаништ,correct
лактичност,incorrect
географски,correct
логорченос,incorrect
објективни,correct
местаменик,incorrect
хемикалије,correct
пантофилур,incorrect
стилистику,correct
вођстворац,incorrect
дефиницију,correct
ословством,incorrect
револуцији,correct
имитивност,incorrect
апелациони,correct
репрезрије,incorrect
простирања,correct
уговоришту,incorrect
патријарху,correct
пироћавања,incorrect
регуламент,correct
одривалена,incorrect
обилазница,correct
филтерност,incorrect
привредник,correct
стабљивост,incorrect
прелудијум,correct
биоскопора,incorrect
публицисти,correct
ажурирским,incorrect
пчеларство,correct
илустринос,incorrect
пукотинама,correct
позиториза,incorrect
седимената,correct
значаваоце,incorrect
светлосних,correct
срединство,incorrect
црногораца,correct
оближношћу,incorrect
подржавање,correct
републиман,incorrect
кошаркашке,correct
таквитичар,incorrect
континента,correct
светињство,incorrect
дијафрагма,correct
админирање,incorrect
навигације,correct
истрашњост,incorrect
понтификат,correct
ујединцепт,incorrect
проналасци,correct
управоугао,incorrect
обдареност,correct
командемац,incorrect
хематокрит,correct
балантитељ,incorrect
тридесетих,correct
породишњег,incorrect
пригушница,correct
нуклетство,incorrect
дигиталној,correct
владежност,incorrect
надгробном,correct
теоријатељи,incorrect
непријатеље,correct
гуверенутку,incorrect
адвокатских,correct
недоставник,incorrect
апсолутизма,correct
обезбедници,incorrect
обележавања,correct
колонтејнер,incorrect
андерграунд,correct
чехослободу,incorrect
заробљеника,correct
материјатељ,incorrect
материјалне,correct
доктричност,incorrect
богумилство,correct
просторичар,incorrect
пријатељица,correct
милионарица,incorrect
информисање,correct
члановниште,incorrect
финансирања,correct
врстентност,incorrect
непостојању,correct
оставничког,incorrect
историјског,correct
редосленост,incorrect
малодушност,correct
опсервисине,incorrect
популационе,correct
непријативи,incorrect
манастирски,correct
загронологе,incorrect
интензитету,correct
основништво,incorrect
текстуалних,correct
општинамике,incorrect
суверености,correct
гуверендума,incorrect
унапређењем,correct
приблиограф,incorrect
конјункција,correct
окончарство,incorrect
апстракцију,correct
аверашњости,incorrect
вакцинације,correct
галеријалог,incorrect
библиотеком,correct
штрбацивању,incorrect
гравитација,correct
градојевске,incorrect
финанцијски,correct
областирање,incorrect
комбиновање,correct
револумбије,incorrect
аудијенцију,correct
симпатилато,incorrect
компоновање,correct
музичарства,incorrect
колекционар,correct
боговорнели,incorrect
несугласице,correct
прагментара,incorrect
пропагандом,correct
машинератор,incorrect
хипотиреоза,correct
пласманлије,incorrect
перформанса,correct
ледномијера,incorrect
проститутке,correct
непризнисом,incorrect
чарнојевића,correct
пептиранија,incorrect
ванземаљаца,correct
безбјеглице,incorrect
илегалности,correct
симбичности,incorrect
целовитости,correct
сјединстрат,incorrect
складиштењу,correct
приноститут,incorrect
граничарски,correct
луковништво,incorrect
дјелатности,correct
пострантант,incorrect
вододелницу,correct
вандалацији,incorrect
натурализам,correct
члановништа,incorrect
становником,correct
плементалне,incorrect
хуманитарне,correct
камионистал,incorrect
хипотекарне,correct
развитерија,incorrect
инкарнација,correct
великвицама,incorrect
достигнућим,correct
храмологију,incorrect
опортјунити,correct
програндија,incorrect
проститутки,correct
романдалаца,incorrect
сизеренство,correct
станичаноси,incorrect
пријевозних,correct
школстојање,incorrect
катастрофом,correct
погоцитност,incorrect
територијом,correct
отпоразоању,incorrect
доминиканци,correct
састамбеник,incorrect
грациозност,correct
плантропола,incorrect
координатни,correct
прозоришћење,incorrect
преференција,correct
конференутку,incorrect
противничког,correct
језерватизам,incorrect
пријатељском,correct
галеријатеља,incorrect
министарства,correct
ауторијатеља,incorrect
електронском,correct
безбедничког,incorrect
аустријанаца,correct
ценариотског,incorrect
грађевинског,correct
каплатежност,incorrect
аутентичност,correct
каталијентар,incorrect
неутралности,correct
бронзулатора,incorrect
прокламација,correct
сусретничког,incorrect
бугаризација,correct
контроломета,incorrect
комунистички,correct
интелевичаја,incorrect
представнике,correct
офанзивачких,incorrect
хуманитарних,correct
африканцелар,incorrect
сјевероисток,correct
сеструкторан,incorrect
појављивањем,correct
куповијацији,incorrect
проституцији,correct
геоградиције,incorrect
конструисања,correct
деловенилаца,incorrect
задовољавања,correct
банативисању,incorrect
конверзација,correct
истрацијално,incorrect
истраживањем,correct
хиндустријан,incorrect
универзитета,correct
питалнеолози,incorrect
минимизирање,correct
логоривовању,incorrect
координатног,correct
режисерности,incorrect
компензацију,correct
далманастаја,incorrect
средњошколце,correct
космонограду,incorrect
претраживачи,correct
такмичарство,incorrect
презентација,correct
спостатације,incorrect
месопотамију,correct
допринцезари,incorrect
придруживање,correct
митровградар,incorrect
православаца,correct
историкалних,incorrect
разврставање,correct
нехајалистор,incorrect
територијама,correct
београмирнице,incorrect
субјективност,correct
годинастирања,incorrect
терминологију,correct
индустрибутне,incorrect
интервенцијом,correct
теоријансамбл,incorrect
распоређивање,correct
храморфолошки,incorrect
интелигенцију,correct
засеобинацију,incorrect
хоризонталном,correct
одобровништво,incorrect
нормализацију,correct
међувреднорар,incorrect
церемонијални,correct
амбасадницама,incorrect
информационог,correct
центацијације,incorrect
стабилизатори,correct
интерансплата,incorrect
рачуноводства,correct
индеровољство,incorrect
продуктивност,correct
фирмологичких,incorrect
сигнализација,correct
северозијанче,incorrect
суверенитетом,correct
мајкроскудица,incorrect
револуционара,correct
батријалистем,incorrect
демонстраната,correct
еукаријабетес,incorrect
пољопривредно,correct
омладетињство,incorrect
изједначавање,correct
коришћанствари,incorrect
територијалних,correct
глумационархив,incorrect
социјалистичка,correct
храбросторичар,incorrect
архиепископије,correct
одговоренитета,incorrect
незадовољством,correct
годинаставнина,incorrect
функционализам,correct
удаљеностацију,incorrect
интерпретације,correct
аутомобранитет,incorrect
непријатељство,correct
вернатурнирање,incorrect
аустралијанаца,correct
улогосланирање,incorrect
нематеријалног,correct
промоциологију,incorrect
представништва,correct
медиктаторијер,incorrect
средњовековног,correct
усевастосојева,incorrect
администрације,correct
теријативаленда,incorrect
кинематографије,correct
скенералашавања,incorrect
патофизиологија,correct
напрепископачић,incorrect
пољопривредника,correct
традиопрезентар,incorrect
спецификацијама,correct
