stimulus,correct_answer
ట్రం,incorrect
ఘటనా,correct
స్తం,incorrect
వాసి,correct
షుమా,incorrect
పుట్,correct
పుని,incorrect
మినప,correct
యమలో,incorrect
నోవా,correct
వ్యత,incorrect
గృహం,correct
నంజయ,incorrect
పలము,correct
డిసె,incorrect
రాత్,correct
గ్లా,incorrect
కుండ,correct
నెలు,incorrect
పంచ్,correct
దివో,incorrect
జాతక,correct
కెపా,incorrect
కల్ప,correct
నాభవ,incorrect
తాళి,correct
షమ్ము,incorrect
సీజను,correct
హౌండు,incorrect
పేగుల,correct
మోరాం,incorrect
ఆద్రా,correct
ఖలీస్,incorrect
భవనము,correct
దస్తూ,incorrect
కట్టి,correct
ఇడ్రి,incorrect
మజ్ను,correct
బలాష్,incorrect
సేనపై,correct
బొండి,incorrect
మన్ను,correct
విపరి,incorrect
కాపలా,correct
హర్జే,incorrect
బలిని,correct
శ్వాన,incorrect
వంతున,correct
బగవద్,incorrect
అహల్య,correct
చిటీల,incorrect
కుంజ్,correct
ఆప్త్,incorrect
వల్లీ,correct
బొరికి,incorrect
పొదలలో,correct
టోక్యం,incorrect
జోసెఫ్,correct
రాస్యత,incorrect
చెదురు,correct
నారిటీ,incorrect
టెండర్,correct
విగ్రీ,incorrect
విభాగం,correct
సువారు,incorrect
రుమాలు,correct
డొమీని,incorrect
పిలుపు,correct
శివారి,incorrect
జార్జ్,correct
జియోగం,incorrect
గుహలలో,correct
బింబపు,incorrect
నామంలో,correct
జాయితీ,incorrect
జామియా,correct
హేలియా,incorrect
పింగళి,correct
మెజారి,incorrect
మైక్రో,correct
ఆదిశకు,incorrect
వంతులు,correct
టోనియా,incorrect
ముగ్గు,correct
జగ్గకు,incorrect
త్యాగం,correct
మాయాది,incorrect
బాడీలో,correct
హస్తుత,incorrect
శబ్దము,correct
వరాహార,incorrect
మేకలకు,correct
ఫ్లెజ్,incorrect
కాలితో,correct
ధ్రులు,incorrect
యూరోప్,correct
బుర్రం,incorrect
మతములు,correct
నైసర్గ,incorrect
టీట్రో,correct
జెమినా,incorrect
గిన్నె,correct
సొమ్మం,incorrect
ముల్లు,correct
జస్టిక,incorrect
వజ్రాల,correct
ఇంగ్లం,incorrect
చెల్లి,correct
హెరాయి,incorrect
స్కాట్,correct
బెస్టం,incorrect
డెబ్బై,correct
స్టికి,incorrect
సామ్యం,correct
రంగారం,incorrect
ఒంటెలు,correct
పరుడనే,incorrect
పందాలు,correct
దిక్స్,incorrect
ఆరంభమై,correct
ఇరత్తి,incorrect
సేఫ్టీ,correct
జెనీలు,incorrect
మత్సరం,correct
ఇళాదేవ,incorrect
సాఫల్య,correct
విపుని,incorrect
బాబాకు,correct
ఒట్టాల,incorrect
చట్టము,correct
మౌర్డ్,incorrect
సవరణకు,correct
జిల్లీ,incorrect
ఐదేళ్ల,correct
జయింపు,incorrect
నోబుల్,correct
బొల్చు,incorrect
వేరులే,correct
అరువుల,incorrect
వేలాది,correct
మేలుతో,incorrect
సాగుకు,correct
నత్తున,incorrect
సప్తాహ,correct
పొలారి,incorrect
శర్మకు,correct
మల్బర్,incorrect
పరికరం,correct
టపాలెం,incorrect
తహసీల్,correct
ఇంట్లు,incorrect
ఫ్లోరా,correct
తోపూరి,incorrect
అనేమాట,correct
నామిస్,incorrect
కుర్చీ,correct
సిన్హే,incorrect
మందారం,correct
దర్యాల,incorrect
బెలిజె,correct
భాగీరు,incorrect
వైదీకి,correct
ఆరవవాల,incorrect
మాగంటి,correct
బ్ర్యం,incorrect
దేవమ్మ,correct
నిరాట్,incorrect
ప్రతాప,correct
పంచలీల,incorrect
మూలకము,correct
పియాతో,incorrect
లీడ్స్,correct
నగరాల్,incorrect
బొమ్మల,correct
షెడ్యూ,incorrect
గ్రామా,correct
వ్యవసర,incorrect
దంతాలు,correct
హొల్కి,incorrect
నమస్తే,correct
డుసారం,incorrect
పందిరి,correct
మధ్యాస,incorrect
బత్తిన,correct
నడుచుల,incorrect
దైవబలం,correct
నిర్జయ,incorrect
స్టాల్,correct
హోలానా,incorrect
వాటాను,correct
కేతనమై,incorrect
టాస్క్,correct
సమర్సు,incorrect
యాన్తి,correct
పిదూరు,incorrect
జయవర్మ,correct
పదాలతు,incorrect
అనంతాయ,correct
జీవితమై,incorrect
జీవితము,correct
యొక్కనే,incorrect
ఏడాదికి,correct
డెత్తను,incorrect
మరాఠాలు,correct
వినియన్,incorrect
శిక్షకు,correct
దాఖలుకల,incorrect
మూర్తుల,correct
డబుల్లో,incorrect
గొట్టపు,correct
అత్యుని,incorrect
సైన్యము,correct
పెన్సరీ,incorrect
వేడుకలో,correct
ఆహారాజు,incorrect
రెండవది,correct
ధనసహాయక,incorrect
సంతతికి,correct
అనకాపల్,incorrect
గణతంత్ర,correct
కమాండలి,incorrect
మౌర్యుల,correct
నిర్మిక,incorrect
రాజ్యసభ,correct
అభ్యంతో,incorrect
కేరళాలో,correct
డాక్టరీ,incorrect
సినిమాల,correct
ఖాండాలో,incorrect
సరస్వతి,correct
పచాయితో,incorrect
కౌటిల్య,correct
అభియాను,incorrect
అభియోగం,correct
ష్యోభణం,incorrect
దీనివలన,correct
జాక్షిత,incorrect
వింజంలో,correct
కాండమ్మ,incorrect
పానిపట్,correct
యాత్మిక,incorrect
ధోరణిని,correct
దాంతానం,incorrect
పుండ్లు,correct
బాస్కసు,incorrect
నిద్రలో,correct
బ్రతువు,incorrect
ఎదుగుదల,correct
ఆద్వర్ణ,incorrect
సుదీర్ఘ,correct
శాశ్వాస,incorrect
చెక్కెర,correct
మాధ్యాయ,incorrect
ఆంధ్రుల,correct
ఉపకార్య,incorrect
సంపుటాల,correct
స్వర్యం,incorrect
వంశీయుల,correct
బద్దంకి,incorrect
ఆత్మలను,correct
ఆంతర్జన,incorrect
అపార్థం,correct
చాలావర్,incorrect
బెంగాలి,correct
ఆధారంభం,incorrect
కోరికపై,correct
ఆజియాలో,incorrect
పిటిషన్,correct
ఇంటింగ్,incorrect
ఊపిరితో,correct
కులందరి,incorrect
జనాన్ని,correct
గౌరవాన్,incorrect
ఖమ్మంలో,correct
మాస్తుత,incorrect
సందేహము,correct
పరిస్టు,incorrect
పరిశోధక,correct
రేబీయుల,incorrect
కరప్షన్,correct
అక్షాటన,incorrect
అర్హతను,correct
యాస్త్ర,incorrect
అంతస్తు,correct
మురలిజం,incorrect
జలాన్ని,correct
దేవియర్,incorrect
ఆరోజంతా,correct
సంపంగన్,incorrect
స్పృహను,correct
మండలాన్,incorrect
యువతిని,correct
తణుకులు,incorrect
బణువుకి,correct
అంతరికి,incorrect
అంతరాయం,correct
ఒకప్పస్,incorrect
కాలువకు,correct
రివల్లన,incorrect
అసమర్ధత,correct
కార్గాల,incorrect
అందుండి,correct
క్రూయిల,incorrect
పార్వతి,correct
పాపిటల్,incorrect
అసియాలో,correct
లారోజుల,incorrect
భూభ్రమణ,correct
టోర్వము,incorrect
ఆశ్రమము,correct
ఘదురాశన,incorrect
కదులుతూ,correct
హడమారుల,incorrect
మీమాంసా,correct
చెంగంపై,incorrect
వ్యాకరణ,correct
అట్కిని,incorrect
అవస్థలు,correct
పెదవంగూ,incorrect
వంశీకుల,correct
వకాత్రం,incorrect
వడ్డీతో,correct
లెక్వర్,incorrect
మూలాంశం,correct
హాసమనడం,incorrect
కాలనీగా,correct
ధర్మాణకళ,incorrect
మార్గంతో,correct
విముక్కల,incorrect
విమర్శలో,correct
ఫ్యాన్ని,incorrect
అంశాన్ని,correct
సాధ్యమిక,incorrect
సమయాల్లో,correct
వార్డెను,incorrect
మార్గమున,correct
అణ్వాయరు,incorrect
రేడియోలో,correct
ప్రెసివ్,incorrect
ప్రేరణను,correct
గుర్తికి,incorrect
దుకాణంలో,correct
బ్రాంతీయ,incorrect
అర్హులకు,correct
కొలువురు,incorrect
స్కూలులో,correct
ట్రెక్ట్,incorrect
దివాకర్ల,correct
బహిష్కరు,incorrect
డైలాగులు,correct
సామాన్ని,incorrect
టెలిఫోన్,correct
బొటానికి,incorrect
జయాపజయాల,correct
ప్రమాన్య,incorrect
కాలాల్లో,correct
సిఫార్మ్,incorrect
సరళీకృతం,correct
ఏర్పాలను,incorrect
పూర్వీకత,correct
టోపోలీసు,incorrect
బలిజిపేట,correct
బ్యూరుతో,incorrect
శ్రేణులు,correct
లోథారిటీ,incorrect
సమదృష్టి,correct
పుప్పుడు,incorrect
ఆధర్యంలో,correct
మధ్యక్తి,incorrect
ఉజ్జయిని,correct
రికాలోని,incorrect
కోర్టులు,correct
టెక్టుకు,incorrect
శరీరాలను,correct
జిల్లుడు,incorrect
జిల్లేడు,correct
షేఖుపురం,incorrect
తలనొప్పి,correct
నిర్మారక,incorrect
ప్రాంతపు,correct
చెయ్యిలో,incorrect
డిజైన్లు,correct
సౌఖ్యాతి,incorrect
లాహోర్లో,correct
స్నాన్ని,incorrect
అంశాల్లో,correct
అగత్యంలో,incorrect
కేథడ్రల్,correct
ఉత్పత్రి,incorrect
దేవాలయాల,correct
వ్యాంగుల,incorrect
రంగాన్ని,correct
శ్రీస్లో,incorrect
ఏళ్ళలోపు,correct
ఉద్యాలయం,incorrect
డిస్కవరీ,correct
లెక్సెడ్,incorrect
అప్పలమ్మ,correct
సూక్ష్యం,incorrect
వెడల్పుల,correct
అంటువ్యం,incorrect
ధనాత్మకం,correct
స్క్రింద,incorrect
విమర్శకు,correct
అకాలీనాల,incorrect
క్షత్రపా,correct
దార్ధాని,incorrect
స్ట్రిప్,correct
ఎకరాల్డ్,incorrect
ఎగుమతిలో,correct
అధ్యక్తి,incorrect
ధౌమ్యుని,correct
బ్రతిఏటా,incorrect
రంగుల్లో,correct
మెయిల్లా,incorrect
సేంద్రియ,correct
ట్రేలియా,incorrect
అండాశయము,correct
యాత్రితం,incorrect
ముక్కామల,correct
ఎస్కారాల,incorrect
వలసదారుల,correct
మనవైపులా,incorrect
పెనగలూరు,correct
పర్షికతో,incorrect
బ్రహ్మమే,correct
డోమిటీని,incorrect
అతనివద్ద,correct
సెక్యూటీ,incorrect
సెక్టార్,correct
యూనిట్టి,incorrect
శతాబ్దము,correct
రాత్మికా,incorrect
ఉదయాన్నే,correct
తఖీకులను,incorrect
మోతాదును,correct
ఆర్ధిష్ట,incorrect
శ్రుతులు,correct
బోర్గులు,incorrect
నందిరాజు,correct
కూర్చిలు,incorrect
భగవానుని,correct
వాయితీలు,incorrect
అవతారాలు,correct
విష్కృతి,incorrect
రాక్షసుల,correct
రాజునుడు,incorrect
ట్రిపుల్,correct
గ్రెసివ్,incorrect
ప్రపంచము,correct
స్టీమ్స్,incorrect
ట్రినిటీ,correct
బ్యాగ్రత,incorrect
స్థావరాల,correct
పురస్కాల,incorrect
పంచాయతీల,correct
అశ్వితీయ,incorrect
గార్డెన్,correct
అధ్యక్తం,incorrect
బ్యాంకుల,correct
బెదిరిగా,incorrect
పుస్తకాల,correct
పరమార్గం,incorrect
కుండలినీ,correct
సంపూర్లో,incorrect
సంపుటంలో,correct
ప్రజెంటు,incorrect
వ్యాజ్యం,correct
సంస్థలమ్,incorrect
చిత్రాలే,correct
నిన్సులో,incorrect
నిదర్శనం,correct
డిగ్రహాల,incorrect
సంస్కరణల,correct
వాయుద్ధి,incorrect
అరటిపండు,correct
శల్యులలో,incorrect
తృప్తిని,correct
బోగ్గుని,incorrect
బీటిల్స్,correct
మార్థుడు,incorrect
ఇంజన్లను,correct
ఫలించుకు,incorrect
నేపాలీలు,correct
తక్కళమ్మ,incorrect
త్రిదండి,correct
ప్రాయిలో,incorrect
మార్టిన్,correct
వాపూర్వం,incorrect
కురబలకోట,correct
మొహరింపు,incorrect
సంతృప్తి,correct
బోస్నిగ్,incorrect
సంగ్రామం,correct
ఇండియాడే,incorrect
వృద్ధితో,correct
సోకొర్లె,incorrect
మెటాలిక్,correct
వీక్లీన్,incorrect
ముట్లూరు,correct
సైబర్సరీ,incorrect
జిడ్డుగల,correct
విపులిపై,incorrect
అంటారియో,correct
లావాకాని,incorrect
బ్యారేజి,correct
జాతులూరు,incorrect
ఆదర్శాలు,correct
అనాస్టర్,incorrect
సామినేని,correct
శిక్షాంశ,incorrect
విమానయాన,correct
మాండర్డ్,incorrect
భాగానికి,correct
రాస్త్రీ,incorrect
నాదెండ్ల,correct
మతామలకము,incorrect
గూడూరులో,correct
గుస్తకము,incorrect
గుస్టావ్,correct
విక్రోసా,incorrect
చెల్లెలి,correct
మొయినుకు,incorrect
గుమ్మంలో,correct
నొద్దుల్,incorrect
సౌందర్యం,correct
డిగ్రహంత,incorrect
బోర్నియో,correct
కొట్రైక్,incorrect
విశ్రాంత,correct
పార్లంకి,incorrect
పుల్లయ్య,correct
తాపీడనము,incorrect
పామిటిక్,correct
ఇళ్ళల్లొ,incorrect
ఉత్పాదకత,correct
అమ్మేళనల,incorrect
పండితులూ,correct
ఇఆరానితో,incorrect
కళ్యాణము,correct
యొక్కాయి,incorrect
కేంద్రియ,correct
నార్గమ్మ,incorrect
క్యాంపస్,correct
నవజ్రోతు,incorrect
తాళ్ళూరి,correct
జామ్లంతో,incorrect
పద్మరాజు,correct
గ్రూపిణి,incorrect
ప్రశాంతి,correct
విజియోసే,incorrect
వాటిల్లో,correct
యముడిచేప,incorrect
శ్రీశ్రీ,correct
భికార్యే,incorrect
నేపధ్యము,correct
పాకృత్రి,incorrect
పిచ్చయ్య,correct
నామాత్రప,incorrect
సంరక్షణా,correct
స్వసామర్,incorrect
క్రౌర్యం,correct
ఫాదర్శనను,incorrect
అరణ్యాలలో,correct
పునరుజ్జు,incorrect
రిలీజియన్,correct
విద్యులర్,incorrect
స్టేషనులో,correct
అసెంబరులో,incorrect
శతాబ్ధంలో,correct
హిస్తరణతో,incorrect
హాస్టల్స్,correct
యూనివర్లో,incorrect
పంచాయతీలో,correct
ఇంటినెంస్,incorrect
ఇంటినుండి,correct
దారిపాలను,incorrect
మండలాన్ని,correct
జోక్యముపై,incorrect
సంస్థానపు,correct
సంప్రదేశం,incorrect
సంపాదకుడు,correct
ఫిర్యాలను,incorrect
సారథ్యంలో,correct
డైమండ్రిక,incorrect
నవగ్రహాలు,correct
పరిస్టులో,incorrect
డ్రైవర్లు,correct
నిర్భాలలో,incorrect
సంక్లిష్ట,correct
సెప్టెంస్,incorrect
ఎగుమతులకు,correct
ఇండెక్కతో,incorrect
బాధితులను,correct
చార్యాటకం,incorrect
పరిశోధకుల,correct
దివ్యాపార,incorrect
ఒప్పందంతో,correct
సౌలభ్యాసం,incorrect
పశ్చిమంలో,correct
సెతానికల్,incorrect
ఆలంపూర్లో,correct
కల్యాంగుల,incorrect
ఎదుగుదలకు,correct
డైరెక్కలు,incorrect
అధికారికి,correct
అవమానవాళి,incorrect
కొన్నేళ్ళ,correct
శ్రీకృతము,incorrect
దేవుళ్ళకు,correct
ప్రాబ్దాల,incorrect
ఉత్సాహంతో,correct
శరభంగములో,incorrect
ఏడురోజులు,correct
బొప్పదికి,incorrect
సంబంధితమై,correct
లోకాలిఫతే,incorrect
విష్ణాలయం,correct
బొజ్జయినీ,incorrect
వాహనాన్ని,correct
బసవన్నెలు,incorrect
యుధిష్ఠిర,correct
రష్యాన్ని,incorrect
కైకలూరులో,correct
ఆంటియోపథీ,incorrect
పరమాత్మను,correct
కుముందుకు,incorrect
నారదుడిని,correct
డిసెంబ్లీ,incorrect
డైరెక్టరు,correct
ఆశ్వాసాని,incorrect
మనుష్యులు,correct
వ్యత్తుకి,incorrect
ప్రయత్నమే,correct
గుణాత్మలు,incorrect
సంస్కృతము,correct
ఖొరాస్యకు,incorrect
అన్వేషణను,correct
ముద్రాస్య,incorrect
ఆప్టిక్స్,correct
సంక్షేపాల,incorrect
బెంగాలీలో,correct
జుగుప్తీక,incorrect
గజలక్ష్మి,correct
భోపాలిటను,incorrect
సిఫార్సుల,correct
సిధారాలలో,incorrect
పోర్టల్స్,correct
నిరాహీంతో,incorrect
రాజులందరూ,correct
ఈయోగాత్మక,incorrect
వస్తువును,correct
చేంజ్నుడై,incorrect
అంతర్థానం,correct
వేసవికాజా,incorrect
సంరక్షింప,correct
ఆల్టోసిస్,incorrect
సర్వస్వము,correct
సేకరైడ్సు,incorrect
మిరపకాయలు,correct
అగ్నిఫర్ల,incorrect
తొట్టతొలి,correct
ఇజ్రాంతాల,incorrect
అవసరార్థం,correct
డాముద్రాల,incorrect
కేరళాలోని,correct
డిగ్రహాని,incorrect
అంతరార్ధం,correct
శక్తితికి,incorrect
పశ్చిమమున,correct
కార్యనుఒక,incorrect
ఉత్సవాలతో,correct
బాలీఉడ్స్,incorrect
పరిశీలనలో,correct
త్రిద్రలు,incorrect
ఆత్మరక్షణ,correct
థ్రిల్లలూ,incorrect
మెరుగుదలల,correct
అష్రైనేజీ,incorrect
వంశస్థుడు,correct
అపహారికకు,incorrect
అంతస్తుకు,correct
వింజాల్కే,incorrect
రామానుజుల,correct
సర్రేప్సు,incorrect
అంతర్ధానం,correct
నిబంధనేతర,incorrect
నిచ్చెనలు,correct
గుజ్జులకై,incorrect
సైక్లింగ్,correct
గ్రెస్పుల,incorrect
స్విమ్మరు,correct
మెస్వాతీత,incorrect
పరిమితికి,correct
విద్యాచరణ,incorrect
స్వచ్ఛతను,correct
జిల్లడౌను,incorrect
అవసరమయ్యే,correct
సమాధాన్యః,incorrect
స్వాభిమాన,correct
చుట్టగొడు,incorrect
ప్రమాదంపై,correct
సింహస్వామి,incorrect
గుణాఢ్యుడు,correct
రిపబ్లిష్ట,incorrect
రివల్యూషన్,correct
నామనస్సుతో,incorrect
స్పూర్తిని,correct
హైకోర్ట్స్,incorrect
హైస్కూలులో,correct
డ్రెయిట్స్,incorrect
ఆస్పత్రిలో,correct
చుట్టుబడుల,incorrect
గోపాలకృష్ణ,correct
బిరుదావేశం,incorrect
తల్లినుండి,correct
పోలింగాణపై,incorrect
మంత్రిత్వం,correct
క్లినాళ్ళు,incorrect
గుడ్లగూబలు,correct
నిమిత్తంలో,incorrect
ఇండియాలోని,correct
పార్టూర్లో,incorrect
వ్యాప్తికి,correct
మట్టిండీసు,incorrect
తక్కువకాలం,correct
తెనాలిటీలో,incorrect
వైష్ణవాలయం,correct
ఒకప్రారంభం,incorrect
అమెరికన్లు,correct
జిల్లాక్సీ,incorrect
దుకాణానికి,correct
స్వామ్యంతో,incorrect
ప్రజాదరణను,correct
గణాంకాలువల,incorrect
ఉత్సవాన్ని,correct
గొప్పెట్టు,incorrect
హాస్యాన్ని,correct
ఆక్వాంసులు,incorrect
బాల్యాన్ని,correct
విధంగానిపై,incorrect
విలేఖరులతో,correct
అధికార్బిన,incorrect
ఎలక్ట్రిక్,correct
శిథిలావరకు,incorrect
ఉపవిభాగాలు,correct
డెనిమిత్తం,incorrect
అధ్యాత్మిక,correct
ప్రస్తువుల,incorrect
ప్రొడక్షన్,correct
కన్యాయవ్యం,incorrect
ద్వీపకల్పం,correct
ఈమెయిల్లలు,incorrect
హన్మకొండలో,correct
ఫ్యానిక్షణ,incorrect
చిత్తూరులో,correct
హార్ముల్లో,incorrect
క్రియేటివ్,correct
ట్రాఫ్షిని,incorrect
పరిశీలించి,correct
బోలెడన్కల్,incorrect
మురుగునీటి,correct
ఎండుద్రాది,incorrect
స్టేట్స్లో,correct
సంక్లరేషను,incorrect
అన్నింటినీ,correct
సూత్రాసెరు,incorrect
క్యాన్సర్ల,correct
ఔత్సాహమయ్య,incorrect
మద్దతుదారు,correct
జివికాలోని,incorrect
సాక్ష్యాలు,correct
సభ్యుదయంతి,incorrect
కృష్ణునితో,correct
లాంటినుండీ,incorrect
బాక్సాఫీస్,correct
కామాక్సాని,incorrect
కాస్టిలియా,correct
డిస్టిరైటు,incorrect
విక్టోరియా,correct
ఉపప్రైజ్ద్,incorrect
కొల్లిపరలో,correct
సంపూర్తుకళ,incorrect
అనాగరికులు,correct
భూరసావళ్లు,incorrect
కొటికలపూడి,correct
పంచగవ్యాస్,incorrect
భీమవరంలోనూ,correct
శూన్యధారణం,incorrect
సన్నివేశాల,correct
వెర్డినటర్,incorrect
తపమాచరించి,correct
ప్రేక్టిన్,incorrect
ప్రక్రియని,correct
నేతృత్వంను,incorrect
సాంవత్సరిక,correct
తపస్మాల్లో,incorrect
శిలాజాన్ని,correct
విద్యారింజ,incorrect
మాధ్యమాలలో,correct
సతీరేంద్రత,incorrect
ప్రియురాలి,correct
పిలుపుగారు,incorrect
కొల్లాజెన్,correct
మంచివాలెన్,incorrect
అక్షౌహినుల,correct
పేడబుర్రపు,incorrect
శనీశ్వరుని,correct
భూవిజ్ఞాపక,incorrect
జలవిద్యుత్,correct
వేంగిపాలదే,incorrect
మృదులాస్థి,correct
బెణుకుణ్ణి,incorrect
చెల్లెళ్లు,correct
సీతాయారుర్,incorrect
కష్టకాలంలో,correct
వస్త్రీలిమ,incorrect
గ్రామానికీ,correct
చొండోఫారిన,incorrect
గ్రామీణులు,correct
పారార్పుని,incorrect
ప్రస్తావనల,correct
పోదురుడులు,incorrect
ఆకర్షితులై,correct
చారిత్రుడనే,incorrect
సామాన్యులకి,correct
విశిష్యత్వం,incorrect
శివాలయాన్ని,correct
ఫిబ్రవర్తను,incorrect
ఎవాంజెలికల్,correct
యూనివర్సికో,incorrect
బెంగుళూరుకు,correct
ఇంటింటిక్స్,incorrect
భారతీయుల్లో,correct
పరిస్తీర్ణం,incorrect
స్వర్గానికి,correct
డ్రాజెక్టరు,incorrect
వ్యవహారాలలో,correct
అభిప్రాంతాల,incorrect
ఒప్పందాన్ని,correct
పటిష్ఠాతులు,incorrect
వీటన్నిటికీ,correct
ఆద్యుద్ధాలు,incorrect
జీర్ణోద్ధరణ,correct
కేంద్రశాంతి,incorrect
ఆరోగ్యాన్ని,correct
వైషమ్యాన్ని,incorrect
డెమోక్రటిక్,correct
పారాత్రిత్ర,incorrect
ఉత్తీర్ణుడై,correct
సామర్ధునికి,incorrect
పర్వతారోహణా,correct
వస్తుతానికి,incorrect
చివరికాలంలో,correct
ప్రభావితంపై,incorrect
ప్రాచుర్యము,correct
ఇంద్రారంభమై,incorrect
శిష్యురాలైన,correct
ముప్పలాయనుల,incorrect
బెదిరింపులు,correct
అతిథిలావస్థ,incorrect
ఫ్రాంకోయిస్,correct
రక్తాభీష్టం,incorrect
ప్రాంగణములో,correct
లక్ష్యాక్స్,incorrect
ఎమ్మెల్సీలు,correct
విపత్యంలోని,incorrect
ఇంగ్లాండుకు,correct
సృష్ట్రియన్,incorrect
యద్దనపూడిలో,correct
ఇంటింటినెజ్,incorrect
స్థానికీకరణ,correct
దేవరకద్రితో,incorrect
నిరుద్యోగిత,correct
ఆగష్టునుండి,incorrect
రాజ్యాంగంలో,correct
నిమిదష్టూర్,incorrect
ఆర్టిస్టులు,correct
అసంబదితులైన,incorrect
ఎడ్యుకేషనల్,correct
నగరాభిముఖుల,incorrect
ప్రారంభించి,correct
సుప్రసాదమనీ,incorrect
నైవేద్యాలను,correct
సౌలభ్యాంగుల,incorrect
అస్త్రాంతము,correct
సారంగల్లోకి,incorrect
సర్టిఫికెట్,correct
అభిప్రారంబం,incorrect
అభిప్రాయముల,correct
డెలివిక్రమణ,incorrect
సోమేశ్వరుడు,correct
సిగ్గువాళ్ళ,incorrect
విప్లవకారుల,correct
సర్వజనాదరము,incorrect
ప్రామాణీకరణ,correct
లోకెలానణిలో,incorrect
ప్రపంచాన్ని,correct
అక్షావోలోఫు,incorrect
సన్నిహితులు,correct
ఈనాటిస్తులు,incorrect
బుద్ధదేవుని,correct
రక్షిప్తంలో,incorrect
ప్రమాదానికి,correct
ఆక్రోనిడ్లు,incorrect
రామాయణాన్ని,correct
పరిధిలోక్యం,incorrect
వ్యక్తుల్లో,correct
సూడానీయులార,incorrect
యీనాకోరికను,correct
ప్రకారంచేడు,incorrect
ప్రయోగానికి,correct
జర్మన్నభారత,incorrect
కుటుంబాన్నీ,correct
ఆళ్వారావాణా,incorrect
సోమభూపాలుడి,correct
పరిస్సారెన్,incorrect
స్నాతకోత్తర,correct
భూములద్దును,incorrect
కలికిరిలోనూ,correct
భవసన్నబిరాల,incorrect
కాన్ఫరెన్స్,correct
చక్రాన్షిప్,incorrect
ప్రయాణీకులు,correct
అనధికార్యాది,incorrect
విస్తీర్ణంతో,correct
రజతోత్రాతితో,incorrect
డెమోక్రాటిక్,correct
ముహుర్పతీయను,incorrect
చాముండేశ్వరీ,correct
అసమర్పిల్లలు,incorrect
సహస్రాబ్దిలో,correct
సింధుసురుడనే,incorrect
పార్లమెంటుకు,correct
తేనెరిఫెక్ట్,incorrect
వాగ్గేయకారుల,correct
దానితనాన్షర్,incorrect
పార్లమెంట్లో,correct
దుబౌలర్లపూడి,incorrect
సంగ్రామానికి,correct
నగరాన్మియాకు,incorrect
వ్యక్తీకరణతో,correct
సౌనర్భుజాలాల,incorrect
మధుమేహవ్యాధి,correct
చందిగ్విస్తూ,incorrect
ప్రవేశద్వారం,correct
పొలాలకన్నులా,incorrect
సాన్నిహిత్యం,correct
జైననిశ్చంద్ర,incorrect
త్రవ్వకాల్లో,correct
పోస్ట్రికేయే,incorrect
స్థానికుల్లో,correct
స్టెట్రోపౌలా,incorrect
మునిసిపాలిటీ,correct
ఛహ్ద్లేరువలో,incorrect
పెట్టుబడులకు,correct
ఈక్విలూరికార,incorrect
పెట్టుబడులతో,correct
న్యూతకర్మలము,incorrect
వ్యాపారాన్ని,correct
మగవారుచానూరు,incorrect
పొంటిఫిషియల్,correct
మార్గవరాముఖ్య,incorrect
ఆఫీసుగ్రామంలో,correct
ముగ్గిరాలకాలం,incorrect
సంతగ్రామానికి,correct
ఫ్రెండతస్థుడు,incorrect
ఆస్ట్రేలియాలో,correct
హమావహయామితిని,incorrect
కోయంబత్తూరులో,correct
నువ్వెతాంబులు,incorrect
దక్షిణాసియాలో,correct
డిస్తీర్మాన్య,incorrect
ప్రాసిక్యూషన్,correct
చతుష్ఠుడున్నత,incorrect
సన్నివేశాన్ని,correct
వేలేబ్యాంశాలు,incorrect
పారిశుధ్యపథకం,correct
మ్రొక్షమాపణలు,incorrect
గుత్తాధిపత్యం,correct
వయస్కారాన్సుల,incorrect
ఆనందబాష్పాలతో,correct
కౌరవులపల్లిక్,incorrect
దక్షిణాదిలోని,correct
హక్కులందురోజు,incorrect
అభిప్రాయాన్ని,correct
పిక్స్పర్సెల్,incorrect
గ్రామస్తులంతా,correct
పెరొనిసిపల్లక,incorrect
ప్రొసీడింగ్స్,correct
భూవిజ్ఞాపకారము,incorrect
కొండప్రాంతాలలో,correct
చంపార్లమెంట్రీ,incorrect
దుకాణంగ్రామంలో,correct
అల్బేనిషణ్ణులై,incorrect
బ్యాంకువ్యవసాయ,correct
క్రావెల్డుంపాల,incorrect
కాలిఫోర్నియాలో,correct
సంబంధిపోటుకూరి,incorrect
ఫిరంగిపురంలోను,correct
