stimulus,correct_answer
свід,incorrect
танк,correct
звіл,incorrect
шовк,correct
дист,incorrect
окоп,correct
врах,incorrect
лука,correct
істо,incorrect
щука,correct
архія,incorrect
права,correct
дисер,incorrect
штука,correct
новок,incorrect
хутро,correct
мовоз,incorrect
обруч,correct
редук,incorrect
бетон,correct
тріот,incorrect
вовна,correct
непис,incorrect
лігво,correct
дивід,incorrect
шведа,correct
титут,incorrect
щабля,correct
порож,incorrect
медик,correct
закер,incorrect
наряд,correct
запер,incorrect
допит,correct
кодил,incorrect
аргон,correct
цвинт,incorrect
блиск,correct
спост,incorrect
еліта,correct
вимир,incorrect
вивіз,correct
редача,incorrect
диявол,correct
новище,incorrect
холера,correct
водець,incorrect
спокій,correct
жество,incorrect
жебрак,correct
форсук,incorrect
підрив,correct
профей,incorrect
розкоп,correct
поклас,incorrect
магній,correct
дитизм,incorrect
братія,correct
виключ,incorrect
вигода,correct
ініція,incorrect
латинь,correct
вископ,incorrect
віріон,correct
літург,incorrect
відвід,correct
навиця,incorrect
осіння,correct
телева,incorrect
ворожа,correct
вченик,incorrect
яблуко,correct
атомер,incorrect
відкат,correct
бережжя,incorrect
шляхтич,correct
побуток,incorrect
гребінь,correct
штрафія,incorrect
багатій,correct
пастота,incorrect
ремісія,correct
гігання,incorrect
ватажок,correct
реворож,incorrect
молоток,correct
повнова,incorrect
вирубка,correct
вчениця,incorrect
хитрощі,correct
хологія,incorrect
куточок,correct
синемія,incorrect
приязнь,correct
козапис,incorrect
поетика,correct
насилія,incorrect
насилля,correct
родовик,incorrect
індивід,correct
човення,incorrect
оглядач,correct
імпіада,incorrect
підмога,correct
кенотип,incorrect
пухівка,correct
помство,incorrect
похибка,correct
репрест,incorrect
магістр,correct
реалізо,incorrect
решітки,correct
голосся,incorrect
учениця,correct
поліття,incorrect
вогнище,correct
цитувач,incorrect
дисплея,correct
страцит,incorrect
палаццо,correct
самовик,incorrect
класика,correct
облікар,incorrect
безодня,correct
агломер,incorrect
флюорит,correct
кодушка,incorrect
забобон,correct
домісто,incorrect
бульвар,correct
домісія,incorrect
обшивка,correct
тероїня,incorrect
віддаль,correct
сонцерт,incorrect
злагода,correct
суднощі,incorrect
хоругва,correct
застота,incorrect
посадок,correct
практат,incorrect
триптих,correct
зенітет,incorrect
ліпнина,correct
реверть,incorrect
лазурит,correct
титуція,incorrect
слідчий,correct
мережжя,incorrect
тріщина,correct
маріння,incorrect
стежина,correct
скульба,incorrect
зеленка,correct
ширання,incorrect
сточище,correct
дільнот,incorrect
спіраль,correct
захвори,incorrect
чеснота,correct
устанда,incorrect
городка,correct
мембрія,incorrect
мігрант,correct
моменда,incorrect
майстра,correct
кодувач,incorrect
штейгер,correct
вартина,incorrect
підступ,correct
обстрія,incorrect
маркіза,correct
тендент,incorrect
нотатка,correct
кептиця,incorrect
мученик,correct
біженер,incorrect
суверен,correct
дрогрес,incorrect
добуток,correct
японент,incorrect
цукерка,correct
кінурія,incorrect
криївка,correct
евтанат,incorrect
агоніст,correct
владача,incorrect
апостол,correct
засідач,incorrect
акробат,correct
грудент,incorrect
рефлекс,correct
аристот,incorrect
стратег,correct
тодолар,incorrect
бурштин,correct
комерлий,incorrect
комерція,correct
цибулець,incorrect
цибулина,correct
колекула,incorrect
конфесія,correct
бізнення,incorrect
імунітет,correct
сертація,incorrect
гордість,correct
ритуація,incorrect
оточуючі,correct
пагорода,incorrect
мудрість,correct
фальство,incorrect
фіксація,correct
неандець,incorrect
коаліція,correct
основага,incorrect
щоденник,correct
стоятель,incorrect
княжіння,correct
заощадка,incorrect
зачистка,correct
пригадир,incorrect
обліпиха,correct
ревезень,incorrect
збочення,correct
молодязь,incorrect
секреція,correct
скликант,incorrect
зміщення,correct
відроцит,incorrect
примітка,correct
скультат,incorrect
одужання,correct
рекордон,incorrect
сенсація,correct
балантаж,incorrect
демонтаж,correct
воротьба,incorrect
картопля,correct
верситет,incorrect
зведення,correct
чисторія,incorrect
відеоігр,correct
інженець,incorrect
дівчинка,correct
емульчин,incorrect
емульсія,correct
березерв,incorrect
футболка,correct
сфалерея,incorrect
влучання,correct
патриціл,incorrect
творіння,correct
церемога,incorrect
резидент,correct
нерівник,incorrect
бруківка,correct
вимикант,incorrect
покажчик,correct
драматум,incorrect
супротив,correct
поліграш,incorrect
западина,correct
керівень,incorrect
складова,correct
приляція,incorrect
місячник,correct
інсульма,incorrect
комбінат,correct
стологія,incorrect
попутник,correct
середача,incorrect
черепиця,correct
страктер,incorrect
водообіг,correct
вантація,incorrect
лабіринт,correct
задовище,incorrect
осушення,correct
постатус,incorrect
принцеса,correct
молектар,incorrect
фанатизм,correct
чагарнір,incorrect
кочівник,correct
прополит,incorrect
змішання,correct
додернія,incorrect
пасічник,correct
стрикант,incorrect
видовище,correct
мереклад,incorrect
родопсин,correct
христиль,incorrect
середній,correct
читанець,incorrect
саксофон,correct
обривога,incorrect
камуфляж,correct
артраліт,incorrect
голкіпер,correct
столетар,incorrect
фільтрат,correct
самопізм,incorrect
самоскид,correct
глядання,incorrect
скринька,correct
інтрифон,incorrect
потилиця,correct
користуп,incorrect
імпортер,correct
зламація,incorrect
глушіння,correct
бісайдер,incorrect
урізання,correct
хеномент,incorrect
гвоздика,correct
катеріод,incorrect
домініон,correct
доступен,incorrect
кредитор,correct
імперіод,incorrect
хитрість,correct
молококо,incorrect
арештант,correct
палантаж,incorrect
ентропія,correct
череправ,incorrect
відносин,correct
фестицид,incorrect
ідеаліст,correct
перемонт,incorrect
електрик,correct
скутісто,incorrect
скупщина,correct
хворювач,incorrect
критерій,correct
липендія,incorrect
органела,correct
навідуал,incorrect
фрикціон,correct
викориця,incorrect
еллінізм,correct
користво,incorrect
присутні,correct
чисельня,incorrect
репортаж,correct
чужинник,incorrect
хтивість,correct
перечник,incorrect
кремація,correct
достолюд,incorrect
гротесок,correct
картовид,incorrect
композит,correct
голодязь,incorrect
покрівля,correct
посадиба,incorrect
дробовик,correct
компанзе,incorrect
нуклеоїд,correct
гнізація,incorrect
афганець,correct
школядач,incorrect
селекція,correct
заледення,incorrect
загасання,correct
подружина,incorrect
доведення,correct
уродження,incorrect
цитування,correct
спортація,incorrect
спортсмен,correct
заповнова,incorrect
хромосома,correct
капітафія,incorrect
торгівець,correct
дифтеріал,incorrect
кодування,correct
порівнова,incorrect
посилання,correct
результет,incorrect
бомбардир,correct
рівництво,incorrect
вимирання,correct
гістрація,incorrect
яловичина,correct
обливість,incorrect
прибічник,correct
реконання,incorrect
таємність,correct
цибулення,incorrect
репертуар,correct
матизація,incorrect
розмаїття,correct
стрибуток,incorrect
катування,correct
мезолюція,incorrect
осягнення,correct
груповага,incorrect
фільварок,correct
ветерапія,incorrect
сміливець,correct
ревматика,incorrect
теократія,correct
есмінення,incorrect
близнючка,correct
поглибина,incorrect
дорожнеча,correct
приємство,incorrect
вимкнення,correct
забезпека,incorrect
намагання,correct
різновина,incorrect
додавання,correct
подарство,incorrect
подвижник,correct
виокремль,incorrect
люфтваффе,correct
прилучень,incorrect
розсадник,correct
радарство,incorrect
картограф,correct
висновник,incorrect
регулятор,correct
компонець,incorrect
запитання,correct
фрескадра,incorrect
енцефаліт,correct
лихоманда,incorrect
бухгалтер,correct
катальйон,incorrect
симуляція,correct
архімання,incorrect
антипатія,correct
дезервуар,incorrect
плутанина,correct
конститут,incorrect
лісництво,correct
топонений,incorrect
милосердя,correct
різничник,incorrect
аріанство,correct
підповідь,incorrect
трудодень,correct
середноут,incorrect
неприязнь,correct
мобілітак,incorrect
нобілітет,correct
обертація,incorrect
молодість,correct
світлерія,incorrect
перемичка,correct
інтережжя,incorrect
фінансист,correct
виготовка,incorrect
бруцельоз,correct
різновище,incorrect
нанесення,correct
популярія,incorrect
вишиванка,correct
володомор,incorrect
перемикач,correct
сварообіг,incorrect
шовкопряд,correct
тетерапія,incorrect
тегування,correct
життєзвал,incorrect
умовляння,correct
ціаносець,incorrect
москвофіл,correct
розслідок,incorrect
вольність,correct
заснуваль,incorrect
засланець,correct
мистемоль,incorrect
складнощі,correct
годуванна,incorrect
рейнджерс,correct
серватива,incorrect
бурильник,correct
черепонат,incorrect
есесівець,correct
місторона,incorrect
протектор,correct
впевнення,incorrect
плюралізм,correct
самоідент,incorrect
місткість,correct
фестамент,incorrect
одержувач,correct
інтелігія,incorrect
невралгія,correct
апаратиск,incorrect
хіротонія,correct
десятниця,incorrect
хронограф,correct
евольство,incorrect
плантатор,correct
столітизм,incorrect
гребінець,correct
взаєморок,incorrect
пневмокок,correct
вистаниця,incorrect
стравохід,correct
колекулат,incorrect
виконувач,correct
середовик,incorrect
окислювач,correct
моджанець,incorrect
рефрактор,correct
столітина,incorrect
єврейство,correct
обставник,incorrect
монотеїзм,correct
кажаність,incorrect
туляремія,correct
перегатий,incorrect
термометр,correct
хворотьба,incorrect
вестибюль,correct
юристання,incorrect
телеграма,correct
закладова,incorrect
чарівниця,correct
чемпіонер,incorrect
феєрверка,correct
закоханин,incorrect
декабрист,correct
областина,incorrect
орнітолог,correct
командрит,incorrect
старатель,correct
змісторик,incorrect
надгробка,correct
бізнесила,incorrect
господиня,correct
особличчя,incorrect
попелюшка,correct
імператим,incorrect
очеревина,correct
факультат,incorrect
відеотека,correct
момосомол,incorrect
кондуктор,correct
есмінерал,incorrect
еритроцит,correct
націонерв,incorrect
навиворіт,correct
будівнина,incorrect
рудопрояв,correct
змісторія,incorrect
танцюрист,correct
адміність,incorrect
бандурист,correct
характива,incorrect
сорокопуд,correct
характика,incorrect
сталінізм,correct
віднянина,incorrect
припутень,correct
ячміньдан,incorrect
перістиль,correct
шафрагмент,incorrect
побоювання,correct
палеоліття,incorrect
веслування,correct
представка,incorrect
археологія,correct
камазохізм,incorrect
релаксація,correct
рестивість,incorrect
недоїдання,correct
бізнесіння,incorrect
міліціонер,correct
провізація,incorrect
відбирання,correct
посадовище,incorrect
заповнення,correct
енторанент,incorrect
підсилювач,correct
посередача,incorrect
поліграфія,correct
інфрастрон,incorrect
євангеліст,correct
релігенція,incorrect
утилізація,correct
реконосець,incorrect
замовляння,correct
менедження,incorrect
меліорація,correct
дизайняття,incorrect
абітурієнт,correct
розливість,incorrect
склеювання,correct
познавство,incorrect
барабанщик,correct
інтересень,incorrect
інтерферон,correct
заборатник,incorrect
накладання,correct
рефрагмент,incorrect
витиснення,correct
імпульство,incorrect
стажування,correct
вереслення,incorrect
перекриття,correct
страцівник,incorrect
непевність,correct
звинування,incorrect
змочування,correct
вишківство,incorrect
заряджання,correct
генераліст,incorrect
оповідачка,correct
аквартість,incorrect
цитоплазма,correct
узберезень,incorrect
оцінювання,correct
втратеріал,incorrect
взаємність,correct
залоземець,incorrect
наповнення,correct
ілюміність,incorrect
ілюмінатор,correct
попечиваль,incorrect
заростання,correct
горожнення,incorrect
реституція,correct
іноземелля,incorrect
обновлення,correct
провідація,incorrect
резервація,correct
теристання,incorrect
підпільник,correct
пораненник,incorrect
портретист,correct
вистановка,incorrect
потепління,correct
затрибуття,incorrect
космологія,correct
прикубація,incorrect
хоробрість,correct
володомога,incorrect
сприймання,correct
керівняння,incorrect
самозахист,correct
адвокалібр,incorrect
племінниця,correct
використуп,incorrect
ескадрилія,correct
відсотокол,incorrect
гардемарин,correct
боєприплив,incorrect
атрибутика,correct
справдання,incorrect
уславлення,correct
розминання,incorrect
матріархат,correct
прицілювач,incorrect
танцівниця,correct
істориство,incorrect
перепустка,correct
учасництво,incorrect
переймання,correct
гайдужіння,incorrect
поперечина,correct
корацівник,incorrect
успішність,correct
листоліття,incorrect
сподівання,correct
хреставник,incorrect
каталонець,correct
інфрастрок,incorrect
ліквідатор,correct
буклеосини,incorrect
аксіологія,correct
міністечко,incorrect
винуватець,correct
кандуристь,incorrect
презумпція,correct
діброватка,incorrect
пейсмейкер,correct
щомісторія,incorrect
нафтохімія,correct
журналітер,incorrect
автоматика,correct
освітитель,incorrect
сиротинець,correct
макроповіт,incorrect
понтифікат,correct
єдністечко,incorrect
карикатура,correct
єпискавала,incorrect
електроліз,correct
сепартилер,incorrect
зачинатель,correct
частивість,incorrect
піднебіння,correct
державство,incorrect
незаможник,correct
частивізія,incorrect
наркобарон,correct
факульптор,incorrect
курильниця,correct
райхскоміч,incorrect
підопічний,correct
океанімець,incorrect
благочестя,correct
доміоління,incorrect
зволікання,correct
двигунство,incorrect
гільйотина,correct
законосець,incorrect
мінімалізм,correct
техноломка,incorrect
маріонетка,correct
нагородище,incorrect
засновниця,correct
зіткненник,incorrect
євхаристія,correct
середакція,incorrect
прагматизм,correct
хресторона,incorrect
стоматолог,correct
закономіка,incorrect
пристрасть,correct
зустрільба,incorrect
протестант,correct
пакліматок,incorrect
довгоносик,correct
рівнитцтво,incorrect
скатертина,correct
песиміляція,incorrect
ствердження,correct
вторсткість,incorrect
самопочуття,correct
захворотьба,incorrect
забруднення,correct
інвергетика,incorrect
мінімізація,correct
викликанець,incorrect
полководець,correct
шматографія,incorrect
гніздування,correct
покласицизм,incorrect
департамент,correct
перемісниця,incorrect
передавання,correct
бестселення,incorrect
зруйнування,correct
участинення,incorrect
єпископство,correct
коопередача,incorrect
обговорення,correct
повідносини,incorrect
залізничник,correct
розплавство,incorrect
поліомієліт,correct
професіонер,incorrect
висвітлення,correct
присяжність,incorrect
розтягнення,correct
повідальник,incorrect
страхування,correct
загибельгія,incorrect
координація,correct
змінаціонат,incorrect
інтервенція,correct
матерігання,incorrect
презентація,correct
зачинництво,incorrect
дезінфекція,correct
альтернення,incorrect
свідомлення,correct
дискримітка,incorrect
контрибуція,correct
молекуляція,incorrect
обрядовість,correct
прористрата,incorrect
пропускання,correct
товаристика,incorrect
секретаріат,correct
похованістр,incorrect
банкрутство,correct
всесвітація,incorrect
письменство,correct
рекомунітет,incorrect
нестійкість,correct
проектуація,incorrect
обмороження,correct
комплексика,incorrect
запобігання,correct
бегемолокно,incorrect
усипальниця,correct
частиваліст,incorrect
городництво,correct
важливістка,incorrect
впевненість,correct
експедицина,incorrect
запалювання,correct
основополит,incorrect
викривлення,correct
характеріал,incorrect
галюцинація,correct
виснователь,incorrect
аргентинець,correct
десятиліндр,incorrect
амортизатор,correct
світалітина,incorrect
жандармерія,correct
уподоростан,incorrect
уразливість,correct
заповідобро,incorrect
відкладання,correct
психолоджія,incorrect
взаємовплив,correct
природоспад,incorrect
хуліганство,correct
хитрополова,incorrect
пригнічення,correct
безробництво,incorrect
стимулювання,correct
примірювання,incorrect
стабілізація,correct
табіринесень,incorrect
нормалізація,correct
розробництво,incorrect
маневрування,correct
продукціонат,incorrect
полковництво,correct
супроведінка,incorrect
регулярність,correct
інвестивість,incorrect
реформування,correct
катаструктор,incorrect
магнітосфера,correct
футболівство,incorrect
сигналізація,correct
самовничість,incorrect
благовіщення,correct
клонструмент,incorrect
дресирування,correct
радіатехізис,incorrect
переключення,correct
курганізація,incorrect
врегулювання,correct
школаборатор,incorrect
передбачення,correct
дивізіоність,incorrect
випромінення,correct
воскреслідок,incorrect
налагодження,correct
факультсерія,incorrect
перероблення,correct
териституція,incorrect
дорослішання,correct
литворенерал,incorrect
помилковість,correct
нарядкування,incorrect
унікальність,correct
коровадження,incorrect
геніальність,correct
фельдшерство,incorrect
телепередача,correct
журналізація,incorrect
актуальність,correct
досвідомісто,incorrect
фонтанування,correct
археологість,incorrect
фармакологія,correct
екранітність,incorrect
калібрування,correct
розповстанок,incorrect
актуалізація,correct
катеріалість,incorrect
однокласниця,correct
бісайдерство,incorrect
карфагенянин,correct
барактеритор,incorrect
закріпачення,correct
підсотоколір,incorrect
витонченість,correct
геліквіданок,incorrect
перекладачка,correct
виконкурення,incorrect
постраждалий,correct
вагомісторія,incorrect
інкапсуляція,correct
інстрацівник,incorrect
прицілювання,correct
хитроповість,incorrect
першопричина,correct
аерополчення,incorrect
фрезерування,correct
всесвідоцтво,incorrect
відмінювання,correct
взаємовідьма,incorrect
пропагандист,correct
аспектромета,incorrect
метрополітен,correct
применталіст,incorrect
можновладець,correct
результиплет,incorrect
фривольність,correct
династострів,incorrect
репрезентант,correct
старостограф,incorrect
ревакцинація,correct
демонструмент,incorrect
нейтралізація,correct
відставництво,incorrect
забрудненість,correct
синдропагання,incorrect
ціноутворення,correct
полководження,incorrect
випаровування,correct
громандування,incorrect
володарювання,correct
використавник,incorrect
спадкоємність,correct
торпедонесень,incorrect
зореутворення,correct
округовування,incorrect
впорядкування,correct
інтеграцівник,incorrect
консерваторія,correct
воломатизація,incorrect
самонаведення,correct
прапорудження,incorrect
розсудливість,correct
замовирішення,incorrect
координування,correct
інвестернення,incorrect
євангелізація,correct
гіпокалістика,incorrect
вузькоколійка,correct
тиберіганство,incorrect
неандерталець,correct
макроповнення,incorrect
поздоровлення,correct
автономірниця,incorrect
телефонізація,correct
карфаристанок,incorrect
первосвященик,correct
сценаристання,incorrect
кровохаркання,correct
медальністрат,incorrect
епідеміологія,correct
управознамент,incorrect
інакомислення,correct
промисельність,incorrect
кореспонденція,correct
компроможність,incorrect
теоретизування,correct
характериторія,incorrect
самоврядування,correct
грудентичність,incorrect
адміралтейство,correct
рабдомінювання,incorrect
дестабілізація,correct
романдрівняння,incorrect
рабовласництво,correct
прибутикування,incorrect
газопостачання,correct
відповідомісія,incorrect
вуглевидобуток,correct
чвертовариство,incorrect
ікономалярство,correct
гуманіпуляриза,incorrect
перейменування,correct
спеціаліститул,incorrect
диверсифікація,correct
митрополіцензія,incorrect
ракетобудування,correct
митроповноцінка,incorrect
неоднозначність,correct
береговорендант,incorrect
неупередженість,correct
зобразитрополяк,incorrect
непереносимість,correct
астрофільманщина,incorrect
інструментування,correct
аероповідношення,incorrect
дегоспіталізація,correct
чемпіональовщина,incorrect
водокористування,correct
кількіставництво,incorrect
вільновідпущеник,correct
відповідомісторія,incorrect
протоглобалізація,correct
характеріалізація,incorrect
взаємопроникнення,correct
русалкалорофілакс,incorrect
неблагонадійність,correct
розвільномірність,incorrect
непідготовленість,correct
курганізацікавлення,incorrect
конкурентоздатність,correct
результивалістикування,incorrect
інсулінорезистентність,correct
