stimulus,correct_answer
ở hồn,incorrect
thiều,correct
aplin,incorrect
ký ức,correct
km vu,incorrect
có vẻ,correct
pagal,incorrect
mương,correct
áp lệ,incorrect
ẩn dụ,correct
kourg,incorrect
sử ký,correct
ta hi,incorrect
vi mô,correct
gồm vi,incorrect
đe doạ,correct
một mỳ,incorrect
mặt hồ,correct
kỹ thu,incorrect
kỷ thứ,correct
âm họa,incorrect
ưu hóa,correct
chế kỉ,incorrect
thí dụ,correct
san hệ,incorrect
cửa sổ,correct
mục mỹ,incorrect
văn sĩ,correct
xúc đó,incorrect
học vị,correct
lộ khí,incorrect
cổ vật,correct
sám hộ,incorrect
dạ dày,correct
tài ta,incorrect
bàn gỡ,correct
tư bắc,incorrect
chi bộ,correct
thí số,incorrect
thiêng,correct
đốt sợ,incorrect
độc tố,correct
dân cô,incorrect
ăn thô,correct
vú thú,incorrect
de san,correct
cừu su,incorrect
hữu tư,correct
tại lẽ,incorrect
vua xứ,correct
lãnh tế,incorrect
sinh tế,correct
đội quả,incorrect
đội ngũ,correct
đối năm,incorrect
bắc cực,correct
sân tại,incorrect
hán hóa,correct
tây thủ,incorrect
tại nhà,correct
bầu cầu,incorrect
săn mồi,correct
quân tố,incorrect
quốc vụ,correct
dầu mùa,incorrect
đại hội,correct
linh số,incorrect
định số,correct
cảnh sĩ,incorrect
tâm trí,correct
chu vực,incorrect
sự tích,correct
ishimbo,incorrect
định kỳ,correct
đề nghệ,incorrect
vệ tinh,correct
lịch vệ,incorrect
bệnh lý,correct
bạn bạc,incorrect
sơ thảo,correct
bưu cầu,incorrect
lâu đài,correct
màu bèn,incorrect
các khí,correct
bùi đời,incorrect
bất cập,correct
áp luân,incorrect
bản đầu,correct
năng số,incorrect
vua đức,correct
bản thị,incorrect
một thể,correct
đặng bỏ,incorrect
kính vỡ,correct
đột bản,incorrect
đồi núi,correct
tài sói,incorrect
một tập,correct
anh thổ,incorrect
anh tin,correct
bản đảm,incorrect
cộng sự,correct
vị trấn,incorrect
tiền sử,correct
dị gian,incorrect
dư luận,correct
kangary,incorrect
no kuni,correct
làng ty,incorrect
đảng bộ,correct
cánh mã,incorrect
đồng cỏ,correct
thị trí,incorrect
hộ tống,correct
populos,incorrect
đổ quân,correct
biển độ,incorrect
vận tốc,correct
phu quả,incorrect
phù hợp,correct
bão đạo,incorrect
sơn màu,correct
tòa giả,incorrect
của cải,correct
mỹ nhằm,incorrect
đồ chơi,correct
hiện tử,incorrect
con tin,correct
một chủ,incorrect
hòa tan,correct
hệ điền,incorrect
nạp đạn,correct
joshere,incorrect
an táng,correct
đối phê,incorrect
lễ trao,correct
đan mới,incorrect
vật lực,correct
tỷ phấn,incorrect
cổ long,correct
bạn hợp,incorrect
báo lửa,correct
mạo kim,incorrect
sai sót,correct
ưu trúc,incorrect
quy tắc,correct
ngân số,incorrect
vi tính,correct
hôn ngữ,incorrect
bản sao,correct
ruột hộ,incorrect
xanh lá,correct
hoạn ít,incorrect
loài ốc,correct
trái độ,incorrect
quý phi,correct
quỷ sản,incorrect
thị lực,correct
thủ sri,incorrect
chủ đạo,correct
hợp phủ,incorrect
bất ngờ,correct
runbeis,incorrect
thám tử,correct
áp luật,incorrect
màn ảnh,correct
lữ quốc,incorrect
cứ quân,correct
the dạy,incorrect
châu mỹ,correct
ban ong,incorrect
địa nam,correct
con đói,incorrect
một lời,correct
ðức mạn,incorrect
bắc hàn,correct
tận chế,incorrect
mất mát,correct
chi phủ,incorrect
ban nha,correct
tàu ngó,incorrect
đầu thú,correct
vampion,incorrect
tu viện,correct
hlv anc,incorrect
đụng độ,correct
hớn hào,incorrect
cai trị,correct
com tàu,incorrect
tên gọi,correct
kinh vật,incorrect
vùng nam,correct
quân nay,incorrect
quân bắc,correct
danh mặt,incorrect
công lập,correct
cấu hiệu,incorrect
cảm hứng,correct
biệt hại,incorrect
độc tính,correct
phổ chức,incorrect
phổ biến,correct
tiền lực,incorrect
tiềm lực,correct
trung bờ,incorrect
trung mỹ,correct
tài sóng,incorrect
tuần lộc,correct
tây phép,incorrect
tân nhạc,correct
vùng đạo,incorrect
đồng môn,correct
tầm nhạc,incorrect
bãi biển,correct
điều khổ,incorrect
hình trụ,correct
hồng hóa,incorrect
nhân lúc,correct
sử lượng,incorrect
và lượng,correct
bắc kaká,incorrect
bệnh lây,correct
nước đây,incorrect
miền nam,correct
cốt trời,incorrect
mãn châu,correct
cộng lai,incorrect
cao trào,correct
vua york,incorrect
vua đinh,correct
đinh học,incorrect
chất béo,correct
sau bụng,incorrect
đất rừng,correct
sinh lạt,incorrect
hình cáp,correct
hình yêu,incorrect
sau cùng,correct
tập hạng,incorrect
đĩa vàng,correct
bắc kiểu,incorrect
hội thời,correct
cung đổi,incorrect
cánh hữu,correct
sáu khác,incorrect
sáu khẩu,correct
quần lời,incorrect
giải mtv,correct
điểm trí,incorrect
điểm đầu,correct
quả trúc,incorrect
thao tác,correct
công ném,incorrect
công năm,correct
biện đại,incorrect
hộp đựng,correct
nguồn mỹ,incorrect
ngoài bộ,correct
diệt nam,incorrect
hiệu ứng,correct
kinh dục,incorrect
cuộc bắn,correct
rối lược,incorrect
xâm lược,correct
tin nhảy,incorrect
bạn chơi,correct
tài loan,incorrect
biển đức,correct
lối chức,incorrect
mãn tính,correct
cộng đạo,incorrect
răng hàm,correct
dưới nam,incorrect
sách cầu,correct
thần mềm,incorrect
hài kịch,correct
thổ phim,incorrect
the last,correct
hỗn loại,incorrect
lợi dụng,correct
quốc thị,incorrect
nhân dịp,correct
máy viên,incorrect
một động,correct
tháp lực,incorrect
trầm cảm,correct
thiên sĩ,incorrect
nghĩa đế,correct
huy hiểm,incorrect
môn sinh,correct
xung hầm,incorrect
người ai,correct
đàm pháp,incorrect
vui chơi,correct
phan đầu,incorrect
giữ chức,correct
tình vực,incorrect
tông mới,correct
nàng đất,incorrect
lâm viên,correct
bệnh vật,incorrect
hậu quân,correct
đảo karl,incorrect
bàn chân,correct
vệ tiếng,incorrect
lối đánh,correct
hạt ngón,incorrect
hình nón,correct
độc quân,incorrect
sát nhân,correct
tổng tâm,incorrect
vương lý,correct
căn chúa,incorrect
cập nhật,correct
with thổ,incorrect
thời trẻ,correct
sắc đình,incorrect
bắc nước,correct
lãnh trị,incorrect
một khẩu,correct
danh già,incorrect
cách chỉ,correct
loài sản,incorrect
chủ động,correct
cảm giáp,incorrect
lập luận,correct
tùng lực,incorrect
tích lũy,correct
sẵn biển,incorrect
cửa kính,correct
tín nham,incorrect
vòng tay,correct
mãn chùa,incorrect
cựu thần,correct
ngoại sứ,incorrect
chính âm,correct
kinh thổ,incorrect
dương mỹ,correct
binh tín,incorrect
ban ngày,correct
bình thổ,incorrect
con tinh,correct
mặt mont,incorrect
dân làng,correct
tam golf,incorrect
tông sai,correct
tiểu cực,incorrect
giải cầu,correct
danh thổ,incorrect
đại bàng,correct
tiểu máy,incorrect
cân nặng,correct
điều còn,incorrect
hình con,correct
trộn màu,incorrect
thú cưng,correct
bắc king,incorrect
mặt hông,correct
giao trợ,incorrect
thành đế,correct
mốc tịch,incorrect
tàn binh,correct
khu khẩu,incorrect
phần lõi,correct
nhà khảm,incorrect
hôn phối,correct
vài thật,incorrect
trên sân,correct
động lâu,incorrect
tàu tiếp,correct
ấn giảng,incorrect
giao hợp,correct
con cano,incorrect
các hiệp,correct
liên gió,incorrect
dương tố,correct
tính tầm,incorrect
vua chúa,correct
chi nhái,incorrect
ống khói,correct
tuổi thế,incorrect
văn nghệ,correct
bài hạng,incorrect
vùng phụ,correct
khao kim,incorrect
phúc lợi,correct
hat your,incorrect
tố chính,correct
đá italy,incorrect
kỷ cương,correct
thung hà,incorrect
nhập đội,correct
bửu trúc,incorrect
đèn điện,correct
bảo hiểu,incorrect
kim lăng,correct
anak out,incorrect
giáp dày,correct
ani liệu,incorrect
kho sách,correct
điệp huy,incorrect
quân tấn,correct
phụng ẩm,incorrect
phân tâm,correct
của tiếp,incorrect
súng đạn,correct
cai pháp,incorrect
cải biến,correct
beth cao,incorrect
van gaal,correct
bức tính,incorrect
tiện ích,correct
hành phí,incorrect
đầu hàng,correct
đồng tùy,incorrect
địa pháp,correct
hiện phe,incorrect
quan trẻ,correct
hoàng hò,incorrect
chính họ,correct
đía dược,incorrect
nho giáo,correct
biên nhạc,incorrect
biên niên,correct
thời liệu,incorrect
thời cộng,correct
bệnh phận,incorrect
danh phận,correct
đông giới,incorrect
vùng miền,correct
đường kde,incorrect
xương đùi,correct
trường hồ,incorrect
chính thể,correct
lãnh điểm,incorrect
đối thoại,correct
vùng đoàn,incorrect
công cộng,correct
huyền hạn,incorrect
huyền học,correct
loài toán,incorrect
nhân cách,correct
nguồn ngữ,incorrect
nghĩa đen,correct
lúc dương,incorrect
đại vương,correct
hiện phim,incorrect
biển khơi,correct
vùng loạn,incorrect
công đánh,correct
tiền pháp,incorrect
kiểu dáng,correct
lương đốc,incorrect
duyên hải,correct
đường bảy,incorrect
nông trại,correct
tình dạng,incorrect
đồng bình,correct
chồng yêu,incorrect
thông khí,correct
tiết giáo,incorrect
và google,correct
bức triều,incorrect
bắc triều,correct
khuẩn mực,incorrect
khuôn mặt,correct
tông giới,incorrect
tông chạy,correct
nhân viêm,incorrect
triều kim,correct
thịt ngàn,incorrect
thao khối,correct
danh chức,incorrect
công nhận,correct
tổng sách,incorrect
vĩnh định,correct
quạt nhân,incorrect
thập quốc,correct
trận châu,incorrect
trần gian,correct
hoàng hới,incorrect
thành tên,correct
bất lượng,incorrect
tây xuyên,correct
năng lũng,incorrect
đại thắng,correct
việc quận,incorrect
việt kiều,correct
kinh viên,incorrect
đồng quan,correct
triệu lực,incorrect
trước đây,correct
tổng điệp,incorrect
bình minh,correct
mậu trắng,incorrect
đặng đình,correct
diễn việc,incorrect
trung tây,correct
quân đang,incorrect
quân địch,correct
đông thần,incorrect
bước nhảy,correct
triều dài,incorrect
trung học,correct
lĩnh viên,incorrect
cướp biển,correct
di trưởng,incorrect
độc quyền,correct
quốc giải,incorrect
giới quan,correct
tài serie,incorrect
đông kinh,correct
quách nay,incorrect
phiên tòa,correct
tình dáng,incorrect
vùng rừng,correct
nhân điền,incorrect
nhân mạng,correct
binh nghị,incorrect
cuộc diễu,correct
khuôn hóa,incorrect
thuốc lợi,correct
kế thưởng,incorrect
tuy nhiên,correct
như aidid,incorrect
minh miền,correct
phân viên,incorrect
phổ thông,correct
bằng cộng,incorrect
bước sóng,correct
ngôn ngựa,incorrect
thiết lập,correct
hiện tích,incorrect
hành hình,correct
tuổi gian,incorrect
hình luật,correct
khách thổ,incorrect
ngày nghỉ,correct
lãnh động,incorrect
vùng rộng,correct
tường đồi,incorrect
trang bìa,correct
loại gian,incorrect
loạn quân,correct
triệu ứng,incorrect
mỹ latinh,correct
giảng yên,incorrect
quyết tâm,correct
văn homon,incorrect
điều đáng,correct
giống hòa,incorrect
giống đực,correct
định chấp,incorrect
cuối ngày,correct
khung tay,incorrect
khuôn mẫu,correct
trầm nhạc,incorrect
điệp viên,correct
đặc nhiệt,incorrect
tác chiến,correct
trị nương,incorrect
thủ thành,correct
quốc khỏe,incorrect
chiếc cúp,correct
phía cạnh,incorrect
sự trưởng,correct
đào ngoại,incorrect
lượt trận,correct
chồng mại,incorrect
hàm nghĩa,correct
điển khâu,incorrect
quản thúc,correct
sản phòng,incorrect
cơ diesel,correct
khái bình,incorrect
phát ngôn,correct
tuyên tốc,incorrect
mâu thuẫn,correct
núi ngoài,incorrect
hán dương,correct
thảm hứng,incorrect
thỏa hiệp,correct
phức dạng,incorrect
quân lính,correct
biển lãng,incorrect
pháp chia,correct
hóa chung,incorrect
một phiên,correct
tiến trai,incorrect
một trang,correct
cộng việc,incorrect
toán quân,correct
mạn trang,incorrect
hoài nghi,correct
pháo đúng,incorrect
pháo sáng,correct
vùng ngón,incorrect
tiêu chảy,correct
nghề nghị,incorrect
thứ chính,correct
xúc phòng,incorrect
cao lương,correct
tội mitch,incorrect
bài giảng,correct
ngân hành,incorrect
ngựa mông,correct
đảo ravel,incorrect
bài quyền,correct
napollinn,incorrect
đường phố,correct
daft dùng,incorrect
thần sách,correct
nhật giáp,incorrect
chính tay,correct
trở thích,incorrect
thân binh,correct
tăng trào,incorrect
hình quân,correct
cơ địa vị,incorrect
hội chứng,correct
xã thưởng,incorrect
viện khoa,correct
bà americ,incorrect
chức danh,correct
phá muổng,incorrect
giác quan,correct
nhẹ rodia,incorrect
phòng thủ,correct
hồ văn lý,incorrect
giai điệu,correct
tù trường,incorrect
vương gia,correct
lhp verno,incorrect
một khoản,correct
square ef,incorrect
kinh phật,correct
trường lập,incorrect
trường lạc,correct
người tiết,incorrect
john adams,correct
chiều kiện,incorrect
khuôn viên,correct
bắc trường,incorrect
hội trường,correct
chương lợi,incorrect
trường cao,correct
thiết giáo,incorrect
thiếu niên,correct
anh thuyền,incorrect
ông thường,correct
chính kính,incorrect
thành đoàn,correct
sao midway,incorrect
tiểu đường,correct
ngôn ngành,incorrect
nguyên mẫu,correct
thực lượng,incorrect
thời lượng,correct
lịch hoạch,incorrect
đồng ruộng,correct
danh triều,incorrect
vùng ngoại,correct
tiểu luyện,incorrect
tiểu vương,correct
khoán hàng,incorrect
ngày tháng,correct
công nhiệm,incorrect
công chứng,correct
xung trình,incorrect
hành trạng,correct
ngày cương,incorrect
ngành công,correct
trung trào,incorrect
triều kiến,correct
chiều đình,incorrect
tuyệt vọng,correct
hội nghiệp,incorrect
vua george,correct
sa hoàn bộ,incorrect
trường đại,correct
trách mạng,incorrect
thanh hiệu,correct
quốc giảng,incorrect
nguyễn đức,correct
the gaulle,incorrect
ngạc nhiên,correct
pháo tháng,incorrect
pháp thuộc,correct
nghệ thống,incorrect
nhiều điểm,correct
quan tranh,incorrect
pháp chính,correct
hàng giống,incorrect
dòng giống,correct
miền thuật,incorrect
tuần dương,correct
kinh thống,incorrect
người tình,correct
phiên hiểm,incorrect
nghĩa liên,correct
công triển,incorrect
tiền triệu,correct
thuyền thú,incorrect
tham chiếu,correct
lâm văn hộ,incorrect
việc chiếm,correct
cô châu âu,incorrect
diêm vương,correct
người liệu,incorrect
người miêu,correct
chủng bang,incorrect
ngoại bang,correct
khí hậu ta,incorrect
thế kỷ xvi,correct
môn thưởng,incorrect
các truyện,correct
mãn chưởng,incorrect
mãnh tướng,correct
max marmon,incorrect
nhiệt điện,correct
du lịch sử,incorrect
sở văn hóa,correct
flatter of,incorrect
just dance,correct
phong chạy,incorrect
thời trước,correct
căn cao su,incorrect
hành khách,correct
chiều tiên,incorrect
điền trang,correct
westerdagh,incorrect
thuộc giáo,correct
thiếu chạy,incorrect
thanh châu,correct
châu á vôi,incorrect
biến chứng,correct
resharkozy,incorrect
tuyền châu,correct
lãnh thuật,incorrect
tỉnh thành,correct
chiến trai,incorrect
radar kiểu,correct
bầu cassia,incorrect
hồng y mẫn,correct
airey muối,incorrect
đá granite,correct
tần cơ đốc,incorrect
cuộc viếng,correct
phong nhạt,incorrect
trọng pháo,correct
sahari dần,incorrect
chống nhật,correct
khuynh tựu,incorrect
nghị quyết,correct
tịnh nghĩa,incorrect
tỉnh trung,correct
chancehall,incorrect
thân vương,correct
bệnh wqxga,incorrect
công nương,correct
kyoju danh,incorrect
stoke city,correct
sản lý hối,incorrect
quanh trục,correct
flacalería,incorrect
bành thành,correct
swift thân,incorrect
tường tiết,correct
nguyên trị,incorrect
ngoại hạng,correct
vàông bằng,incorrect
thừa tướng,correct
tình taegu,incorrect
hương cảng,correct
chi riends,incorrect
viên tướng,correct
up isolaro,incorrect
dung lượng,correct
hà chức sĩ,incorrect
thiền định,correct
hợp sẵn từ,incorrect
tây phương,correct
tự mình tế,incorrect
trương phi,correct
mão ramasa,incorrect
chức trách,correct
kojima cho,incorrect
thừa thiên,correct
con châu âu,incorrect
địa châu âu,correct
truyền tuổi,incorrect
thương tích,correct
trịnh hoạch,incorrect
nhiều hướng,correct
khách hoạch,incorrect
thiên vương,correct
an ngày nay,incorrect
binh nghiệp,correct
áo chí minh,incorrect
hiệu trưởng,correct
phương kích,incorrect
chiến tuyến,correct
dự luật lâu,incorrect
xe bọc thép,correct
đồ uống tâm,incorrect
cuối thế kỉ,correct
ưu thiết kế,incorrect
biển aegean,correct
trước ngoài,incorrect
nghĩa dương,correct
xâm lý châu,incorrect
music group,correct
chương hits,incorrect
thuyền chài,correct
bản đối thủ,incorrect
học glasgow,correct
đất đan mạc,incorrect
vùng balkan,correct
puerto cape,incorrect
puerto rico,correct
mạc kịch sử,incorrect
nền văn hóa,correct
tạ tội dung,incorrect
begin again,correct
nội do mệnh,incorrect
lê thị hồng,correct
mà gladimir,incorrect
đá thế giới,correct
ông trực tế,incorrect
quan trường,correct
hàn quân sĩ,incorrect
đức quốc xã,correct
mặt đốt lõm,incorrect
một di tích,correct
phương điệp,incorrect
thanh thiếu,correct
phổ quốc độ,incorrect
chí rolling,correct
lạc kịch sử,incorrect
chiết giang,correct
la ferdinos,incorrect
mối quan hệ,correct
kiểu bastic,incorrect
thuyền rộng,correct
đệ nhất dây,incorrect
spice girls,correct
quy hiểu số,incorrect
khuyết điểm,correct
dows sevelt,incorrect
huyết thanh,correct
chương phạm,incorrect
tình nguyện,correct
yếu tống bố,incorrect
thuộc giang,correct
công hy lạp,incorrect
nghị thượng,correct
sở thích cơ,incorrect
là con trai,correct
corset chất,incorrect
trang thiết,correct
xu hướng đá,incorrect
trọng trách,correct
bất công tá,incorrect
biển manche,correct
vài tập thồ,incorrect
người thích,correct
bên hăng lẽ,incorrect
vị giám mục,correct
sản lý thuật,incorrect
bắc carolina,correct
julius drive,incorrect
chiến thuyền,correct
một kính phố,incorrect
một kịch bản,correct
biên trị trí,incorrect
động lực học,correct
các thăng lộ,incorrect
biển đông là,correct
ý nghiệp lam,incorrect
thời đại mới,correct
kiến binh ta,incorrect
biên niên sử,correct
nhật giáo lý,incorrect
trường chinh,correct
tác động đốc,incorrect
tại quốc hội,correct
củ cảnh sách,incorrect
barack obama,correct
sau thuật lệ,incorrect
khu trục hạm,correct
sáu ngầm đồi,incorrect
tờ khai thuế,correct
sky dorayana,incorrect
vòng bán kết,correct
bối chơn nay,incorrect
tổng tư lệnh,correct
khuôn văn từ,incorrect
trường giang,correct
mikel lifton,incorrect
thánh george,correct
ngạc phủ nhà,incorrect
như tàu canh,correct
bồn nhạc hại,incorrect
của quốc hội,correct
sắc địa chơi,incorrect
tại hội nghị,correct
bộ trung đạo,incorrect
người trưởng,correct
sự ngạn lịch,incorrect
khối đa diện,correct
gia clopedig,incorrect
chuyên quyền,correct
sylvaniasław,incorrect
trương huyền,correct
ll benfields,incorrect
triệu dollar,correct
ven bostones,incorrect
học quốc gia,correct
tề linh cưới,incorrect
ngư lôi ngầm,correct
tích báo chí,incorrect
chữ quốc ngữ,correct
cựu tổng biển,incorrect
vườn quốc gia,correct
sản xuyên bay,incorrect
mặt lý thuyết,correct
hữu tượng khí,incorrect
bản danh sách,correct
kỹ thuộc cách,incorrect
một lý thuyết,correct
quan đầu ngại,incorrect
thời gian đầu,correct
axit amygdale,incorrect
huy lực lượng,correct
trải nghĩa đế,incorrect
thương thuyết,correct
cửa hầu tượng,incorrect
tại australia,correct
quân loài hát,incorrect
chuyển nhượng,correct
nhất lưu lược,incorrect
nguyễn phương,correct
công an crone,incorrect
điều trị bệnh,correct
vũ xuyên giới,incorrect
lễ thời trang,correct
thẩm phủ văng,incorrect
diễn viên nhí,correct
hỗ trống ngụy,incorrect
new hampshire,correct
ngựa tullivan,incorrect
hoàng văn thụ,correct
nhân đoàn đêm,incorrect
hội chủ nghĩa,correct
kiến dịch lẫn,incorrect
khuếch trương,correct
pyuni ottorii,incorrect
đầu billboard,correct
văn kiểm thanh,incorrect
nạn giao thông,correct
tình hiệu euro,incorrect
các cường quốc,correct
of spruance qf,incorrect
sự tuyệt chủng,correct
tập phương tâm,incorrect
north american,correct
đặc quanh ngăn,incorrect
espiritu santo,correct
ngựa nucleomen,incorrect
phó tổng thống,correct
văn thế vận tố,incorrect
vùng duyên hải,correct
hạch chấp hiệp,incorrect
mục đích chính,correct
đó hà annesota,incorrect
trí quan trọng,correct
hạm nghiệp đọc,incorrect
thời gian ngắn,correct
bắc cichlorida,incorrect
tổng thanh tra,correct
bộ rowitz diễn,incorrect
sự nghiệp solo,correct
bước ngoại gian,incorrect
đài truyền hình,correct
dân callada can,incorrect
bản tường trình,correct
diễn avaland để,incorrect
biển triều tiên,correct
ghi shiracusack,incorrect
người tiêu dùng,correct
ngày mặc dù apps,incorrect
phổ thông chuyên,correct
los salazarenbach,incorrect
á thái bình dương,correct
vì phục hiệu euro,incorrect
cristiano ronaldo,correct
địa pháp july sau,incorrect
ánh nắng mặt trời,correct
vũ khích quyết kế,incorrect
chu nguyên chương,correct
