id,creation_time,property1,property2,property3,property4,property5,details,psynet_version,deployment_id,deposited,inherited,inherited_from,module_id,local_key,key_within_module,key_within_experiment,export_path,is_global,parent,module_state_id,participant_id,trial_id,node_id,network_id,description,personal,content_id,host_path,url,is_folder,data_type,extension,storage,node_definition,type,vars,input_path,obfuscate,md5_contents,size_mb,deposit_time_sec,used_cache,secret,function,arguments,computation_time_sec,s3_bucket,s3_key
1,2025-10-29 23:35:49.703836,,,,,,{},12.1.0a0,signal-space-experiment__mode=debug__launch=2025-10-29--23-35-49,t,f,,color_blindness_test,image,nodes/node_1__image,color_blindness_test/nodes/node_1__image,color_blindness_test/nodes/node_1__image.jpg,,"{""py/object"": ""psynet.trial.Node"", ""identifiers"": {""id"": 1}}",,,,1,1,,f,https://s3.amazonaws.com/ishihara-eye-test/jpg/ishihara-1.jpg,,https://s3.amazonaws.com/ishihara-eye-test/jpg/ishihara-1.jpg,f,,.jpg,"{""py/object"": ""psynet.asset.WebStorage""}","{""label"": ""1"", ""correct_answer"": ""12""}",psynet.asset.ExternalAsset,{},,,,,,,,,,,,
2,2025-10-29 23:35:49.703854,,,,,,{},12.1.0a0,signal-space-experiment__mode=debug__launch=2025-10-29--23-35-49,t,f,,color_blindness_test,image,nodes/node_2__image,color_blindness_test/nodes/node_2__image,color_blindness_test/nodes/node_2__image.jpg,,"{""py/object"": ""psynet.trial.Node"", ""identifiers"": {""id"": 2}}",,,,2,2,,f,https://s3.amazonaws.com/ishihara-eye-test/jpg/ishihara-2.jpg,,https://s3.amazonaws.com/ishihara-eye-test/jpg/ishihara-2.jpg,f,,.jpg,"{""py/object"": ""psynet.asset.WebStorage""}","{""label"": ""2"", ""correct_answer"": ""8""}",psynet.asset.ExternalAsset,{},,,,,,,,,,,,
3,2025-10-29 23:35:49.703856,,,,,,{},12.1.0a0,signal-space-experiment__mode=debug__launch=2025-10-29--23-35-49,t,f,,color_blindness_test,image,nodes/node_3__image,color_blindness_test/nodes/node_3__image,color_blindness_test/nodes/node_3__image.jpg,,"{""py/object"": ""psynet.trial.Node"", ""identifiers"": {""id"": 3}}",,,,3,3,,f,https://s3.amazonaws.com/ishihara-eye-test/jpg/ishihara-3.jpg,,https://s3.amazonaws.com/ishihara-eye-test/jpg/ishihara-3.jpg,f,,.jpg,"{""py/object"": ""psynet.asset.WebStorage""}","{""label"": ""3"", ""correct_answer"": ""29""}",psynet.asset.ExternalAsset,{},,,,,,,,,,,,
4,2025-10-29 23:35:49.703858,,,,,,{},12.1.0a0,signal-space-experiment__mode=debug__launch=2025-10-29--23-35-49,t,f,,color_blindness_test,image,nodes/node_4__image,color_blindness_test/nodes/node_4__image,color_blindness_test/nodes/node_4__image.jpg,,"{""py/object"": ""psynet.trial.Node"", ""identifiers"": {""id"": 4}}",,,,4,4,,f,https://s3.amazonaws.com/ishihara-eye-test/jpg/ishihara-4.jpg,,https://s3.amazonaws.com/ishihara-eye-test/jpg/ishihara-4.jpg,f,,.jpg,"{""py/object"": ""psynet.asset.WebStorage""}","{""label"": ""4"", ""correct_answer"": ""5""}",psynet.asset.ExternalAsset,{},,,,,,,,,,,,
5,2025-10-29 23:35:49.70386,,,,,,{},12.1.0a0,signal-space-experiment__mode=debug__launch=2025-10-29--23-35-49,t,f,,color_blindness_test,image,nodes/node_5__image,color_blindness_test/nodes/node_5__image,color_blindness_test/nodes/node_5__image.jpg,,"{""py/object"": ""psynet.trial.Node"", ""identifiers"": {""id"": 5}}",,,,5,5,,f,https://s3.amazonaws.com/ishihara-eye-test/jpg/ishihara-5.jpg,,https://s3.amazonaws.com/ishihara-eye-test/jpg/ishihara-5.jpg,f,,.jpg,"{""py/object"": ""psynet.asset.WebStorage""}","{""label"": ""5"", ""correct_answer"": ""3""}",psynet.asset.ExternalAsset,{},,,,,,,,,,,,
6,2025-10-29 23:35:49.703862,,,,,,{},12.1.0a0,signal-space-experiment__mode=debug__launch=2025-10-29--23-35-49,t,f,,color_blindness_test,image,nodes/node_6__image,color_blindness_test/nodes/node_6__image,color_blindness_test/nodes/node_6__image.jpg,,"{""py/object"": ""psynet.trial.Node"", ""identifiers"": {""id"": 6}}",,,,6,6,,f,https://s3.amazonaws.com/ishihara-eye-test/jpg/ishihara-6.jpg,,https://s3.amazonaws.com/ishihara-eye-test/jpg/ishihara-6.jpg,f,,.jpg,"{""py/object"": ""psynet.asset.WebStorage""}","{""label"": ""6"", ""correct_answer"": ""15""}",psynet.asset.ExternalAsset,{},,,,,,,,,,,,
7,2025-10-29 23:35:49.765679,,,,,,{},12.1.0a0,signal-space-experiment__mode=debug__launch=2025-10-29--23-35-49,t,f,,audio_forced_choice_test,stimulus,nodes/node_7__stimulus,audio_forced_choice_test/nodes/node_7__stimulus,audio_forced_choice_test/nodes/node_7__stimulus.wav,,"{""py/object"": ""psynet.trial.Node"", ""identifiers"": {""id"": 7}}",,,,7,7,,f,https://static-audio-demo-stimuli.s3.us-east-1.amazonaws.com/audio_forced_choice_test/dog.wav,,https://static-audio-demo-stimuli.s3.us-east-1.amazonaws.com/audio_forced_choice_test/dog.wav,f,,.wav,"{""py/object"": ""psynet.asset.WebStorage""}","{""url"": ""https://static-audio-demo-stimuli.s3.us-east-1.amazonaws.com/audio_forced_choice_test/dog.wav"", ""answer"": ""dog"", ""answer_options"": [""cat"", ""dog"", ""bird""], ""question"": ""Select the category which fits best to the played sound file.""}",psynet.asset.ExternalAsset,{},,,,,,,,,,,,
8,2025-10-29 23:35:49.765686,,,,,,{},12.1.0a0,signal-space-experiment__mode=debug__launch=2025-10-29--23-35-49,t,f,,audio_forced_choice_test,stimulus,nodes/node_8__stimulus,audio_forced_choice_test/nodes/node_8__stimulus,audio_forced_choice_test/nodes/node_8__stimulus.wav,,"{""py/object"": ""psynet.trial.Node"", ""identifiers"": {""id"": 8}}",,,,8,8,,f,https://static-audio-demo-stimuli.s3.us-east-1.amazonaws.com/audio_forced_choice_test/bird.wav,,https://static-audio-demo-stimuli.s3.us-east-1.amazonaws.com/audio_forced_choice_test/bird.wav,f,,.wav,"{""py/object"": ""psynet.asset.WebStorage""}","{""url"": ""https://static-audio-demo-stimuli.s3.us-east-1.amazonaws.com/audio_forced_choice_test/bird.wav"", ""answer"": ""bird"", ""answer_options"": [""cat"", ""dog"", ""bird""], ""question"": ""Select the category which fits best to the played sound file.""}",psynet.asset.ExternalAsset,{},,,,,,,,,,,,
9,2025-10-29 23:35:49.765687,,,,,,{},12.1.0a0,signal-space-experiment__mode=debug__launch=2025-10-29--23-35-49,t,f,,audio_forced_choice_test,stimulus,nodes/node_9__stimulus,audio_forced_choice_test/nodes/node_9__stimulus,audio_forced_choice_test/nodes/node_9__stimulus.wav,,"{""py/object"": ""psynet.trial.Node"", ""identifiers"": {""id"": 9}}",,,,9,9,,f,https://static-audio-demo-stimuli.s3.us-east-1.amazonaws.com/audio_forced_choice_test/dog.wav,,https://static-audio-demo-stimuli.s3.us-east-1.amazonaws.com/audio_forced_choice_test/dog.wav,f,,.wav,"{""py/object"": ""psynet.asset.WebStorage""}","{""url"": ""https://static-audio-demo-stimuli.s3.us-east-1.amazonaws.com/audio_forced_choice_test/dog.wav"", ""answer"": ""dog"", ""answer_options"": [""cat"", ""dog"", ""bird""], ""question"": ""Select the category which fits best to the played sound file.""}",psynet.asset.ExternalAsset,{},,,,,,,,,,,,
