creation_time,property1,property2,property3,property4,property5,details,local_key,node_id,asset_id,type,vars
2025-10-29 23:35:49.73675,,,,,,{},image,1,1,psynet.asset.AssetNode,{}
2025-10-29 23:35:49.736756,,,,,,{},image,2,2,psynet.asset.AssetNode,{}
2025-10-29 23:35:49.736758,,,,,,{},image,3,3,psynet.asset.AssetNode,{}
2025-10-29 23:35:49.73676,,,,,,{},image,4,4,psynet.asset.AssetNode,{}
2025-10-29 23:35:49.736761,,,,,,{},image,5,5,psynet.asset.AssetNode,{}
2025-10-29 23:35:49.736763,,,,,,{},image,6,6,psynet.asset.AssetNode,{}
2025-10-29 23:35:49.76898,,,,,,{},stimulus,7,7,psynet.asset.AssetNode,{}
2025-10-29 23:35:49.768982,,,,,,{},stimulus,8,8,psynet.asset.AssetNode,{}
2025-10-29 23:35:49.768984,,,,,,{},stimulus,9,9,psynet.asset.AssetNode,{}
