creation_time,property1,property2,property3,property4,property5,details,local_key,node_id,asset_id,type,vars
2025-09-25 20:02:42.156946,,,,,,{},image,1,1,psynet.asset.AssetNode,{}
2025-09-25 20:02:42.156952,,,,,,{},image,2,2,psynet.asset.AssetNode,{}
2025-09-25 20:02:42.156954,,,,,,{},image,3,3,psynet.asset.AssetNode,{}
2025-09-25 20:02:42.156955,,,,,,{},image,4,4,psynet.asset.AssetNode,{}
2025-09-25 20:02:42.156957,,,,,,{},image,5,5,psynet.asset.AssetNode,{}
2025-09-25 20:02:42.156958,,,,,,{},image,6,6,psynet.asset.AssetNode,{}
2025-09-25 20:02:42.166929,,,,,,{},stimulus,7,7,psynet.asset.AssetNode,{}
2025-09-25 20:02:42.166933,,,,,,{},stimulus,8,8,psynet.asset.AssetNode,{}
2025-09-25 20:02:42.166935,,,,,,{},stimulus,9,9,psynet.asset.AssetNode,{}
