creation_time,property1,property2,property3,property4,property5,details,local_key,node_id,asset_id,type,vars
2025-09-30 16:25:12.533497,,,,,,{},image,1,1,psynet.asset.AssetNode,{}
2025-09-30 16:25:12.533503,,,,,,{},image,2,2,psynet.asset.AssetNode,{}
2025-09-30 16:25:12.533505,,,,,,{},image,3,3,psynet.asset.AssetNode,{}
2025-09-30 16:25:12.533506,,,,,,{},image,4,4,psynet.asset.AssetNode,{}
2025-09-30 16:25:12.533507,,,,,,{},image,5,5,psynet.asset.AssetNode,{}
2025-09-30 16:25:12.533508,,,,,,{},image,6,6,psynet.asset.AssetNode,{}
2025-09-30 16:25:12.543458,,,,,,{},stimulus,7,7,psynet.asset.AssetNode,{}
2025-09-30 16:25:12.543461,,,,,,{},stimulus,8,8,psynet.asset.AssetNode,{}
2025-09-30 16:25:12.543463,,,,,,{},stimulus,9,9,psynet.asset.AssetNode,{}
