creation_time,property1,property2,property3,property4,property5,details,local_key,node_id,asset_id,type,vars
2025-09-30 20:14:50.07494,,,,,,{},image,1,1,psynet.asset.AssetNode,{}
2025-09-30 20:14:50.074944,,,,,,{},image,2,2,psynet.asset.AssetNode,{}
2025-09-30 20:14:50.074946,,,,,,{},image,3,3,psynet.asset.AssetNode,{}
2025-09-30 20:14:50.074947,,,,,,{},image,4,4,psynet.asset.AssetNode,{}
2025-09-30 20:14:50.074949,,,,,,{},image,5,5,psynet.asset.AssetNode,{}
2025-09-30 20:14:50.074951,,,,,,{},image,6,6,psynet.asset.AssetNode,{}
2025-09-30 20:14:50.083538,,,,,,{},stimulus,7,7,psynet.asset.AssetNode,{}
2025-09-30 20:14:50.083541,,,,,,{},stimulus,8,8,psynet.asset.AssetNode,{}
2025-09-30 20:14:50.083542,,,,,,{},stimulus,9,9,psynet.asset.AssetNode,{}
