id,creation_time,property1,property2,property3,property4,property5,failed,failed_reason,time_of_death,details,type,max_size,full,role,trial_maker_id,module_id,target_n_trials,participant_group,sync_group_type,sync_group_id,participant_id,async_post_grow_network_required,async_post_grow_network_requested,async_post_grow_network_complete,async_post_grow_network_failed,id_within_participant,vars,chain_type,head_id,trials_per_node,definition,context,block
1,2025-10-27 20:13:32.060596,,,,,,f,,,{},psynet.trial.static.StaticNetwork,1,f,default,sigspace_trial,sigspace_trial,1000000,default,sig_space_groups,,,f,f,f,f,,{},across,1,1000000,{},,communication_4_hihat+snare+kick
2,2025-10-27 20:13:32.060603,,,,,,f,,,{},psynet.trial.static.StaticNetwork,1,f,default,sigspace_trial,sigspace_trial,1000000,default,sig_space_groups,,,f,f,f,f,,{},across,2,1000000,{},,communication_4_hihat+snare+kick
3,2025-10-27 20:13:32.060607,,,,,,f,,,{},psynet.trial.static.StaticNetwork,1,f,default,sigspace_trial,sigspace_trial,1000000,default,sig_space_groups,,,f,f,f,f,,{},across,3,1000000,{},,communication_4_hihat+snare+kick
4,2025-10-27 20:13:32.060609,,,,,,f,,,{},psynet.trial.static.StaticNetwork,1,f,default,sigspace_trial,sigspace_trial,1000000,default,sig_space_groups,,,f,f,f,f,,{},across,4,1000000,{},,communication_4_hihat+snare+kick
5,2025-10-27 20:13:32.06061,,,,,,f,,,{},psynet.trial.static.StaticNetwork,1,f,default,sigspace_trial,sigspace_trial,1000000,default,sig_space_groups,,,f,f,f,f,,{},across,5,1000000,{},,communication_4_hihat+snare+kick
6,2025-10-27 20:13:32.060612,,,,,,f,,,{},psynet.trial.static.StaticNetwork,1,f,default,sigspace_trial,sigspace_trial,1000000,default,sig_space_groups,,,f,f,f,f,,{},across,6,1000000,{},,communication_4_hihat+snare+kick
7,2025-10-27 20:13:32.060613,,,,,,f,,,{},psynet.trial.static.StaticNetwork,1,f,default,sigspace_trial,sigspace_trial,1000000,default,sig_space_groups,,,f,f,f,f,,{},across,7,1000000,{},,communication_4_hihat+snare+kick
8,2025-10-27 20:13:32.060616,,,,,,f,,,{},psynet.trial.static.StaticNetwork,1,f,default,sigspace_trial,sigspace_trial,1000000,default,sig_space_groups,,,f,f,f,f,,{},across,8,1000000,{},,communication_4_hihat+snare+kick
9,2025-10-27 20:13:32.060617,,,,,,f,,,{},psynet.trial.static.StaticNetwork,1,f,default,sigspace_trial,sigspace_trial,1000000,default,sig_space_groups,,,f,f,f,f,,{},across,9,1000000,{},,communication_4_hihat+snare+kick
