id,creation_time,property1,property2,property3,property4,property5,failed,failed_reason,time_of_death,details,type,max_size,full,role,trial_maker_id,module_id,target_n_trials,participant_group,sync_group_type,sync_group_id,participant_id,async_post_grow_network_required,async_post_grow_network_requested,async_post_grow_network_complete,async_post_grow_network_failed,id_within_participant,vars,chain_type,head_id,trials_per_node,definition,context,block
1,2025-10-29 20:48:13.20673,,,,,,f,,,{},psynet.trial.static.StaticNetwork,1,f,default,colors,colors,1000000,default,,,,f,f,f,f,,{},across,1,1000000,{},,communication_4_snare+kick
2,2025-10-29 20:48:13.206735,,,,,,f,,,{},psynet.trial.static.StaticNetwork,1,f,default,colors,colors,1000000,default,,,,f,f,f,f,,{},across,2,1000000,{},,communication_4_hihat+snare+kick
3,2025-10-29 20:48:13.206738,,,,,,f,,,{},psynet.trial.static.StaticNetwork,1,f,default,colors,colors,1000000,default,,,,f,f,f,f,,{},across,3,1000000,{},,communication_8_snare+kick
4,2025-10-29 20:48:13.20674,,,,,,f,,,{},psynet.trial.static.StaticNetwork,1,f,default,colors,colors,1000000,default,,,,f,f,f,f,,{},across,4,1000000,{},,communication_8_hihat+snare+kick
5,2025-10-29 20:48:13.206741,,,,,,f,,,{},psynet.trial.static.StaticNetwork,1,f,default,colors,colors,1000000,default,,,,f,f,f,f,,{},across,5,1000000,{},,music_4_snare+kick
6,2025-10-29 20:48:13.206743,,,,,,f,,,{},psynet.trial.static.StaticNetwork,1,f,default,colors,colors,1000000,default,,,,f,f,f,f,,{},across,6,1000000,{},,music_4_hihat+snare+kick
7,2025-10-29 20:48:13.206744,,,,,,f,,,{},psynet.trial.static.StaticNetwork,1,f,default,colors,colors,1000000,default,,,,f,f,f,f,,{},across,7,1000000,{},,music_8_snare+kick
8,2025-10-29 20:48:13.206747,,,,,,f,,,{},psynet.trial.static.StaticNetwork,1,f,default,colors,colors,1000000,default,,,,f,f,f,f,,{},across,8,1000000,{},,music_8_hihat+snare+kick
9,2025-10-29 20:48:13.206748,,,,,,f,,,{},psynet.trial.static.StaticNetwork,1,f,default,colors,colors,1000000,default,,,,f,f,f,f,,{},across,9,1000000,{},,communication_4_snare+kick
10,2025-10-29 20:48:13.206749,,,,,,f,,,{},psynet.trial.static.StaticNetwork,1,f,default,colors,colors,1000000,default,,,,f,f,f,f,,{},across,10,1000000,{},,communication_4_hihat+snare+kick
11,2025-10-29 20:48:13.20675,,,,,,f,,,{},psynet.trial.static.StaticNetwork,1,f,default,colors,colors,1000000,default,,,,f,f,f,f,,{},across,11,1000000,{},,communication_8_snare+kick
12,2025-10-29 20:48:13.206752,,,,,,f,,,{},psynet.trial.static.StaticNetwork,1,f,default,colors,colors,1000000,default,,,,f,f,f,f,,{},across,12,1000000,{},,communication_8_hihat+snare+kick
13,2025-10-29 20:48:13.206753,,,,,,f,,,{},psynet.trial.static.StaticNetwork,1,f,default,colors,colors,1000000,default,,,,f,f,f,f,,{},across,13,1000000,{},,music_4_snare+kick
14,2025-10-29 20:48:13.206754,,,,,,f,,,{},psynet.trial.static.StaticNetwork,1,f,default,colors,colors,1000000,default,,,,f,f,f,f,,{},across,14,1000000,{},,music_4_hihat+snare+kick
15,2025-10-29 20:48:13.206756,,,,,,f,,,{},psynet.trial.static.StaticNetwork,1,f,default,colors,colors,1000000,default,,,,f,f,f,f,,{},across,15,1000000,{},,music_8_snare+kick
16,2025-10-29 20:48:13.206757,,,,,,f,,,{},psynet.trial.static.StaticNetwork,1,f,default,colors,colors,1000000,default,,,,f,f,f,f,,{},across,16,1000000,{},,music_8_hihat+snare+kick
17,2025-10-29 20:48:13.206758,,,,,,f,,,{},psynet.trial.static.StaticNetwork,1,f,default,colors,colors,1000000,default,,,,f,f,f,f,,{},across,17,1000000,{},,communication_4_snare+kick
18,2025-10-29 20:48:13.206759,,,,,,f,,,{},psynet.trial.static.StaticNetwork,1,f,default,colors,colors,1000000,default,,,,f,f,f,f,,{},across,18,1000000,{},,communication_4_hihat+snare+kick
19,2025-10-29 20:48:13.206761,,,,,,f,,,{},psynet.trial.static.StaticNetwork,1,f,default,colors,colors,1000000,default,,,,f,f,f,f,,{},across,19,1000000,{},,communication_8_snare+kick
20,2025-10-29 20:48:13.206762,,,,,,f,,,{},psynet.trial.static.StaticNetwork,1,f,default,colors,colors,1000000,default,,,,f,f,f,f,,{},across,20,1000000,{},,communication_8_hihat+snare+kick
21,2025-10-29 20:48:13.206763,,,,,,f,,,{},psynet.trial.static.StaticNetwork,1,f,default,colors,colors,1000000,default,,,,f,f,f,f,,{},across,21,1000000,{},,music_4_snare+kick
22,2025-10-29 20:48:13.206764,,,,,,f,,,{},psynet.trial.static.StaticNetwork,1,f,default,colors,colors,1000000,default,,,,f,f,f,f,,{},across,22,1000000,{},,music_4_hihat+snare+kick
23,2025-10-29 20:48:13.206766,,,,,,f,,,{},psynet.trial.static.StaticNetwork,1,f,default,colors,colors,1000000,default,,,,f,f,f,f,,{},across,23,1000000,{},,music_8_snare+kick
24,2025-10-29 20:48:13.206767,,,,,,f,,,{},psynet.trial.static.StaticNetwork,1,f,default,colors,colors,1000000,default,,,,f,f,f,f,,{},across,24,1000000,{},,music_8_hihat+snare+kick
25,2025-10-29 20:48:13.206768,,,,,,f,,,{},psynet.trial.static.StaticNetwork,1,f,default,colors,colors,1000000,default,,,,f,f,f,f,,{},across,25,1000000,{},,communication_4_snare+kick
26,2025-10-29 20:48:13.20677,,,,,,f,,,{},psynet.trial.static.StaticNetwork,1,f,default,colors,colors,1000000,default,,,,f,f,f,f,,{},across,26,1000000,{},,communication_4_hihat+snare+kick
27,2025-10-29 20:48:13.206771,,,,,,f,,,{},psynet.trial.static.StaticNetwork,1,f,default,colors,colors,1000000,default,,,,f,f,f,f,,{},across,27,1000000,{},,communication_8_snare+kick
28,2025-10-29 20:48:13.206772,,,,,,f,,,{},psynet.trial.static.StaticNetwork,1,f,default,colors,colors,1000000,default,,,,f,f,f,f,,{},across,28,1000000,{},,communication_8_hihat+snare+kick
29,2025-10-29 20:48:13.206773,,,,,,f,,,{},psynet.trial.static.StaticNetwork,1,f,default,colors,colors,1000000,default,,,,f,f,f,f,,{},across,29,1000000,{},,music_4_snare+kick
30,2025-10-29 20:48:13.206775,,,,,,f,,,{},psynet.trial.static.StaticNetwork,1,f,default,colors,colors,1000000,default,,,,f,f,f,f,,{},across,30,1000000,{},,music_4_hihat+snare+kick
31,2025-10-29 20:48:13.206776,,,,,,f,,,{},psynet.trial.static.StaticNetwork,1,f,default,colors,colors,1000000,default,,,,f,f,f,f,,{},across,31,1000000,{},,music_8_snare+kick
32,2025-10-29 20:48:13.206777,,,,,,f,,,{},psynet.trial.static.StaticNetwork,1,f,default,colors,colors,1000000,default,,,,f,f,f,f,,{},across,32,1000000,{},,music_8_hihat+snare+kick
33,2025-10-29 20:48:13.206778,,,,,,f,,,{},psynet.trial.static.StaticNetwork,1,f,default,colors,colors,1000000,default,,,,f,f,f,f,,{},across,33,1000000,{},,communication_4_snare+kick
34,2025-10-29 20:48:13.20678,,,,,,f,,,{},psynet.trial.static.StaticNetwork,1,f,default,colors,colors,1000000,default,,,,f,f,f,f,,{},across,34,1000000,{},,communication_4_hihat+snare+kick
35,2025-10-29 20:48:13.206781,,,,,,f,,,{},psynet.trial.static.StaticNetwork,1,f,default,colors,colors,1000000,default,,,,f,f,f,f,,{},across,35,1000000,{},,communication_8_snare+kick
36,2025-10-29 20:48:13.206782,,,,,,f,,,{},psynet.trial.static.StaticNetwork,1,f,default,colors,colors,1000000,default,,,,f,f,f,f,,{},across,36,1000000,{},,communication_8_hihat+snare+kick
37,2025-10-29 20:48:13.206785,,,,,,f,,,{},psynet.trial.static.StaticNetwork,1,f,default,colors,colors,1000000,default,,,,f,f,f,f,,{},across,37,1000000,{},,music_4_snare+kick
38,2025-10-29 20:48:13.206786,,,,,,f,,,{},psynet.trial.static.StaticNetwork,1,f,default,colors,colors,1000000,default,,,,f,f,f,f,,{},across,38,1000000,{},,music_4_hihat+snare+kick
39,2025-10-29 20:48:13.206787,,,,,,f,,,{},psynet.trial.static.StaticNetwork,1,f,default,colors,colors,1000000,default,,,,f,f,f,f,,{},across,39,1000000,{},,music_8_snare+kick
40,2025-10-29 20:48:13.206789,,,,,,f,,,{},psynet.trial.static.StaticNetwork,1,f,default,colors,colors,1000000,default,,,,f,f,f,f,,{},across,40,1000000,{},,music_8_hihat+snare+kick
41,2025-10-29 20:48:13.20679,,,,,,f,,,{},psynet.trial.static.StaticNetwork,1,f,default,colors,colors,1000000,default,,,,f,f,f,f,,{},across,41,1000000,{},,communication_4_snare+kick
42,2025-10-29 20:48:13.206791,,,,,,f,,,{},psynet.trial.static.StaticNetwork,1,f,default,colors,colors,1000000,default,,,,f,f,f,f,,{},across,42,1000000,{},,communication_4_hihat+snare+kick
43,2025-10-29 20:48:13.206792,,,,,,f,,,{},psynet.trial.static.StaticNetwork,1,f,default,colors,colors,1000000,default,,,,f,f,f,f,,{},across,43,1000000,{},,communication_8_snare+kick
44,2025-10-29 20:48:13.206794,,,,,,f,,,{},psynet.trial.static.StaticNetwork,1,f,default,colors,colors,1000000,default,,,,f,f,f,f,,{},across,44,1000000,{},,communication_8_hihat+snare+kick
45,2025-10-29 20:48:13.206795,,,,,,f,,,{},psynet.trial.static.StaticNetwork,1,f,default,colors,colors,1000000,default,,,,f,f,f,f,,{},across,45,1000000,{},,music_4_snare+kick
46,2025-10-29 20:48:13.206796,,,,,,f,,,{},psynet.trial.static.StaticNetwork,1,f,default,colors,colors,1000000,default,,,,f,f,f,f,,{},across,46,1000000,{},,music_4_hihat+snare+kick
47,2025-10-29 20:48:13.206797,,,,,,f,,,{},psynet.trial.static.StaticNetwork,1,f,default,colors,colors,1000000,default,,,,f,f,f,f,,{},across,47,1000000,{},,music_8_snare+kick
48,2025-10-29 20:48:13.206799,,,,,,f,,,{},psynet.trial.static.StaticNetwork,1,f,default,colors,colors,1000000,default,,,,f,f,f,f,,{},across,48,1000000,{},,music_8_hihat+snare+kick
49,2025-10-29 20:48:13.2068,,,,,,f,,,{},psynet.trial.static.StaticNetwork,1,f,default,colors,colors,1000000,default,,,,f,f,f,f,,{},across,49,1000000,{},,communication_4_snare+kick
50,2025-10-29 20:48:13.206801,,,,,,f,,,{},psynet.trial.static.StaticNetwork,1,f,default,colors,colors,1000000,default,,,,f,f,f,f,,{},across,50,1000000,{},,communication_4_hihat+snare+kick
51,2025-10-29 20:48:13.206802,,,,,,f,,,{},psynet.trial.static.StaticNetwork,1,f,default,colors,colors,1000000,default,,,,f,f,f,f,,{},across,51,1000000,{},,communication_8_snare+kick
52,2025-10-29 20:48:13.206804,,,,,,f,,,{},psynet.trial.static.StaticNetwork,1,f,default,colors,colors,1000000,default,,,,f,f,f,f,,{},across,52,1000000,{},,communication_8_hihat+snare+kick
53,2025-10-29 20:48:13.206805,,,,,,f,,,{},psynet.trial.static.StaticNetwork,1,f,default,colors,colors,1000000,default,,,,f,f,f,f,,{},across,53,1000000,{},,music_4_snare+kick
54,2025-10-29 20:48:13.206806,,,,,,f,,,{},psynet.trial.static.StaticNetwork,1,f,default,colors,colors,1000000,default,,,,f,f,f,f,,{},across,54,1000000,{},,music_4_hihat+snare+kick
55,2025-10-29 20:48:13.206807,,,,,,f,,,{},psynet.trial.static.StaticNetwork,1,f,default,colors,colors,1000000,default,,,,f,f,f,f,,{},across,55,1000000,{},,music_8_snare+kick
56,2025-10-29 20:48:13.206809,,,,,,f,,,{},psynet.trial.static.StaticNetwork,1,f,default,colors,colors,1000000,default,,,,f,f,f,f,,{},across,56,1000000,{},,music_8_hihat+snare+kick
57,2025-10-29 20:48:13.20681,,,,,,f,,,{},psynet.trial.static.StaticNetwork,1,f,default,colors,colors,1000000,default,,,,f,f,f,f,,{},across,57,1000000,{},,communication_4_snare+kick
58,2025-10-29 20:48:13.206811,,,,,,f,,,{},psynet.trial.static.StaticNetwork,1,f,default,colors,colors,1000000,default,,,,f,f,f,f,,{},across,58,1000000,{},,communication_4_hihat+snare+kick
59,2025-10-29 20:48:13.206812,,,,,,f,,,{},psynet.trial.static.StaticNetwork,1,f,default,colors,colors,1000000,default,,,,f,f,f,f,,{},across,59,1000000,{},,communication_8_snare+kick
60,2025-10-29 20:48:13.206814,,,,,,f,,,{},psynet.trial.static.StaticNetwork,1,f,default,colors,colors,1000000,default,,,,f,f,f,f,,{},across,60,1000000,{},,communication_8_hihat+snare+kick
61,2025-10-29 20:48:13.206815,,,,,,f,,,{},psynet.trial.static.StaticNetwork,1,f,default,colors,colors,1000000,default,,,,f,f,f,f,,{},across,61,1000000,{},,music_4_snare+kick
62,2025-10-29 20:48:13.206816,,,,,,f,,,{},psynet.trial.static.StaticNetwork,1,f,default,colors,colors,1000000,default,,,,f,f,f,f,,{},across,62,1000000,{},,music_4_hihat+snare+kick
63,2025-10-29 20:48:13.206817,,,,,,f,,,{},psynet.trial.static.StaticNetwork,1,f,default,colors,colors,1000000,default,,,,f,f,f,f,,{},across,63,1000000,{},,music_8_snare+kick
64,2025-10-29 20:48:13.206819,,,,,,f,,,{},psynet.trial.static.StaticNetwork,1,f,default,colors,colors,1000000,default,,,,f,f,f,f,,{},across,64,1000000,{},,music_8_hihat+snare+kick
65,2025-10-29 20:48:13.20682,,,,,,f,,,{},psynet.trial.static.StaticNetwork,1,f,default,colors,colors,1000000,default,,,,f,f,f,f,,{},across,65,1000000,{},,communication_4_snare+kick
66,2025-10-29 20:48:13.206821,,,,,,f,,,{},psynet.trial.static.StaticNetwork,1,f,default,colors,colors,1000000,default,,,,f,f,f,f,,{},across,66,1000000,{},,communication_4_hihat+snare+kick
67,2025-10-29 20:48:13.206822,,,,,,f,,,{},psynet.trial.static.StaticNetwork,1,f,default,colors,colors,1000000,default,,,,f,f,f,f,,{},across,67,1000000,{},,communication_8_snare+kick
68,2025-10-29 20:48:13.206823,,,,,,f,,,{},psynet.trial.static.StaticNetwork,1,f,default,colors,colors,1000000,default,,,,f,f,f,f,,{},across,68,1000000,{},,communication_8_hihat+snare+kick
69,2025-10-29 20:48:13.206825,,,,,,f,,,{},psynet.trial.static.StaticNetwork,1,f,default,colors,colors,1000000,default,,,,f,f,f,f,,{},across,69,1000000,{},,music_4_snare+kick
70,2025-10-29 20:48:13.206826,,,,,,f,,,{},psynet.trial.static.StaticNetwork,1,f,default,colors,colors,1000000,default,,,,f,f,f,f,,{},across,70,1000000,{},,music_4_hihat+snare+kick
71,2025-10-29 20:48:13.206827,,,,,,f,,,{},psynet.trial.static.StaticNetwork,1,f,default,colors,colors,1000000,default,,,,f,f,f,f,,{},across,71,1000000,{},,music_8_snare+kick
72,2025-10-29 20:48:13.206828,,,,,,f,,,{},psynet.trial.static.StaticNetwork,1,f,default,colors,colors,1000000,default,,,,f,f,f,f,,{},across,72,1000000,{},,music_8_hihat+snare+kick
