id,creation_time,property1,property2,property3,property4,property5,failed,failed_reason,time_of_death,details,type,max_size,full,role,trial_maker_id,module_id,target_n_trials,participant_group,sync_group_type,sync_group_id,participant_id,async_post_grow_network_required,async_post_grow_network_requested,async_post_grow_network_complete,async_post_grow_network_failed,id_within_participant,vars,chain_type,head_id,trials_per_node,definition,context,block
1,2025-10-29 23:35:49.72192,,,,,,f,,,{},psynet.trial.static.StaticNetwork,1,f,default,color_blindness_test,color_blindness_test,1000000,default,,,,f,f,f,f,,{},across,1,1000000,{},,default
2,2025-10-29 23:35:49.721928,,,,,,f,,,{},psynet.trial.static.StaticNetwork,1,f,default,color_blindness_test,color_blindness_test,1000000,default,,,,f,f,f,f,,{},across,2,1000000,{},,default
3,2025-10-29 23:35:49.72193,,,,,,f,,,{},psynet.trial.static.StaticNetwork,1,f,default,color_blindness_test,color_blindness_test,1000000,default,,,,f,f,f,f,,{},across,3,1000000,{},,default
4,2025-10-29 23:35:49.721931,,,,,,f,,,{},psynet.trial.static.StaticNetwork,1,f,default,color_blindness_test,color_blindness_test,1000000,default,,,,f,f,f,f,,{},across,4,1000000,{},,default
5,2025-10-29 23:35:49.721933,,,,,,f,,,{},psynet.trial.static.StaticNetwork,1,f,default,color_blindness_test,color_blindness_test,1000000,default,,,,f,f,f,f,,{},across,5,1000000,{},,default
6,2025-10-29 23:35:49.721935,,,,,,f,,,{},psynet.trial.static.StaticNetwork,1,f,default,color_blindness_test,color_blindness_test,1000000,default,,,,f,f,f,f,,{},across,6,1000000,{},,default
7,2025-10-29 23:35:49.766781,,,,,,f,,,{},psynet.trial.static.StaticNetwork,1,f,default,audio_forced_choice_test,audio_forced_choice_test,1000000,default,,,,f,f,f,f,,{},across,7,1000000,{},,default
8,2025-10-29 23:35:49.766784,,,,,,f,,,{},psynet.trial.static.StaticNetwork,1,f,default,audio_forced_choice_test,audio_forced_choice_test,1000000,default,,,,f,f,f,f,,{},across,8,1000000,{},,default
9,2025-10-29 23:35:49.766785,,,,,,f,,,{},psynet.trial.static.StaticNetwork,1,f,default,audio_forced_choice_test,audio_forced_choice_test,1000000,default,,,,f,f,f,f,,{},across,9,1000000,{},,default
10,2025-10-29 23:35:49.787728,,,,,,f,,,{},psynet.trial.static.StaticNetwork,1,f,default,colors,colors,1000000,default,,,,f,f,f,f,,{},across,10,1000000,{},,communication_4_snare+kick
11,2025-10-29 23:35:49.787733,,,,,,f,,,{},psynet.trial.static.StaticNetwork,1,f,default,colors,colors,1000000,default,,,,f,f,f,f,,{},across,11,1000000,{},,communication_4_hihat+snare+kick
12,2025-10-29 23:35:49.787735,,,,,,f,,,{},psynet.trial.static.StaticNetwork,1,f,default,colors,colors,1000000,default,,,,f,f,f,f,,{},across,12,1000000,{},,communication_8_snare+kick
13,2025-10-29 23:35:49.787736,,,,,,f,,,{},psynet.trial.static.StaticNetwork,1,f,default,colors,colors,1000000,default,,,,f,f,f,f,,{},across,13,1000000,{},,communication_8_hihat+snare+kick
14,2025-10-29 23:35:49.787738,,,,,,f,,,{},psynet.trial.static.StaticNetwork,1,f,default,colors,colors,1000000,default,,,,f,f,f,f,,{},across,14,1000000,{},,music_4_snare+kick
15,2025-10-29 23:35:49.787739,,,,,,f,,,{},psynet.trial.static.StaticNetwork,1,f,default,colors,colors,1000000,default,,,,f,f,f,f,,{},across,15,1000000,{},,music_4_hihat+snare+kick
16,2025-10-29 23:35:49.787741,,,,,,f,,,{},psynet.trial.static.StaticNetwork,1,f,default,colors,colors,1000000,default,,,,f,f,f,f,,{},across,16,1000000,{},,music_8_snare+kick
17,2025-10-29 23:35:49.787742,,,,,,f,,,{},psynet.trial.static.StaticNetwork,1,f,default,colors,colors,1000000,default,,,,f,f,f,f,,{},across,17,1000000,{},,music_8_hihat+snare+kick
18,2025-10-29 23:35:49.787744,,,,,,f,,,{},psynet.trial.static.StaticNetwork,1,f,default,colors,colors,1000000,default,,,,f,f,f,f,,{},across,18,1000000,{},,communication_4_snare+kick
19,2025-10-29 23:35:49.787745,,,,,,f,,,{},psynet.trial.static.StaticNetwork,1,f,default,colors,colors,1000000,default,,,,f,f,f,f,,{},across,19,1000000,{},,communication_4_hihat+snare+kick
20,2025-10-29 23:35:49.787747,,,,,,f,,,{},psynet.trial.static.StaticNetwork,1,f,default,colors,colors,1000000,default,,,,f,f,f,f,,{},across,20,1000000,{},,communication_8_snare+kick
21,2025-10-29 23:35:49.787748,,,,,,f,,,{},psynet.trial.static.StaticNetwork,1,f,default,colors,colors,1000000,default,,,,f,f,f,f,,{},across,21,1000000,{},,communication_8_hihat+snare+kick
22,2025-10-29 23:35:49.78775,,,,,,f,,,{},psynet.trial.static.StaticNetwork,1,f,default,colors,colors,1000000,default,,,,f,f,f,f,,{},across,22,1000000,{},,music_4_snare+kick
23,2025-10-29 23:35:49.787751,,,,,,f,,,{},psynet.trial.static.StaticNetwork,1,f,default,colors,colors,1000000,default,,,,f,f,f,f,,{},across,23,1000000,{},,music_4_hihat+snare+kick
24,2025-10-29 23:35:49.787753,,,,,,f,,,{},psynet.trial.static.StaticNetwork,1,f,default,colors,colors,1000000,default,,,,f,f,f,f,,{},across,24,1000000,{},,music_8_snare+kick
25,2025-10-29 23:35:49.787754,,,,,,f,,,{},psynet.trial.static.StaticNetwork,1,f,default,colors,colors,1000000,default,,,,f,f,f,f,,{},across,25,1000000,{},,music_8_hihat+snare+kick
26,2025-10-29 23:35:49.787756,,,,,,f,,,{},psynet.trial.static.StaticNetwork,1,f,default,colors,colors,1000000,default,,,,f,f,f,f,,{},across,26,1000000,{},,communication_4_snare+kick
27,2025-10-29 23:35:49.787757,,,,,,f,,,{},psynet.trial.static.StaticNetwork,1,f,default,colors,colors,1000000,default,,,,f,f,f,f,,{},across,27,1000000,{},,communication_4_hihat+snare+kick
28,2025-10-29 23:35:49.787759,,,,,,f,,,{},psynet.trial.static.StaticNetwork,1,f,default,colors,colors,1000000,default,,,,f,f,f,f,,{},across,28,1000000,{},,communication_8_snare+kick
29,2025-10-29 23:35:49.787761,,,,,,f,,,{},psynet.trial.static.StaticNetwork,1,f,default,colors,colors,1000000,default,,,,f,f,f,f,,{},across,29,1000000,{},,communication_8_hihat+snare+kick
30,2025-10-29 23:35:49.787762,,,,,,f,,,{},psynet.trial.static.StaticNetwork,1,f,default,colors,colors,1000000,default,,,,f,f,f,f,,{},across,30,1000000,{},,music_4_snare+kick
31,2025-10-29 23:35:49.787764,,,,,,f,,,{},psynet.trial.static.StaticNetwork,1,f,default,colors,colors,1000000,default,,,,f,f,f,f,,{},across,31,1000000,{},,music_4_hihat+snare+kick
32,2025-10-29 23:35:49.787766,,,,,,f,,,{},psynet.trial.static.StaticNetwork,1,f,default,colors,colors,1000000,default,,,,f,f,f,f,,{},across,32,1000000,{},,music_8_snare+kick
33,2025-10-29 23:35:49.787768,,,,,,f,,,{},psynet.trial.static.StaticNetwork,1,f,default,colors,colors,1000000,default,,,,f,f,f,f,,{},across,33,1000000,{},,music_8_hihat+snare+kick
34,2025-10-29 23:35:49.78777,,,,,,f,,,{},psynet.trial.static.StaticNetwork,1,f,default,colors,colors,1000000,default,,,,f,f,f,f,,{},across,34,1000000,{},,communication_4_snare+kick
35,2025-10-29 23:35:49.787772,,,,,,f,,,{},psynet.trial.static.StaticNetwork,1,f,default,colors,colors,1000000,default,,,,f,f,f,f,,{},across,35,1000000,{},,communication_4_hihat+snare+kick
36,2025-10-29 23:35:49.787773,,,,,,f,,,{},psynet.trial.static.StaticNetwork,1,f,default,colors,colors,1000000,default,,,,f,f,f,f,,{},across,36,1000000,{},,communication_8_snare+kick
37,2025-10-29 23:35:49.787775,,,,,,f,,,{},psynet.trial.static.StaticNetwork,1,f,default,colors,colors,1000000,default,,,,f,f,f,f,,{},across,37,1000000,{},,communication_8_hihat+snare+kick
38,2025-10-29 23:35:49.787777,,,,,,f,,,{},psynet.trial.static.StaticNetwork,1,f,default,colors,colors,1000000,default,,,,f,f,f,f,,{},across,38,1000000,{},,music_4_snare+kick
39,2025-10-29 23:35:49.787778,,,,,,f,,,{},psynet.trial.static.StaticNetwork,1,f,default,colors,colors,1000000,default,,,,f,f,f,f,,{},across,39,1000000,{},,music_4_hihat+snare+kick
40,2025-10-29 23:35:49.78778,,,,,,f,,,{},psynet.trial.static.StaticNetwork,1,f,default,colors,colors,1000000,default,,,,f,f,f,f,,{},across,40,1000000,{},,music_8_snare+kick
41,2025-10-29 23:35:49.787781,,,,,,f,,,{},psynet.trial.static.StaticNetwork,1,f,default,colors,colors,1000000,default,,,,f,f,f,f,,{},across,41,1000000,{},,music_8_hihat+snare+kick
42,2025-10-29 23:35:49.787783,,,,,,f,,,{},psynet.trial.static.StaticNetwork,1,f,default,colors,colors,1000000,default,,,,f,f,f,f,,{},across,42,1000000,{},,communication_4_snare+kick
43,2025-10-29 23:35:49.787784,,,,,,f,,,{},psynet.trial.static.StaticNetwork,1,f,default,colors,colors,1000000,default,,,,f,f,f,f,,{},across,43,1000000,{},,communication_4_hihat+snare+kick
44,2025-10-29 23:35:49.787786,,,,,,f,,,{},psynet.trial.static.StaticNetwork,1,f,default,colors,colors,1000000,default,,,,f,f,f,f,,{},across,44,1000000,{},,communication_8_snare+kick
45,2025-10-29 23:35:49.787787,,,,,,f,,,{},psynet.trial.static.StaticNetwork,1,f,default,colors,colors,1000000,default,,,,f,f,f,f,,{},across,45,1000000,{},,communication_8_hihat+snare+kick
46,2025-10-29 23:35:49.787789,,,,,,f,,,{},psynet.trial.static.StaticNetwork,1,f,default,colors,colors,1000000,default,,,,f,f,f,f,,{},across,46,1000000,{},,music_4_snare+kick
47,2025-10-29 23:35:49.78779,,,,,,f,,,{},psynet.trial.static.StaticNetwork,1,f,default,colors,colors,1000000,default,,,,f,f,f,f,,{},across,47,1000000,{},,music_4_hihat+snare+kick
48,2025-10-29 23:35:49.787792,,,,,,f,,,{},psynet.trial.static.StaticNetwork,1,f,default,colors,colors,1000000,default,,,,f,f,f,f,,{},across,48,1000000,{},,music_8_snare+kick
49,2025-10-29 23:35:49.787793,,,,,,f,,,{},psynet.trial.static.StaticNetwork,1,f,default,colors,colors,1000000,default,,,,f,f,f,f,,{},across,49,1000000,{},,music_8_hihat+snare+kick
50,2025-10-29 23:35:49.787795,,,,,,f,,,{},psynet.trial.static.StaticNetwork,1,f,default,colors,colors,1000000,default,,,,f,f,f,f,,{},across,50,1000000,{},,communication_4_snare+kick
51,2025-10-29 23:35:49.787796,,,,,,f,,,{},psynet.trial.static.StaticNetwork,1,f,default,colors,colors,1000000,default,,,,f,f,f,f,,{},across,51,1000000,{},,communication_4_hihat+snare+kick
52,2025-10-29 23:35:49.787797,,,,,,f,,,{},psynet.trial.static.StaticNetwork,1,f,default,colors,colors,1000000,default,,,,f,f,f,f,,{},across,52,1000000,{},,communication_8_snare+kick
53,2025-10-29 23:35:49.787799,,,,,,f,,,{},psynet.trial.static.StaticNetwork,1,f,default,colors,colors,1000000,default,,,,f,f,f,f,,{},across,53,1000000,{},,communication_8_hihat+snare+kick
54,2025-10-29 23:35:49.787801,,,,,,f,,,{},psynet.trial.static.StaticNetwork,1,f,default,colors,colors,1000000,default,,,,f,f,f,f,,{},across,54,1000000,{},,music_4_snare+kick
55,2025-10-29 23:35:49.787802,,,,,,f,,,{},psynet.trial.static.StaticNetwork,1,f,default,colors,colors,1000000,default,,,,f,f,f,f,,{},across,55,1000000,{},,music_4_hihat+snare+kick
56,2025-10-29 23:35:49.787804,,,,,,f,,,{},psynet.trial.static.StaticNetwork,1,f,default,colors,colors,1000000,default,,,,f,f,f,f,,{},across,56,1000000,{},,music_8_snare+kick
57,2025-10-29 23:35:49.787805,,,,,,f,,,{},psynet.trial.static.StaticNetwork,1,f,default,colors,colors,1000000,default,,,,f,f,f,f,,{},across,57,1000000,{},,music_8_hihat+snare+kick
58,2025-10-29 23:35:49.787808,,,,,,f,,,{},psynet.trial.static.StaticNetwork,1,f,default,colors,colors,1000000,default,,,,f,f,f,f,,{},across,58,1000000,{},,communication_4_snare+kick
59,2025-10-29 23:35:49.787809,,,,,,f,,,{},psynet.trial.static.StaticNetwork,1,f,default,colors,colors,1000000,default,,,,f,f,f,f,,{},across,59,1000000,{},,communication_4_hihat+snare+kick
60,2025-10-29 23:35:49.787811,,,,,,f,,,{},psynet.trial.static.StaticNetwork,1,f,default,colors,colors,1000000,default,,,,f,f,f,f,,{},across,60,1000000,{},,communication_8_snare+kick
61,2025-10-29 23:35:49.787812,,,,,,f,,,{},psynet.trial.static.StaticNetwork,1,f,default,colors,colors,1000000,default,,,,f,f,f,f,,{},across,61,1000000,{},,communication_8_hihat+snare+kick
62,2025-10-29 23:35:49.787814,,,,,,f,,,{},psynet.trial.static.StaticNetwork,1,f,default,colors,colors,1000000,default,,,,f,f,f,f,,{},across,62,1000000,{},,music_4_snare+kick
63,2025-10-29 23:35:49.787815,,,,,,f,,,{},psynet.trial.static.StaticNetwork,1,f,default,colors,colors,1000000,default,,,,f,f,f,f,,{},across,63,1000000,{},,music_4_hihat+snare+kick
64,2025-10-29 23:35:49.787817,,,,,,f,,,{},psynet.trial.static.StaticNetwork,1,f,default,colors,colors,1000000,default,,,,f,f,f,f,,{},across,64,1000000,{},,music_8_snare+kick
65,2025-10-29 23:35:49.787818,,,,,,f,,,{},psynet.trial.static.StaticNetwork,1,f,default,colors,colors,1000000,default,,,,f,f,f,f,,{},across,65,1000000,{},,music_8_hihat+snare+kick
66,2025-10-29 23:35:49.787819,,,,,,f,,,{},psynet.trial.static.StaticNetwork,1,f,default,colors,colors,1000000,default,,,,f,f,f,f,,{},across,66,1000000,{},,communication_4_snare+kick
67,2025-10-29 23:35:49.787821,,,,,,f,,,{},psynet.trial.static.StaticNetwork,1,f,default,colors,colors,1000000,default,,,,f,f,f,f,,{},across,67,1000000,{},,communication_4_hihat+snare+kick
68,2025-10-29 23:35:49.787822,,,,,,f,,,{},psynet.trial.static.StaticNetwork,1,f,default,colors,colors,1000000,default,,,,f,f,f,f,,{},across,68,1000000,{},,communication_8_snare+kick
69,2025-10-29 23:35:49.787824,,,,,,f,,,{},psynet.trial.static.StaticNetwork,1,f,default,colors,colors,1000000,default,,,,f,f,f,f,,{},across,69,1000000,{},,communication_8_hihat+snare+kick
70,2025-10-29 23:35:49.787825,,,,,,f,,,{},psynet.trial.static.StaticNetwork,1,f,default,colors,colors,1000000,default,,,,f,f,f,f,,{},across,70,1000000,{},,music_4_snare+kick
71,2025-10-29 23:35:49.787827,,,,,,f,,,{},psynet.trial.static.StaticNetwork,1,f,default,colors,colors,1000000,default,,,,f,f,f,f,,{},across,71,1000000,{},,music_4_hihat+snare+kick
72,2025-10-29 23:35:49.787828,,,,,,f,,,{},psynet.trial.static.StaticNetwork,1,f,default,colors,colors,1000000,default,,,,f,f,f,f,,{},across,72,1000000,{},,music_8_snare+kick
73,2025-10-29 23:35:49.787829,,,,,,f,,,{},psynet.trial.static.StaticNetwork,1,f,default,colors,colors,1000000,default,,,,f,f,f,f,,{},across,73,1000000,{},,music_8_hihat+snare+kick
74,2025-10-29 23:35:49.787831,,,,,,f,,,{},psynet.trial.static.StaticNetwork,1,f,default,colors,colors,1000000,default,,,,f,f,f,f,,{},across,74,1000000,{},,communication_4_snare+kick
75,2025-10-29 23:35:49.787832,,,,,,f,,,{},psynet.trial.static.StaticNetwork,1,f,default,colors,colors,1000000,default,,,,f,f,f,f,,{},across,75,1000000,{},,communication_4_hihat+snare+kick
76,2025-10-29 23:35:49.787834,,,,,,f,,,{},psynet.trial.static.StaticNetwork,1,f,default,colors,colors,1000000,default,,,,f,f,f,f,,{},across,76,1000000,{},,communication_8_snare+kick
77,2025-10-29 23:35:49.787835,,,,,,f,,,{},psynet.trial.static.StaticNetwork,1,f,default,colors,colors,1000000,default,,,,f,f,f,f,,{},across,77,1000000,{},,communication_8_hihat+snare+kick
78,2025-10-29 23:35:49.787837,,,,,,f,,,{},psynet.trial.static.StaticNetwork,1,f,default,colors,colors,1000000,default,,,,f,f,f,f,,{},across,78,1000000,{},,music_4_snare+kick
79,2025-10-29 23:35:49.787838,,,,,,f,,,{},psynet.trial.static.StaticNetwork,1,f,default,colors,colors,1000000,default,,,,f,f,f,f,,{},across,79,1000000,{},,music_4_hihat+snare+kick
80,2025-10-29 23:35:49.78784,,,,,,f,,,{},psynet.trial.static.StaticNetwork,1,f,default,colors,colors,1000000,default,,,,f,f,f,f,,{},across,80,1000000,{},,music_8_snare+kick
81,2025-10-29 23:35:49.787841,,,,,,f,,,{},psynet.trial.static.StaticNetwork,1,f,default,colors,colors,1000000,default,,,,f,f,f,f,,{},across,81,1000000,{},,music_8_hihat+snare+kick
