id,creation_time,property1,property2,property3,property4,property5,failed,failed_reason,time_of_death,details,type,max_size,full,role,trial_maker_id,module_id,target_n_trials,participant_group,sync_group_type,sync_group_id,participant_id,async_post_grow_network_required,async_post_grow_network_requested,async_post_grow_network_complete,async_post_grow_network_failed,id_within_participant,vars,chain_type,head_id,trials_per_node,definition,context,block
1,2025-10-29 19:52:19.00124,,,,,,f,,,{},psynet.trial.static.StaticNetwork,1,f,default,colors,colors,1000000,default,,,,f,f,f,f,,{},across,1,1000000,{},,communication_4_snare+kick
2,2025-10-29 19:52:19.001247,,,,,,f,,,{},psynet.trial.static.StaticNetwork,1,f,default,colors,colors,1000000,default,,,,f,f,f,f,,{},across,2,1000000,{},,communication_4_hihat+snare+kick
3,2025-10-29 19:52:19.001251,,,,,,f,,,{},psynet.trial.static.StaticNetwork,1,f,default,colors,colors,1000000,default,,,,f,f,f,f,,{},across,3,1000000,{},,communication_8_snare+kick
4,2025-10-29 19:52:19.001252,,,,,,f,,,{},psynet.trial.static.StaticNetwork,1,f,default,colors,colors,1000000,default,,,,f,f,f,f,,{},across,4,1000000,{},,communication_8_hihat+snare+kick
5,2025-10-29 19:52:19.001254,,,,,,f,,,{},psynet.trial.static.StaticNetwork,1,f,default,colors,colors,1000000,default,,,,f,f,f,f,,{},across,5,1000000,{},,communication_4_snare+kick
6,2025-10-29 19:52:19.001255,,,,,,f,,,{},psynet.trial.static.StaticNetwork,1,f,default,colors,colors,1000000,default,,,,f,f,f,f,,{},across,6,1000000,{},,communication_4_hihat+snare+kick
7,2025-10-29 19:52:19.001256,,,,,,f,,,{},psynet.trial.static.StaticNetwork,1,f,default,colors,colors,1000000,default,,,,f,f,f,f,,{},across,7,1000000,{},,communication_8_snare+kick
8,2025-10-29 19:52:19.001259,,,,,,f,,,{},psynet.trial.static.StaticNetwork,1,f,default,colors,colors,1000000,default,,,,f,f,f,f,,{},across,8,1000000,{},,communication_8_hihat+snare+kick
9,2025-10-29 19:52:19.00126,,,,,,f,,,{},psynet.trial.static.StaticNetwork,1,f,default,colors,colors,1000000,default,,,,f,f,f,f,,{},across,9,1000000,{},,communication_4_snare+kick
10,2025-10-29 19:52:19.001261,,,,,,f,,,{},psynet.trial.static.StaticNetwork,1,f,default,colors,colors,1000000,default,,,,f,f,f,f,,{},across,10,1000000,{},,communication_4_hihat+snare+kick
11,2025-10-29 19:52:19.001263,,,,,,f,,,{},psynet.trial.static.StaticNetwork,1,f,default,colors,colors,1000000,default,,,,f,f,f,f,,{},across,11,1000000,{},,communication_8_snare+kick
12,2025-10-29 19:52:19.001264,,,,,,f,,,{},psynet.trial.static.StaticNetwork,1,f,default,colors,colors,1000000,default,,,,f,f,f,f,,{},across,12,1000000,{},,communication_8_hihat+snare+kick
13,2025-10-29 19:52:19.001265,,,,,,f,,,{},psynet.trial.static.StaticNetwork,1,f,default,colors,colors,1000000,default,,,,f,f,f,f,,{},across,13,1000000,{},,communication_4_snare+kick
14,2025-10-29 19:52:19.001266,,,,,,f,,,{},psynet.trial.static.StaticNetwork,1,f,default,colors,colors,1000000,default,,,,f,f,f,f,,{},across,14,1000000,{},,communication_4_hihat+snare+kick
15,2025-10-29 19:52:19.001268,,,,,,f,,,{},psynet.trial.static.StaticNetwork,1,f,default,colors,colors,1000000,default,,,,f,f,f,f,,{},across,15,1000000,{},,communication_8_snare+kick
16,2025-10-29 19:52:19.001269,,,,,,f,,,{},psynet.trial.static.StaticNetwork,1,f,default,colors,colors,1000000,default,,,,f,f,f,f,,{},across,16,1000000,{},,communication_8_hihat+snare+kick
17,2025-10-29 19:52:19.00127,,,,,,f,,,{},psynet.trial.static.StaticNetwork,1,f,default,colors,colors,1000000,default,,,,f,f,f,f,,{},across,17,1000000,{},,communication_4_snare+kick
18,2025-10-29 19:52:19.001271,,,,,,f,,,{},psynet.trial.static.StaticNetwork,1,f,default,colors,colors,1000000,default,,,,f,f,f,f,,{},across,18,1000000,{},,communication_4_hihat+snare+kick
19,2025-10-29 19:52:19.001273,,,,,,f,,,{},psynet.trial.static.StaticNetwork,1,f,default,colors,colors,1000000,default,,,,f,f,f,f,,{},across,19,1000000,{},,communication_8_snare+kick
20,2025-10-29 19:52:19.001274,,,,,,f,,,{},psynet.trial.static.StaticNetwork,1,f,default,colors,colors,1000000,default,,,,f,f,f,f,,{},across,20,1000000,{},,communication_8_hihat+snare+kick
21,2025-10-29 19:52:19.001275,,,,,,f,,,{},psynet.trial.static.StaticNetwork,1,f,default,colors,colors,1000000,default,,,,f,f,f,f,,{},across,21,1000000,{},,communication_4_snare+kick
22,2025-10-29 19:52:19.001277,,,,,,f,,,{},psynet.trial.static.StaticNetwork,1,f,default,colors,colors,1000000,default,,,,f,f,f,f,,{},across,22,1000000,{},,communication_4_hihat+snare+kick
23,2025-10-29 19:52:19.001278,,,,,,f,,,{},psynet.trial.static.StaticNetwork,1,f,default,colors,colors,1000000,default,,,,f,f,f,f,,{},across,23,1000000,{},,communication_8_snare+kick
24,2025-10-29 19:52:19.001279,,,,,,f,,,{},psynet.trial.static.StaticNetwork,1,f,default,colors,colors,1000000,default,,,,f,f,f,f,,{},across,24,1000000,{},,communication_8_hihat+snare+kick
25,2025-10-29 19:52:19.00128,,,,,,f,,,{},psynet.trial.static.StaticNetwork,1,f,default,colors,colors,1000000,default,,,,f,f,f,f,,{},across,25,1000000,{},,communication_4_snare+kick
26,2025-10-29 19:52:19.001282,,,,,,f,,,{},psynet.trial.static.StaticNetwork,1,f,default,colors,colors,1000000,default,,,,f,f,f,f,,{},across,26,1000000,{},,communication_4_hihat+snare+kick
27,2025-10-29 19:52:19.001283,,,,,,f,,,{},psynet.trial.static.StaticNetwork,1,f,default,colors,colors,1000000,default,,,,f,f,f,f,,{},across,27,1000000,{},,communication_8_snare+kick
28,2025-10-29 19:52:19.001284,,,,,,f,,,{},psynet.trial.static.StaticNetwork,1,f,default,colors,colors,1000000,default,,,,f,f,f,f,,{},across,28,1000000,{},,communication_8_hihat+snare+kick
29,2025-10-29 19:52:19.001285,,,,,,f,,,{},psynet.trial.static.StaticNetwork,1,f,default,colors,colors,1000000,default,,,,f,f,f,f,,{},across,29,1000000,{},,communication_4_snare+kick
30,2025-10-29 19:52:19.001287,,,,,,f,,,{},psynet.trial.static.StaticNetwork,1,f,default,colors,colors,1000000,default,,,,f,f,f,f,,{},across,30,1000000,{},,communication_4_hihat+snare+kick
31,2025-10-29 19:52:19.001288,,,,,,f,,,{},psynet.trial.static.StaticNetwork,1,f,default,colors,colors,1000000,default,,,,f,f,f,f,,{},across,31,1000000,{},,communication_8_snare+kick
32,2025-10-29 19:52:19.001289,,,,,,f,,,{},psynet.trial.static.StaticNetwork,1,f,default,colors,colors,1000000,default,,,,f,f,f,f,,{},across,32,1000000,{},,communication_8_hihat+snare+kick
33,2025-10-29 19:52:19.00129,,,,,,f,,,{},psynet.trial.static.StaticNetwork,1,f,default,colors,colors,1000000,default,,,,f,f,f,f,,{},across,33,1000000,{},,communication_4_snare+kick
34,2025-10-29 19:52:19.001292,,,,,,f,,,{},psynet.trial.static.StaticNetwork,1,f,default,colors,colors,1000000,default,,,,f,f,f,f,,{},across,34,1000000,{},,communication_4_hihat+snare+kick
35,2025-10-29 19:52:19.001293,,,,,,f,,,{},psynet.trial.static.StaticNetwork,1,f,default,colors,colors,1000000,default,,,,f,f,f,f,,{},across,35,1000000,{},,communication_8_snare+kick
36,2025-10-29 19:52:19.001294,,,,,,f,,,{},psynet.trial.static.StaticNetwork,1,f,default,colors,colors,1000000,default,,,,f,f,f,f,,{},across,36,1000000,{},,communication_8_hihat+snare+kick
