id,creation_time,property1,property2,property3,property4,property5,failed,failed_reason,time_of_death,details,type,max_size,full,role,trial_maker_id,module_id,target_n_trials,participant_group,sync_group_type,sync_group_id,participant_id,async_post_grow_network_required,async_post_grow_network_requested,async_post_grow_network_complete,async_post_grow_network_failed,id_within_participant,vars,chain_type,head_id,trials_per_node,definition,context,block
1,2025-09-30 20:14:50.065966,,,,,,f,,,{},psynet.trial.static.StaticNetwork,1,f,default,color_blindness_test,color_blindness_test,1000000,default,,,,f,f,f,f,,{},across,1,1000000,{},,default
2,2025-09-30 20:14:50.065975,,,,,,f,,,{},psynet.trial.static.StaticNetwork,1,f,default,color_blindness_test,color_blindness_test,1000000,default,,,,f,f,f,f,,{},across,2,1000000,{},,default
3,2025-09-30 20:14:50.065977,,,,,,f,,,{},psynet.trial.static.StaticNetwork,1,f,default,color_blindness_test,color_blindness_test,1000000,default,,,,f,f,f,f,,{},across,3,1000000,{},,default
4,2025-09-30 20:14:50.065979,,,,,,f,,,{},psynet.trial.static.StaticNetwork,1,f,default,color_blindness_test,color_blindness_test,1000000,default,,,,f,f,f,f,,{},across,4,1000000,{},,default
5,2025-09-30 20:14:50.065981,,,,,,f,,,{},psynet.trial.static.StaticNetwork,1,f,default,color_blindness_test,color_blindness_test,1000000,default,,,,f,f,f,f,,{},across,5,1000000,{},,default
6,2025-09-30 20:14:50.065983,,,,,,f,,,{},psynet.trial.static.StaticNetwork,1,f,default,color_blindness_test,color_blindness_test,1000000,default,,,,f,f,f,f,,{},across,6,1000000,{},,default
7,2025-09-30 20:14:50.081274,,,,,,f,,,{},psynet.trial.static.StaticNetwork,1,f,default,audio_forced_choice_test,audio_forced_choice_test,1000000,default,,,,f,f,f,f,,{},across,7,1000000,{},,default
8,2025-09-30 20:14:50.081277,,,,,,f,,,{},psynet.trial.static.StaticNetwork,1,f,default,audio_forced_choice_test,audio_forced_choice_test,1000000,default,,,,f,f,f,f,,{},across,8,1000000,{},,default
9,2025-09-30 20:14:50.081279,,,,,,f,,,{},psynet.trial.static.StaticNetwork,1,f,default,audio_forced_choice_test,audio_forced_choice_test,1000000,default,,,,f,f,f,f,,{},across,9,1000000,{},,default
10,2025-09-30 20:14:50.088348,,,,,,f,,,{},psynet.trial.static.StaticNetwork,1,f,default,sigspace_trial,sigspace_trial,1000000,default,sigspace,,,f,f,f,f,,{},across,10,1000000,{},,default
11,2025-09-30 20:14:50.088351,,,,,,f,,,{},psynet.trial.static.StaticNetwork,1,f,default,sigspace_trial,sigspace_trial,1000000,default,sigspace,,,f,f,f,f,,{},across,11,1000000,{},,default
12,2025-09-30 20:14:50.088353,,,,,,f,,,{},psynet.trial.static.StaticNetwork,1,f,default,sigspace_trial,sigspace_trial,1000000,default,sigspace,,,f,f,f,f,,{},across,12,1000000,{},,default
13,2025-09-30 20:14:50.088356,,,,,,f,,,{},psynet.trial.static.StaticNetwork,1,f,default,sigspace_trial,sigspace_trial,1000000,default,sigspace,,,f,f,f,f,,{},across,13,1000000,{},,default
14,2025-09-30 20:14:50.088357,,,,,,f,,,{},psynet.trial.static.StaticNetwork,1,f,default,sigspace_trial,sigspace_trial,1000000,default,sigspace,,,f,f,f,f,,{},across,14,1000000,{},,default
15,2025-09-30 20:14:50.088359,,,,,,f,,,{},psynet.trial.static.StaticNetwork,1,f,default,sigspace_trial,sigspace_trial,1000000,default,sigspace,,,f,f,f,f,,{},across,15,1000000,{},,default
16,2025-09-30 20:14:50.088361,,,,,,f,,,{},psynet.trial.static.StaticNetwork,1,f,default,sigspace_trial,sigspace_trial,1000000,default,sigspace,,,f,f,f,f,,{},across,16,1000000,{},,default
17,2025-09-30 20:14:50.088363,,,,,,f,,,{},psynet.trial.static.StaticNetwork,1,f,default,sigspace_trial,sigspace_trial,1000000,default,sigspace,,,f,f,f,f,,{},across,17,1000000,{},,default
18,2025-09-30 20:14:50.088364,,,,,,f,,,{},psynet.trial.static.StaticNetwork,1,f,default,sigspace_trial,sigspace_trial,1000000,default,sigspace,,,f,f,f,f,,{},across,18,1000000,{},,default
