id,creation_time,property1,property2,property3,property4,property5,failed,failed_reason,time_of_death,details,type,max_size,full,role,trial_maker_id,module_id,target_n_trials,participant_group,sync_group_type,sync_group_id,participant_id,async_post_grow_network_required,async_post_grow_network_requested,async_post_grow_network_complete,async_post_grow_network_failed,id_within_participant,vars,chain_type,head_id,trials_per_node,definition,context,block
1,2025-10-16 15:39:53.595999,,,,,,f,,,{},psynet.trial.static.StaticNetwork,1,f,default,sigspace_trial,sigspace_trial,1000000,default,sigspace,,,f,f,f,f,,{},across,1,1000000,{},,default
2,2025-10-16 15:39:53.596005,,,,,,f,,,{},psynet.trial.static.StaticNetwork,1,f,default,sigspace_trial,sigspace_trial,1000000,default,sigspace,,,f,f,f,f,,{},across,2,1000000,{},,default
3,2025-10-16 15:39:53.596009,,,,,,f,,,{},psynet.trial.static.StaticNetwork,1,f,default,sigspace_trial,sigspace_trial,1000000,default,sigspace,,,f,f,f,f,,{},across,3,1000000,{},,default
4,2025-10-16 15:39:53.596011,,,,,,f,,,{},psynet.trial.static.StaticNetwork,1,f,default,sigspace_trial,sigspace_trial,1000000,default,sigspace,,,f,f,f,f,,{},across,4,1000000,{},,default
5,2025-10-16 15:39:53.596012,,,,,,f,,,{},psynet.trial.static.StaticNetwork,1,f,default,sigspace_trial,sigspace_trial,1000000,default,sigspace,,,f,f,f,f,,{},across,5,1000000,{},,default
6,2025-10-16 15:39:53.596014,,,,,,f,,,{},psynet.trial.static.StaticNetwork,1,f,default,sigspace_trial,sigspace_trial,1000000,default,sigspace,,,f,f,f,f,,{},across,6,1000000,{},,default
7,2025-10-16 15:39:53.596015,,,,,,f,,,{},psynet.trial.static.StaticNetwork,1,f,default,sigspace_trial,sigspace_trial,1000000,default,sigspace,,,f,f,f,f,,{},across,7,1000000,{},,default
8,2025-10-16 15:39:53.596017,,,,,,f,,,{},psynet.trial.static.StaticNetwork,1,f,default,sigspace_trial,sigspace_trial,1000000,default,sigspace,,,f,f,f,f,,{},across,8,1000000,{},,default
9,2025-10-16 15:39:53.596019,,,,,,f,,,{},psynet.trial.static.StaticNetwork,1,f,default,sigspace_trial,sigspace_trial,1000000,default,sigspace,,,f,f,f,f,,{},across,9,1000000,{},,default
