id,creation_time,property1,property2,property3,property4,property5,failed,failed_reason,time_of_death,details,type,network_id,participant_id,trial_maker_id,module_id,module_state_id,is_global,on_deploy_complete,async_on_deploy_required,async_on_deploy_requested,async_on_deploy_complete,async_on_deploy_failed,vars,key,degree,target_n_trials,ready_to_spawn,child_id,parent_id,seed,definition,context,participant_group,block,propagate_failure
1,2025-10-29 19:52:19.008017,,,,,,f,,,{},psynet.trial.static.StaticNode,1,,colors,colors,,,f,f,f,f,f,{},,0,1000000,f,,,{},"{""color"": ""yellow"", ""drum"": ""communication"", ""grid_size"": 4, ""drum_kit"": ""snare+kick""}",,default,communication_4_snare+kick,f
2,2025-10-29 19:52:19.008022,,,,,,f,,,{},psynet.trial.static.StaticNode,2,,colors,colors,,,f,f,f,f,f,{},,0,1000000,f,,,{},"{""color"": ""yellow"", ""drum"": ""communication"", ""grid_size"": 4, ""drum_kit"": ""hihat+snare+kick""}",,default,communication_4_hihat+snare+kick,f
3,2025-10-29 19:52:19.008024,,,,,,f,,,{},psynet.trial.static.StaticNode,3,,colors,colors,,,f,f,f,f,f,{},,0,1000000,f,,,{},"{""color"": ""yellow"", ""drum"": ""communication"", ""grid_size"": 8, ""drum_kit"": ""snare+kick""}",,default,communication_8_snare+kick,f
4,2025-10-29 19:52:19.008025,,,,,,f,,,{},psynet.trial.static.StaticNode,4,,colors,colors,,,f,f,f,f,f,{},,0,1000000,f,,,{},"{""color"": ""yellow"", ""drum"": ""communication"", ""grid_size"": 8, ""drum_kit"": ""hihat+snare+kick""}",,default,communication_8_hihat+snare+kick,f
5,2025-10-29 19:52:19.008027,,,,,,f,,,{},psynet.trial.static.StaticNode,5,,colors,colors,,,f,f,f,f,f,{},,0,1000000,f,,,{},"{""color"": ""orange"", ""drum"": ""communication"", ""grid_size"": 4, ""drum_kit"": ""snare+kick""}",,default,communication_4_snare+kick,f
6,2025-10-29 19:52:19.008029,,,,,,f,,,{},psynet.trial.static.StaticNode,6,,colors,colors,,,f,f,f,f,f,{},,0,1000000,f,,,{},"{""color"": ""orange"", ""drum"": ""communication"", ""grid_size"": 4, ""drum_kit"": ""hihat+snare+kick""}",,default,communication_4_hihat+snare+kick,f
7,2025-10-29 19:52:19.00803,,,,,,f,,,{},psynet.trial.static.StaticNode,7,,colors,colors,,,f,f,f,f,f,{},,0,1000000,f,,,{},"{""color"": ""orange"", ""drum"": ""communication"", ""grid_size"": 8, ""drum_kit"": ""snare+kick""}",,default,communication_8_snare+kick,f
8,2025-10-29 19:52:19.008032,,,,,,f,,,{},psynet.trial.static.StaticNode,8,,colors,colors,,,f,f,f,f,f,{},,0,1000000,f,,,{},"{""color"": ""orange"", ""drum"": ""communication"", ""grid_size"": 8, ""drum_kit"": ""hihat+snare+kick""}",,default,communication_8_hihat+snare+kick,f
9,2025-10-29 19:52:19.008033,,,,,,f,,,{},psynet.trial.static.StaticNode,9,,colors,colors,,,f,f,f,f,f,{},,0,1000000,f,,,{},"{""color"": ""green"", ""drum"": ""communication"", ""grid_size"": 4, ""drum_kit"": ""snare+kick""}",,default,communication_4_snare+kick,f
10,2025-10-29 19:52:19.008035,,,,,,f,,,{},psynet.trial.static.StaticNode,10,,colors,colors,,,f,f,f,f,f,{},,0,1000000,f,,,{},"{""color"": ""green"", ""drum"": ""communication"", ""grid_size"": 4, ""drum_kit"": ""hihat+snare+kick""}",,default,communication_4_hihat+snare+kick,f
11,2025-10-29 19:52:19.008036,,,,,,f,,,{},psynet.trial.static.StaticNode,11,,colors,colors,,,f,f,f,f,f,{},,0,1000000,f,,,{},"{""color"": ""green"", ""drum"": ""communication"", ""grid_size"": 8, ""drum_kit"": ""snare+kick""}",,default,communication_8_snare+kick,f
12,2025-10-29 19:52:19.008038,,,,,,f,,,{},psynet.trial.static.StaticNode,12,,colors,colors,,,f,f,f,f,f,{},,0,1000000,f,,,{},"{""color"": ""green"", ""drum"": ""communication"", ""grid_size"": 8, ""drum_kit"": ""hihat+snare+kick""}",,default,communication_8_hihat+snare+kick,f
13,2025-10-29 19:52:19.008039,,,,,,f,,,{},psynet.trial.static.StaticNode,13,,colors,colors,,,f,f,f,f,f,{},,0,1000000,f,,,{},"{""color"": ""blue"", ""drum"": ""communication"", ""grid_size"": 4, ""drum_kit"": ""snare+kick""}",,default,communication_4_snare+kick,f
14,2025-10-29 19:52:19.008041,,,,,,f,,,{},psynet.trial.static.StaticNode,14,,colors,colors,,,f,f,f,f,f,{},,0,1000000,f,,,{},"{""color"": ""blue"", ""drum"": ""communication"", ""grid_size"": 4, ""drum_kit"": ""hihat+snare+kick""}",,default,communication_4_hihat+snare+kick,f
15,2025-10-29 19:52:19.008042,,,,,,f,,,{},psynet.trial.static.StaticNode,15,,colors,colors,,,f,f,f,f,f,{},,0,1000000,f,,,{},"{""color"": ""blue"", ""drum"": ""communication"", ""grid_size"": 8, ""drum_kit"": ""snare+kick""}",,default,communication_8_snare+kick,f
16,2025-10-29 19:52:19.008044,,,,,,f,,,{},psynet.trial.static.StaticNode,16,,colors,colors,,,f,f,f,f,f,{},,0,1000000,f,,,{},"{""color"": ""blue"", ""drum"": ""communication"", ""grid_size"": 8, ""drum_kit"": ""hihat+snare+kick""}",,default,communication_8_hihat+snare+kick,f
17,2025-10-29 19:52:19.008045,,,,,,f,,,{},psynet.trial.static.StaticNode,17,,colors,colors,,,f,f,f,f,f,{},,0,1000000,f,,,{},"{""color"": ""purple"", ""drum"": ""communication"", ""grid_size"": 4, ""drum_kit"": ""snare+kick""}",,default,communication_4_snare+kick,f
18,2025-10-29 19:52:19.008047,,,,,,f,,,{},psynet.trial.static.StaticNode,18,,colors,colors,,,f,f,f,f,f,{},,0,1000000,f,,,{},"{""color"": ""purple"", ""drum"": ""communication"", ""grid_size"": 4, ""drum_kit"": ""hihat+snare+kick""}",,default,communication_4_hihat+snare+kick,f
19,2025-10-29 19:52:19.008048,,,,,,f,,,{},psynet.trial.static.StaticNode,19,,colors,colors,,,f,f,f,f,f,{},,0,1000000,f,,,{},"{""color"": ""purple"", ""drum"": ""communication"", ""grid_size"": 8, ""drum_kit"": ""snare+kick""}",,default,communication_8_snare+kick,f
20,2025-10-29 19:52:19.00805,,,,,,f,,,{},psynet.trial.static.StaticNode,20,,colors,colors,,,f,f,f,f,f,{},,0,1000000,f,,,{},"{""color"": ""purple"", ""drum"": ""communication"", ""grid_size"": 8, ""drum_kit"": ""hihat+snare+kick""}",,default,communication_8_hihat+snare+kick,f
21,2025-10-29 19:52:19.008051,,,,,,f,,,{},psynet.trial.static.StaticNode,21,,colors,colors,,,f,f,f,f,f,{},,0,1000000,f,,,{},"{""color"": ""pink"", ""drum"": ""communication"", ""grid_size"": 4, ""drum_kit"": ""snare+kick""}",,default,communication_4_snare+kick,f
22,2025-10-29 19:52:19.008053,,,,,,f,,,{},psynet.trial.static.StaticNode,22,,colors,colors,,,f,f,f,f,f,{},,0,1000000,f,,,{},"{""color"": ""pink"", ""drum"": ""communication"", ""grid_size"": 4, ""drum_kit"": ""hihat+snare+kick""}",,default,communication_4_hihat+snare+kick,f
23,2025-10-29 19:52:19.008054,,,,,,f,,,{},psynet.trial.static.StaticNode,23,,colors,colors,,,f,f,f,f,f,{},,0,1000000,f,,,{},"{""color"": ""pink"", ""drum"": ""communication"", ""grid_size"": 8, ""drum_kit"": ""snare+kick""}",,default,communication_8_snare+kick,f
24,2025-10-29 19:52:19.008056,,,,,,f,,,{},psynet.trial.static.StaticNode,24,,colors,colors,,,f,f,f,f,f,{},,0,1000000,f,,,{},"{""color"": ""pink"", ""drum"": ""communication"", ""grid_size"": 8, ""drum_kit"": ""hihat+snare+kick""}",,default,communication_8_hihat+snare+kick,f
25,2025-10-29 19:52:19.008057,,,,,,f,,,{},psynet.trial.static.StaticNode,25,,colors,colors,,,f,f,f,f,f,{},,0,1000000,f,,,{},"{""color"": ""red"", ""drum"": ""communication"", ""grid_size"": 4, ""drum_kit"": ""snare+kick""}",,default,communication_4_snare+kick,f
26,2025-10-29 19:52:19.008059,,,,,,f,,,{},psynet.trial.static.StaticNode,26,,colors,colors,,,f,f,f,f,f,{},,0,1000000,f,,,{},"{""color"": ""red"", ""drum"": ""communication"", ""grid_size"": 4, ""drum_kit"": ""hihat+snare+kick""}",,default,communication_4_hihat+snare+kick,f
27,2025-10-29 19:52:19.00806,,,,,,f,,,{},psynet.trial.static.StaticNode,27,,colors,colors,,,f,f,f,f,f,{},,0,1000000,f,,,{},"{""color"": ""red"", ""drum"": ""communication"", ""grid_size"": 8, ""drum_kit"": ""snare+kick""}",,default,communication_8_snare+kick,f
28,2025-10-29 19:52:19.008061,,,,,,f,,,{},psynet.trial.static.StaticNode,28,,colors,colors,,,f,f,f,f,f,{},,0,1000000,f,,,{},"{""color"": ""red"", ""drum"": ""communication"", ""grid_size"": 8, ""drum_kit"": ""hihat+snare+kick""}",,default,communication_8_hihat+snare+kick,f
29,2025-10-29 19:52:19.008063,,,,,,f,,,{},psynet.trial.static.StaticNode,29,,colors,colors,,,f,f,f,f,f,{},,0,1000000,f,,,{},"{""color"": ""brown"", ""drum"": ""communication"", ""grid_size"": 4, ""drum_kit"": ""snare+kick""}",,default,communication_4_snare+kick,f
30,2025-10-29 19:52:19.008064,,,,,,f,,,{},psynet.trial.static.StaticNode,30,,colors,colors,,,f,f,f,f,f,{},,0,1000000,f,,,{},"{""color"": ""brown"", ""drum"": ""communication"", ""grid_size"": 4, ""drum_kit"": ""hihat+snare+kick""}",,default,communication_4_hihat+snare+kick,f
31,2025-10-29 19:52:19.008066,,,,,,f,,,{},psynet.trial.static.StaticNode,31,,colors,colors,,,f,f,f,f,f,{},,0,1000000,f,,,{},"{""color"": ""brown"", ""drum"": ""communication"", ""grid_size"": 8, ""drum_kit"": ""snare+kick""}",,default,communication_8_snare+kick,f
32,2025-10-29 19:52:19.008067,,,,,,f,,,{},psynet.trial.static.StaticNode,32,,colors,colors,,,f,f,f,f,f,{},,0,1000000,f,,,{},"{""color"": ""brown"", ""drum"": ""communication"", ""grid_size"": 8, ""drum_kit"": ""hihat+snare+kick""}",,default,communication_8_hihat+snare+kick,f
33,2025-10-29 19:52:19.008069,,,,,,f,,,{},psynet.trial.static.StaticNode,33,,colors,colors,,,f,f,f,f,f,{},,0,1000000,f,,,{},"{""color"": ""grey"", ""drum"": ""communication"", ""grid_size"": 4, ""drum_kit"": ""snare+kick""}",,default,communication_4_snare+kick,f
34,2025-10-29 19:52:19.00807,,,,,,f,,,{},psynet.trial.static.StaticNode,34,,colors,colors,,,f,f,f,f,f,{},,0,1000000,f,,,{},"{""color"": ""grey"", ""drum"": ""communication"", ""grid_size"": 4, ""drum_kit"": ""hihat+snare+kick""}",,default,communication_4_hihat+snare+kick,f
35,2025-10-29 19:52:19.008072,,,,,,f,,,{},psynet.trial.static.StaticNode,35,,colors,colors,,,f,f,f,f,f,{},,0,1000000,f,,,{},"{""color"": ""grey"", ""drum"": ""communication"", ""grid_size"": 8, ""drum_kit"": ""snare+kick""}",,default,communication_8_snare+kick,f
36,2025-10-29 19:52:19.008073,,,,,,f,,,{},psynet.trial.static.StaticNode,36,,colors,colors,,,f,f,f,f,f,{},,0,1000000,f,,,{},"{""color"": ""grey"", ""drum"": ""communication"", ""grid_size"": 8, ""drum_kit"": ""hihat+snare+kick""}",,default,communication_8_hihat+snare+kick,f
