id,creation_time,property1,property2,property3,property4,property5,failed,failed_reason,time_of_death,details,type,network_id,participant_id,trial_maker_id,module_id,module_state_id,is_global,on_deploy_complete,async_on_deploy_required,async_on_deploy_requested,async_on_deploy_complete,async_on_deploy_failed,vars,key,degree,target_n_trials,ready_to_spawn,child_id,parent_id,seed,definition,context,participant_group,block,propagate_failure
1,2025-09-25 20:02:42.149063,,,,,,f,,,{},psynet.trial.Node,1,,color_blindness_test,color_blindness_test,,,f,f,f,f,f,{},,0,1000000,f,,,{},"{""label"": ""1"", ""correct_answer"": ""12""}",,default,default,f
2,2025-09-25 20:02:42.149069,,,,,,f,,,{},psynet.trial.Node,2,,color_blindness_test,color_blindness_test,,,f,f,f,f,f,{},,0,1000000,f,,,{},"{""label"": ""2"", ""correct_answer"": ""8""}",,default,default,f
3,2025-09-25 20:02:42.149071,,,,,,f,,,{},psynet.trial.Node,3,,color_blindness_test,color_blindness_test,,,f,f,f,f,f,{},,0,1000000,f,,,{},"{""label"": ""3"", ""correct_answer"": ""29""}",,default,default,f
4,2025-09-25 20:02:42.149073,,,,,,f,,,{},psynet.trial.Node,4,,color_blindness_test,color_blindness_test,,,f,f,f,f,f,{},,0,1000000,f,,,{},"{""label"": ""4"", ""correct_answer"": ""5""}",,default,default,f
5,2025-09-25 20:02:42.149075,,,,,,f,,,{},psynet.trial.Node,5,,color_blindness_test,color_blindness_test,,,f,f,f,f,f,{},,0,1000000,f,,,{},"{""label"": ""5"", ""correct_answer"": ""3""}",,default,default,f
6,2025-09-25 20:02:42.149077,,,,,,f,,,{},psynet.trial.Node,6,,color_blindness_test,color_blindness_test,,,f,f,f,f,f,{},,0,1000000,f,,,{},"{""label"": ""6"", ""correct_answer"": ""15""}",,default,default,f
7,2025-09-25 20:02:42.165147,,,,,,f,,,{},psynet.trial.Node,7,,audio_forced_choice_test,audio_forced_choice_test,,,f,f,f,f,f,{},,0,1000000,f,,,{},"{""url"": ""https://static-audio-demo-stimuli.s3.us-east-1.amazonaws.com/audio_forced_choice_test/dog.wav"", ""answer"": ""dog"", ""answer_options"": [""cat"", ""dog"", ""bird""], ""question"": ""Select the category which fits best to the played sound file.""}",,default,default,f
8,2025-09-25 20:02:42.165153,,,,,,f,,,{},psynet.trial.Node,8,,audio_forced_choice_test,audio_forced_choice_test,,,f,f,f,f,f,{},,0,1000000,f,,,{},"{""url"": ""https://static-audio-demo-stimuli.s3.us-east-1.amazonaws.com/audio_forced_choice_test/dog.wav"", ""answer"": ""dog"", ""answer_options"": [""cat"", ""dog"", ""bird""], ""question"": ""Select the category which fits best to the played sound file.""}",,default,default,f
9,2025-09-25 20:02:42.165155,,,,,,f,,,{},psynet.trial.Node,9,,audio_forced_choice_test,audio_forced_choice_test,,,f,f,f,f,f,{},,0,1000000,f,,,{},"{""url"": ""https://static-audio-demo-stimuli.s3.us-east-1.amazonaws.com/audio_forced_choice_test/bird.wav"", ""answer"": ""bird"", ""answer_options"": [""cat"", ""dog"", ""bird""], ""question"": ""Select the category which fits best to the played sound file.""}",,default,default,f
10,2025-09-25 20:02:42.173004,,,,,,f,,,{},psynet.trial.static.StaticNode,10,,sigspace_trial,sigspace_trial,,,f,f,f,f,f,{},,0,1000000,f,,,{},"{""director_index"": 0, ""color"": ""yellow"", ""matcher_choice"": ""add color"", ""attempts"": 0, ""completed"": false}",,default,default,f
11,2025-09-25 20:02:42.173008,,,,,,f,,,{},psynet.trial.static.StaticNode,11,,sigspace_trial,sigspace_trial,,,f,f,f,f,f,{},,0,1000000,f,,,{},"{""director_index"": 0, ""color"": ""orange"", ""matcher_choice"": ""add color"", ""attempts"": 0, ""completed"": false}",,default,default,f
12,2025-09-25 20:02:42.17301,,,,,,f,,,{},psynet.trial.static.StaticNode,12,,sigspace_trial,sigspace_trial,,,f,f,f,f,f,{},,0,1000000,f,,,{},"{""director_index"": 0, ""color"": ""green"", ""matcher_choice"": ""add color"", ""attempts"": 0, ""completed"": false}",,default,default,f
13,2025-09-25 20:02:42.173011,,,,,,f,,,{},psynet.trial.static.StaticNode,13,,sigspace_trial,sigspace_trial,,,f,f,f,f,f,{},,0,1000000,f,,,{},"{""director_index"": 0, ""color"": ""blue"", ""matcher_choice"": ""add color"", ""attempts"": 0, ""completed"": false}",,default,default,f
14,2025-09-25 20:02:42.173013,,,,,,f,,,{},psynet.trial.static.StaticNode,14,,sigspace_trial,sigspace_trial,,,f,f,f,f,f,{},,0,1000000,f,,,{},"{""director_index"": 0, ""color"": ""purple"", ""matcher_choice"": ""add color"", ""attempts"": 0, ""completed"": false}",,default,default,f
15,2025-09-25 20:02:42.173015,,,,,,f,,,{},psynet.trial.static.StaticNode,15,,sigspace_trial,sigspace_trial,,,f,f,f,f,f,{},,0,1000000,f,,,{},"{""director_index"": 0, ""color"": ""pink"", ""matcher_choice"": ""add color"", ""attempts"": 0, ""completed"": false}",,default,default,f
16,2025-09-25 20:02:42.173017,,,,,,f,,,{},psynet.trial.static.StaticNode,16,,sigspace_trial,sigspace_trial,,,f,f,f,f,f,{},,0,1000000,f,,,{},"{""director_index"": 0, ""color"": ""red"", ""matcher_choice"": ""add color"", ""attempts"": 0, ""completed"": false}",,default,default,f
17,2025-09-25 20:02:42.173019,,,,,,f,,,{},psynet.trial.static.StaticNode,17,,sigspace_trial,sigspace_trial,,,f,f,f,f,f,{},,0,1000000,f,,,{},"{""director_index"": 0, ""color"": ""brown"", ""matcher_choice"": ""add color"", ""attempts"": 0, ""completed"": false}",,default,default,f
18,2025-09-25 20:02:42.173021,,,,,,f,,,{},psynet.trial.static.StaticNode,18,,sigspace_trial,sigspace_trial,,,f,f,f,f,f,{},,0,1000000,f,,,{},"{""director_index"": 0, ""color"": ""grey"", ""matcher_choice"": ""add color"", ""attempts"": 0, ""completed"": false}",,default,default,f
