id,creation_time,property1,property2,property3,property4,property5,failed,failed_reason,time_of_death,details,type,network_id,participant_id,trial_maker_id,module_id,module_state_id,is_global,on_deploy_complete,async_on_deploy_required,async_on_deploy_requested,async_on_deploy_complete,async_on_deploy_failed,vars,key,degree,target_n_trials,ready_to_spawn,child_id,parent_id,seed,definition,context,participant_group,block,propagate_failure
1,2025-10-27 18:11:56.182003,,,,,,f,,,{},psynet.trial.static.StaticNode,1,,sigspace_trial,sigspace_trial,,,f,f,f,f,f,{},,0,1000000,f,,,{},"{""color"": ""yellow"", ""attempts"": 0, ""completed"": false, ""domain"": ""communication"", ""grid_size"": 4, ""drum_kit"": ""hihat+snare+kick"", ""matcher_choice"": ""add color""}",,default,communication_4_hihat+snare+kick,f
2,2025-10-27 18:11:56.182011,,,,,,f,,,{},psynet.trial.static.StaticNode,2,,sigspace_trial,sigspace_trial,,,f,f,f,f,f,{},,0,1000000,f,,,{},"{""color"": ""orange"", ""attempts"": 0, ""completed"": false, ""domain"": ""communication"", ""grid_size"": 4, ""drum_kit"": ""hihat+snare+kick"", ""matcher_choice"": ""add color""}",,default,communication_4_hihat+snare+kick,f
3,2025-10-27 18:11:56.182013,,,,,,f,,,{},psynet.trial.static.StaticNode,3,,sigspace_trial,sigspace_trial,,,f,f,f,f,f,{},,0,1000000,f,,,{},"{""color"": ""green"", ""attempts"": 0, ""completed"": false, ""domain"": ""communication"", ""grid_size"": 4, ""drum_kit"": ""hihat+snare+kick"", ""matcher_choice"": ""add color""}",,default,communication_4_hihat+snare+kick,f
4,2025-10-27 18:11:56.182015,,,,,,f,,,{},psynet.trial.static.StaticNode,4,,sigspace_trial,sigspace_trial,,,f,f,f,f,f,{},,0,1000000,f,,,{},"{""color"": ""blue"", ""attempts"": 0, ""completed"": false, ""domain"": ""communication"", ""grid_size"": 4, ""drum_kit"": ""hihat+snare+kick"", ""matcher_choice"": ""add color""}",,default,communication_4_hihat+snare+kick,f
5,2025-10-27 18:11:56.182017,,,,,,f,,,{},psynet.trial.static.StaticNode,5,,sigspace_trial,sigspace_trial,,,f,f,f,f,f,{},,0,1000000,f,,,{},"{""color"": ""purple"", ""attempts"": 0, ""completed"": false, ""domain"": ""communication"", ""grid_size"": 4, ""drum_kit"": ""hihat+snare+kick"", ""matcher_choice"": ""add color""}",,default,communication_4_hihat+snare+kick,f
6,2025-10-27 18:11:56.182019,,,,,,f,,,{},psynet.trial.static.StaticNode,6,,sigspace_trial,sigspace_trial,,,f,f,f,f,f,{},,0,1000000,f,,,{},"{""color"": ""pink"", ""attempts"": 0, ""completed"": false, ""domain"": ""communication"", ""grid_size"": 4, ""drum_kit"": ""hihat+snare+kick"", ""matcher_choice"": ""add color""}",,default,communication_4_hihat+snare+kick,f
7,2025-10-27 18:11:56.18202,,,,,,f,,,{},psynet.trial.static.StaticNode,7,,sigspace_trial,sigspace_trial,,,f,f,f,f,f,{},,0,1000000,f,,,{},"{""color"": ""red"", ""attempts"": 0, ""completed"": false, ""domain"": ""communication"", ""grid_size"": 4, ""drum_kit"": ""hihat+snare+kick"", ""matcher_choice"": ""add color""}",,default,communication_4_hihat+snare+kick,f
8,2025-10-27 18:11:56.182022,,,,,,f,,,{},psynet.trial.static.StaticNode,8,,sigspace_trial,sigspace_trial,,,f,f,f,f,f,{},,0,1000000,f,,,{},"{""color"": ""brown"", ""attempts"": 0, ""completed"": false, ""domain"": ""communication"", ""grid_size"": 4, ""drum_kit"": ""hihat+snare+kick"", ""matcher_choice"": ""add color""}",,default,communication_4_hihat+snare+kick,f
9,2025-10-27 18:11:56.182024,,,,,,f,,,{},psynet.trial.static.StaticNode,9,,sigspace_trial,sigspace_trial,,,f,f,f,f,f,{},,0,1000000,f,,,{},"{""color"": ""grey"", ""attempts"": 0, ""completed"": false, ""domain"": ""communication"", ""grid_size"": 4, ""drum_kit"": ""hihat+snare+kick"", ""matcher_choice"": ""add color""}",,default,communication_4_hihat+snare+kick,f
