id,creation_time,property1,property2,property3,property4,property5,failed,failed_reason,time_of_death,details,type,network_id,participant_id,trial_maker_id,module_id,module_state_id,is_global,on_deploy_complete,async_on_deploy_required,async_on_deploy_requested,async_on_deploy_complete,async_on_deploy_failed,vars,key,degree,target_n_trials,ready_to_spawn,child_id,parent_id,seed,definition,context,participant_group,block,propagate_failure
1,2025-10-29 20:34:55.600036,,,,,,f,,,{},psynet.trial.static.StaticNode,1,,colors,colors,,,f,f,f,f,f,{},,0,1000000,f,,,{},"{""color"": ""yellow"", ""domain"": ""communication"", ""grid_size"": 4, ""drum_kit"": ""snare+kick""}",,default,communication_4_snare+kick,f
2,2025-10-29 20:34:55.60004,,,,,,f,,,{},psynet.trial.static.StaticNode,2,,colors,colors,,,f,f,f,f,f,{},,0,1000000,f,,,{},"{""color"": ""yellow"", ""domain"": ""communication"", ""grid_size"": 4, ""drum_kit"": ""hihat+snare+kick""}",,default,communication_4_hihat+snare+kick,f
3,2025-10-29 20:34:55.600042,,,,,,f,,,{},psynet.trial.static.StaticNode,3,,colors,colors,,,f,f,f,f,f,{},,0,1000000,f,,,{},"{""color"": ""yellow"", ""domain"": ""communication"", ""grid_size"": 8, ""drum_kit"": ""snare+kick""}",,default,communication_8_snare+kick,f
4,2025-10-29 20:34:55.600043,,,,,,f,,,{},psynet.trial.static.StaticNode,4,,colors,colors,,,f,f,f,f,f,{},,0,1000000,f,,,{},"{""color"": ""yellow"", ""domain"": ""communication"", ""grid_size"": 8, ""drum_kit"": ""hihat+snare+kick""}",,default,communication_8_hihat+snare+kick,f
5,2025-10-29 20:34:55.600045,,,,,,f,,,{},psynet.trial.static.StaticNode,5,,colors,colors,,,f,f,f,f,f,{},,0,1000000,f,,,{},"{""color"": ""yellow"", ""domain"": ""music"", ""grid_size"": 4, ""drum_kit"": ""snare+kick""}",,default,music_4_snare+kick,f
6,2025-10-29 20:34:55.600046,,,,,,f,,,{},psynet.trial.static.StaticNode,6,,colors,colors,,,f,f,f,f,f,{},,0,1000000,f,,,{},"{""color"": ""yellow"", ""domain"": ""music"", ""grid_size"": 4, ""drum_kit"": ""hihat+snare+kick""}",,default,music_4_hihat+snare+kick,f
7,2025-10-29 20:34:55.600048,,,,,,f,,,{},psynet.trial.static.StaticNode,7,,colors,colors,,,f,f,f,f,f,{},,0,1000000,f,,,{},"{""color"": ""yellow"", ""domain"": ""music"", ""grid_size"": 8, ""drum_kit"": ""snare+kick""}",,default,music_8_snare+kick,f
8,2025-10-29 20:34:55.600049,,,,,,f,,,{},psynet.trial.static.StaticNode,8,,colors,colors,,,f,f,f,f,f,{},,0,1000000,f,,,{},"{""color"": ""yellow"", ""domain"": ""music"", ""grid_size"": 8, ""drum_kit"": ""hihat+snare+kick""}",,default,music_8_hihat+snare+kick,f
9,2025-10-29 20:34:55.600051,,,,,,f,,,{},psynet.trial.static.StaticNode,9,,colors,colors,,,f,f,f,f,f,{},,0,1000000,f,,,{},"{""color"": ""orange"", ""domain"": ""communication"", ""grid_size"": 4, ""drum_kit"": ""snare+kick""}",,default,communication_4_snare+kick,f
10,2025-10-29 20:34:55.600052,,,,,,f,,,{},psynet.trial.static.StaticNode,10,,colors,colors,,,f,f,f,f,f,{},,0,1000000,f,,,{},"{""color"": ""orange"", ""domain"": ""communication"", ""grid_size"": 4, ""drum_kit"": ""hihat+snare+kick""}",,default,communication_4_hihat+snare+kick,f
11,2025-10-29 20:34:55.600054,,,,,,f,,,{},psynet.trial.static.StaticNode,11,,colors,colors,,,f,f,f,f,f,{},,0,1000000,f,,,{},"{""color"": ""orange"", ""domain"": ""communication"", ""grid_size"": 8, ""drum_kit"": ""snare+kick""}",,default,communication_8_snare+kick,f
12,2025-10-29 20:34:55.600056,,,,,,f,,,{},psynet.trial.static.StaticNode,12,,colors,colors,,,f,f,f,f,f,{},,0,1000000,f,,,{},"{""color"": ""orange"", ""domain"": ""communication"", ""grid_size"": 8, ""drum_kit"": ""hihat+snare+kick""}",,default,communication_8_hihat+snare+kick,f
13,2025-10-29 20:34:55.600057,,,,,,f,,,{},psynet.trial.static.StaticNode,13,,colors,colors,,,f,f,f,f,f,{},,0,1000000,f,,,{},"{""color"": ""orange"", ""domain"": ""music"", ""grid_size"": 4, ""drum_kit"": ""snare+kick""}",,default,music_4_snare+kick,f
14,2025-10-29 20:34:55.600059,,,,,,f,,,{},psynet.trial.static.StaticNode,14,,colors,colors,,,f,f,f,f,f,{},,0,1000000,f,,,{},"{""color"": ""orange"", ""domain"": ""music"", ""grid_size"": 4, ""drum_kit"": ""hihat+snare+kick""}",,default,music_4_hihat+snare+kick,f
15,2025-10-29 20:34:55.60006,,,,,,f,,,{},psynet.trial.static.StaticNode,15,,colors,colors,,,f,f,f,f,f,{},,0,1000000,f,,,{},"{""color"": ""orange"", ""domain"": ""music"", ""grid_size"": 8, ""drum_kit"": ""snare+kick""}",,default,music_8_snare+kick,f
16,2025-10-29 20:34:55.600061,,,,,,f,,,{},psynet.trial.static.StaticNode,16,,colors,colors,,,f,f,f,f,f,{},,0,1000000,f,,,{},"{""color"": ""orange"", ""domain"": ""music"", ""grid_size"": 8, ""drum_kit"": ""hihat+snare+kick""}",,default,music_8_hihat+snare+kick,f
17,2025-10-29 20:34:55.600063,,,,,,f,,,{},psynet.trial.static.StaticNode,17,,colors,colors,,,f,f,f,f,f,{},,0,1000000,f,,,{},"{""color"": ""green"", ""domain"": ""communication"", ""grid_size"": 4, ""drum_kit"": ""snare+kick""}",,default,communication_4_snare+kick,f
18,2025-10-29 20:34:55.600064,,,,,,f,,,{},psynet.trial.static.StaticNode,18,,colors,colors,,,f,f,f,f,f,{},,0,1000000,f,,,{},"{""color"": ""green"", ""domain"": ""communication"", ""grid_size"": 4, ""drum_kit"": ""hihat+snare+kick""}",,default,communication_4_hihat+snare+kick,f
19,2025-10-29 20:34:55.600066,,,,,,f,,,{},psynet.trial.static.StaticNode,19,,colors,colors,,,f,f,f,f,f,{},,0,1000000,f,,,{},"{""color"": ""green"", ""domain"": ""communication"", ""grid_size"": 8, ""drum_kit"": ""snare+kick""}",,default,communication_8_snare+kick,f
20,2025-10-29 20:34:55.600067,,,,,,f,,,{},psynet.trial.static.StaticNode,20,,colors,colors,,,f,f,f,f,f,{},,0,1000000,f,,,{},"{""color"": ""green"", ""domain"": ""communication"", ""grid_size"": 8, ""drum_kit"": ""hihat+snare+kick""}",,default,communication_8_hihat+snare+kick,f
21,2025-10-29 20:34:55.600069,,,,,,f,,,{},psynet.trial.static.StaticNode,21,,colors,colors,,,f,f,f,f,f,{},,0,1000000,f,,,{},"{""color"": ""green"", ""domain"": ""music"", ""grid_size"": 4, ""drum_kit"": ""snare+kick""}",,default,music_4_snare+kick,f
22,2025-10-29 20:34:55.60007,,,,,,f,,,{},psynet.trial.static.StaticNode,22,,colors,colors,,,f,f,f,f,f,{},,0,1000000,f,,,{},"{""color"": ""green"", ""domain"": ""music"", ""grid_size"": 4, ""drum_kit"": ""hihat+snare+kick""}",,default,music_4_hihat+snare+kick,f
23,2025-10-29 20:34:55.600072,,,,,,f,,,{},psynet.trial.static.StaticNode,23,,colors,colors,,,f,f,f,f,f,{},,0,1000000,f,,,{},"{""color"": ""green"", ""domain"": ""music"", ""grid_size"": 8, ""drum_kit"": ""snare+kick""}",,default,music_8_snare+kick,f
24,2025-10-29 20:34:55.600073,,,,,,f,,,{},psynet.trial.static.StaticNode,24,,colors,colors,,,f,f,f,f,f,{},,0,1000000,f,,,{},"{""color"": ""green"", ""domain"": ""music"", ""grid_size"": 8, ""drum_kit"": ""hihat+snare+kick""}",,default,music_8_hihat+snare+kick,f
25,2025-10-29 20:34:55.600075,,,,,,f,,,{},psynet.trial.static.StaticNode,25,,colors,colors,,,f,f,f,f,f,{},,0,1000000,f,,,{},"{""color"": ""blue"", ""domain"": ""communication"", ""grid_size"": 4, ""drum_kit"": ""snare+kick""}",,default,communication_4_snare+kick,f
26,2025-10-29 20:34:55.600076,,,,,,f,,,{},psynet.trial.static.StaticNode,26,,colors,colors,,,f,f,f,f,f,{},,0,1000000,f,,,{},"{""color"": ""blue"", ""domain"": ""communication"", ""grid_size"": 4, ""drum_kit"": ""hihat+snare+kick""}",,default,communication_4_hihat+snare+kick,f
27,2025-10-29 20:34:55.600078,,,,,,f,,,{},psynet.trial.static.StaticNode,27,,colors,colors,,,f,f,f,f,f,{},,0,1000000,f,,,{},"{""color"": ""blue"", ""domain"": ""communication"", ""grid_size"": 8, ""drum_kit"": ""snare+kick""}",,default,communication_8_snare+kick,f
28,2025-10-29 20:34:55.600079,,,,,,f,,,{},psynet.trial.static.StaticNode,28,,colors,colors,,,f,f,f,f,f,{},,0,1000000,f,,,{},"{""color"": ""blue"", ""domain"": ""communication"", ""grid_size"": 8, ""drum_kit"": ""hihat+snare+kick""}",,default,communication_8_hihat+snare+kick,f
29,2025-10-29 20:34:55.60008,,,,,,f,,,{},psynet.trial.static.StaticNode,29,,colors,colors,,,f,f,f,f,f,{},,0,1000000,f,,,{},"{""color"": ""blue"", ""domain"": ""music"", ""grid_size"": 4, ""drum_kit"": ""snare+kick""}",,default,music_4_snare+kick,f
30,2025-10-29 20:34:55.600082,,,,,,f,,,{},psynet.trial.static.StaticNode,30,,colors,colors,,,f,f,f,f,f,{},,0,1000000,f,,,{},"{""color"": ""blue"", ""domain"": ""music"", ""grid_size"": 4, ""drum_kit"": ""hihat+snare+kick""}",,default,music_4_hihat+snare+kick,f
31,2025-10-29 20:34:55.600083,,,,,,f,,,{},psynet.trial.static.StaticNode,31,,colors,colors,,,f,f,f,f,f,{},,0,1000000,f,,,{},"{""color"": ""blue"", ""domain"": ""music"", ""grid_size"": 8, ""drum_kit"": ""snare+kick""}",,default,music_8_snare+kick,f
32,2025-10-29 20:34:55.600085,,,,,,f,,,{},psynet.trial.static.StaticNode,32,,colors,colors,,,f,f,f,f,f,{},,0,1000000,f,,,{},"{""color"": ""blue"", ""domain"": ""music"", ""grid_size"": 8, ""drum_kit"": ""hihat+snare+kick""}",,default,music_8_hihat+snare+kick,f
33,2025-10-29 20:34:55.600086,,,,,,f,,,{},psynet.trial.static.StaticNode,33,,colors,colors,,,f,f,f,f,f,{},,0,1000000,f,,,{},"{""color"": ""purple"", ""domain"": ""communication"", ""grid_size"": 4, ""drum_kit"": ""snare+kick""}",,default,communication_4_snare+kick,f
34,2025-10-29 20:34:55.600088,,,,,,f,,,{},psynet.trial.static.StaticNode,34,,colors,colors,,,f,f,f,f,f,{},,0,1000000,f,,,{},"{""color"": ""purple"", ""domain"": ""communication"", ""grid_size"": 4, ""drum_kit"": ""hihat+snare+kick""}",,default,communication_4_hihat+snare+kick,f
35,2025-10-29 20:34:55.600089,,,,,,f,,,{},psynet.trial.static.StaticNode,35,,colors,colors,,,f,f,f,f,f,{},,0,1000000,f,,,{},"{""color"": ""purple"", ""domain"": ""communication"", ""grid_size"": 8, ""drum_kit"": ""snare+kick""}",,default,communication_8_snare+kick,f
36,2025-10-29 20:34:55.600091,,,,,,f,,,{},psynet.trial.static.StaticNode,36,,colors,colors,,,f,f,f,f,f,{},,0,1000000,f,,,{},"{""color"": ""purple"", ""domain"": ""communication"", ""grid_size"": 8, ""drum_kit"": ""hihat+snare+kick""}",,default,communication_8_hihat+snare+kick,f
37,2025-10-29 20:34:55.600092,,,,,,f,,,{},psynet.trial.static.StaticNode,37,,colors,colors,,,f,f,f,f,f,{},,0,1000000,f,,,{},"{""color"": ""purple"", ""domain"": ""music"", ""grid_size"": 4, ""drum_kit"": ""snare+kick""}",,default,music_4_snare+kick,f
38,2025-10-29 20:34:55.600094,,,,,,f,,,{},psynet.trial.static.StaticNode,38,,colors,colors,,,f,f,f,f,f,{},,0,1000000,f,,,{},"{""color"": ""purple"", ""domain"": ""music"", ""grid_size"": 4, ""drum_kit"": ""hihat+snare+kick""}",,default,music_4_hihat+snare+kick,f
39,2025-10-29 20:34:55.600095,,,,,,f,,,{},psynet.trial.static.StaticNode,39,,colors,colors,,,f,f,f,f,f,{},,0,1000000,f,,,{},"{""color"": ""purple"", ""domain"": ""music"", ""grid_size"": 8, ""drum_kit"": ""snare+kick""}",,default,music_8_snare+kick,f
40,2025-10-29 20:34:55.600097,,,,,,f,,,{},psynet.trial.static.StaticNode,40,,colors,colors,,,f,f,f,f,f,{},,0,1000000,f,,,{},"{""color"": ""purple"", ""domain"": ""music"", ""grid_size"": 8, ""drum_kit"": ""hihat+snare+kick""}",,default,music_8_hihat+snare+kick,f
41,2025-10-29 20:34:55.600098,,,,,,f,,,{},psynet.trial.static.StaticNode,41,,colors,colors,,,f,f,f,f,f,{},,0,1000000,f,,,{},"{""color"": ""pink"", ""domain"": ""communication"", ""grid_size"": 4, ""drum_kit"": ""snare+kick""}",,default,communication_4_snare+kick,f
42,2025-10-29 20:34:55.600099,,,,,,f,,,{},psynet.trial.static.StaticNode,42,,colors,colors,,,f,f,f,f,f,{},,0,1000000,f,,,{},"{""color"": ""pink"", ""domain"": ""communication"", ""grid_size"": 4, ""drum_kit"": ""hihat+snare+kick""}",,default,communication_4_hihat+snare+kick,f
43,2025-10-29 20:34:55.600101,,,,,,f,,,{},psynet.trial.static.StaticNode,43,,colors,colors,,,f,f,f,f,f,{},,0,1000000,f,,,{},"{""color"": ""pink"", ""domain"": ""communication"", ""grid_size"": 8, ""drum_kit"": ""snare+kick""}",,default,communication_8_snare+kick,f
44,2025-10-29 20:34:55.600102,,,,,,f,,,{},psynet.trial.static.StaticNode,44,,colors,colors,,,f,f,f,f,f,{},,0,1000000,f,,,{},"{""color"": ""pink"", ""domain"": ""communication"", ""grid_size"": 8, ""drum_kit"": ""hihat+snare+kick""}",,default,communication_8_hihat+snare+kick,f
45,2025-10-29 20:34:55.600104,,,,,,f,,,{},psynet.trial.static.StaticNode,45,,colors,colors,,,f,f,f,f,f,{},,0,1000000,f,,,{},"{""color"": ""pink"", ""domain"": ""music"", ""grid_size"": 4, ""drum_kit"": ""snare+kick""}",,default,music_4_snare+kick,f
46,2025-10-29 20:34:55.600105,,,,,,f,,,{},psynet.trial.static.StaticNode,46,,colors,colors,,,f,f,f,f,f,{},,0,1000000,f,,,{},"{""color"": ""pink"", ""domain"": ""music"", ""grid_size"": 4, ""drum_kit"": ""hihat+snare+kick""}",,default,music_4_hihat+snare+kick,f
47,2025-10-29 20:34:55.600107,,,,,,f,,,{},psynet.trial.static.StaticNode,47,,colors,colors,,,f,f,f,f,f,{},,0,1000000,f,,,{},"{""color"": ""pink"", ""domain"": ""music"", ""grid_size"": 8, ""drum_kit"": ""snare+kick""}",,default,music_8_snare+kick,f
48,2025-10-29 20:34:55.600108,,,,,,f,,,{},psynet.trial.static.StaticNode,48,,colors,colors,,,f,f,f,f,f,{},,0,1000000,f,,,{},"{""color"": ""pink"", ""domain"": ""music"", ""grid_size"": 8, ""drum_kit"": ""hihat+snare+kick""}",,default,music_8_hihat+snare+kick,f
49,2025-10-29 20:34:55.60011,,,,,,f,,,{},psynet.trial.static.StaticNode,49,,colors,colors,,,f,f,f,f,f,{},,0,1000000,f,,,{},"{""color"": ""red"", ""domain"": ""communication"", ""grid_size"": 4, ""drum_kit"": ""snare+kick""}",,default,communication_4_snare+kick,f
50,2025-10-29 20:34:55.600111,,,,,,f,,,{},psynet.trial.static.StaticNode,50,,colors,colors,,,f,f,f,f,f,{},,0,1000000,f,,,{},"{""color"": ""red"", ""domain"": ""communication"", ""grid_size"": 4, ""drum_kit"": ""hihat+snare+kick""}",,default,communication_4_hihat+snare+kick,f
51,2025-10-29 20:34:55.600112,,,,,,f,,,{},psynet.trial.static.StaticNode,51,,colors,colors,,,f,f,f,f,f,{},,0,1000000,f,,,{},"{""color"": ""red"", ""domain"": ""communication"", ""grid_size"": 8, ""drum_kit"": ""snare+kick""}",,default,communication_8_snare+kick,f
52,2025-10-29 20:34:55.600114,,,,,,f,,,{},psynet.trial.static.StaticNode,52,,colors,colors,,,f,f,f,f,f,{},,0,1000000,f,,,{},"{""color"": ""red"", ""domain"": ""communication"", ""grid_size"": 8, ""drum_kit"": ""hihat+snare+kick""}",,default,communication_8_hihat+snare+kick,f
53,2025-10-29 20:34:55.600115,,,,,,f,,,{},psynet.trial.static.StaticNode,53,,colors,colors,,,f,f,f,f,f,{},,0,1000000,f,,,{},"{""color"": ""red"", ""domain"": ""music"", ""grid_size"": 4, ""drum_kit"": ""snare+kick""}",,default,music_4_snare+kick,f
54,2025-10-29 20:34:55.600117,,,,,,f,,,{},psynet.trial.static.StaticNode,54,,colors,colors,,,f,f,f,f,f,{},,0,1000000,f,,,{},"{""color"": ""red"", ""domain"": ""music"", ""grid_size"": 4, ""drum_kit"": ""hihat+snare+kick""}",,default,music_4_hihat+snare+kick,f
55,2025-10-29 20:34:55.600118,,,,,,f,,,{},psynet.trial.static.StaticNode,55,,colors,colors,,,f,f,f,f,f,{},,0,1000000,f,,,{},"{""color"": ""red"", ""domain"": ""music"", ""grid_size"": 8, ""drum_kit"": ""snare+kick""}",,default,music_8_snare+kick,f
56,2025-10-29 20:34:55.60012,,,,,,f,,,{},psynet.trial.static.StaticNode,56,,colors,colors,,,f,f,f,f,f,{},,0,1000000,f,,,{},"{""color"": ""red"", ""domain"": ""music"", ""grid_size"": 8, ""drum_kit"": ""hihat+snare+kick""}",,default,music_8_hihat+snare+kick,f
57,2025-10-29 20:34:55.600121,,,,,,f,,,{},psynet.trial.static.StaticNode,57,,colors,colors,,,f,f,f,f,f,{},,0,1000000,f,,,{},"{""color"": ""brown"", ""domain"": ""communication"", ""grid_size"": 4, ""drum_kit"": ""snare+kick""}",,default,communication_4_snare+kick,f
58,2025-10-29 20:34:55.600123,,,,,,f,,,{},psynet.trial.static.StaticNode,58,,colors,colors,,,f,f,f,f,f,{},,0,1000000,f,,,{},"{""color"": ""brown"", ""domain"": ""communication"", ""grid_size"": 4, ""drum_kit"": ""hihat+snare+kick""}",,default,communication_4_hihat+snare+kick,f
59,2025-10-29 20:34:55.600126,,,,,,f,,,{},psynet.trial.static.StaticNode,59,,colors,colors,,,f,f,f,f,f,{},,0,1000000,f,,,{},"{""color"": ""brown"", ""domain"": ""communication"", ""grid_size"": 8, ""drum_kit"": ""snare+kick""}",,default,communication_8_snare+kick,f
60,2025-10-29 20:34:55.600127,,,,,,f,,,{},psynet.trial.static.StaticNode,60,,colors,colors,,,f,f,f,f,f,{},,0,1000000,f,,,{},"{""color"": ""brown"", ""domain"": ""communication"", ""grid_size"": 8, ""drum_kit"": ""hihat+snare+kick""}",,default,communication_8_hihat+snare+kick,f
61,2025-10-29 20:34:55.600129,,,,,,f,,,{},psynet.trial.static.StaticNode,61,,colors,colors,,,f,f,f,f,f,{},,0,1000000,f,,,{},"{""color"": ""brown"", ""domain"": ""music"", ""grid_size"": 4, ""drum_kit"": ""snare+kick""}",,default,music_4_snare+kick,f
62,2025-10-29 20:34:55.60013,,,,,,f,,,{},psynet.trial.static.StaticNode,62,,colors,colors,,,f,f,f,f,f,{},,0,1000000,f,,,{},"{""color"": ""brown"", ""domain"": ""music"", ""grid_size"": 4, ""drum_kit"": ""hihat+snare+kick""}",,default,music_4_hihat+snare+kick,f
63,2025-10-29 20:34:55.600132,,,,,,f,,,{},psynet.trial.static.StaticNode,63,,colors,colors,,,f,f,f,f,f,{},,0,1000000,f,,,{},"{""color"": ""brown"", ""domain"": ""music"", ""grid_size"": 8, ""drum_kit"": ""snare+kick""}",,default,music_8_snare+kick,f
64,2025-10-29 20:34:55.600133,,,,,,f,,,{},psynet.trial.static.StaticNode,64,,colors,colors,,,f,f,f,f,f,{},,0,1000000,f,,,{},"{""color"": ""brown"", ""domain"": ""music"", ""grid_size"": 8, ""drum_kit"": ""hihat+snare+kick""}",,default,music_8_hihat+snare+kick,f
65,2025-10-29 20:34:55.600134,,,,,,f,,,{},psynet.trial.static.StaticNode,65,,colors,colors,,,f,f,f,f,f,{},,0,1000000,f,,,{},"{""color"": ""grey"", ""domain"": ""communication"", ""grid_size"": 4, ""drum_kit"": ""snare+kick""}",,default,communication_4_snare+kick,f
66,2025-10-29 20:34:55.600136,,,,,,f,,,{},psynet.trial.static.StaticNode,66,,colors,colors,,,f,f,f,f,f,{},,0,1000000,f,,,{},"{""color"": ""grey"", ""domain"": ""communication"", ""grid_size"": 4, ""drum_kit"": ""hihat+snare+kick""}",,default,communication_4_hihat+snare+kick,f
67,2025-10-29 20:34:55.600137,,,,,,f,,,{},psynet.trial.static.StaticNode,67,,colors,colors,,,f,f,f,f,f,{},,0,1000000,f,,,{},"{""color"": ""grey"", ""domain"": ""communication"", ""grid_size"": 8, ""drum_kit"": ""snare+kick""}",,default,communication_8_snare+kick,f
68,2025-10-29 20:34:55.600139,,,,,,f,,,{},psynet.trial.static.StaticNode,68,,colors,colors,,,f,f,f,f,f,{},,0,1000000,f,,,{},"{""color"": ""grey"", ""domain"": ""communication"", ""grid_size"": 8, ""drum_kit"": ""hihat+snare+kick""}",,default,communication_8_hihat+snare+kick,f
69,2025-10-29 20:34:55.60014,,,,,,f,,,{},psynet.trial.static.StaticNode,69,,colors,colors,,,f,f,f,f,f,{},,0,1000000,f,,,{},"{""color"": ""grey"", ""domain"": ""music"", ""grid_size"": 4, ""drum_kit"": ""snare+kick""}",,default,music_4_snare+kick,f
70,2025-10-29 20:34:55.600142,,,,,,f,,,{},psynet.trial.static.StaticNode,70,,colors,colors,,,f,f,f,f,f,{},,0,1000000,f,,,{},"{""color"": ""grey"", ""domain"": ""music"", ""grid_size"": 4, ""drum_kit"": ""hihat+snare+kick""}",,default,music_4_hihat+snare+kick,f
71,2025-10-29 20:34:55.600143,,,,,,f,,,{},psynet.trial.static.StaticNode,71,,colors,colors,,,f,f,f,f,f,{},,0,1000000,f,,,{},"{""color"": ""grey"", ""domain"": ""music"", ""grid_size"": 8, ""drum_kit"": ""snare+kick""}",,default,music_8_snare+kick,f
72,2025-10-29 20:34:55.600145,,,,,,f,,,{},psynet.trial.static.StaticNode,72,,colors,colors,,,f,f,f,f,f,{},,0,1000000,f,,,{},"{""color"": ""grey"", ""domain"": ""music"", ""grid_size"": 8, ""drum_kit"": ""hihat+snare+kick""}",,default,music_8_hihat+snare+kick,f
