id,creation_time,property1,property2,property3,property4,property5,failed,failed_reason,time_of_death,details,type,network_id,participant_id,trial_maker_id,module_id,module_state_id,is_global,on_deploy_complete,async_on_deploy_required,async_on_deploy_requested,async_on_deploy_complete,async_on_deploy_failed,vars,key,degree,target_n_trials,ready_to_spawn,child_id,parent_id,seed,definition,context,participant_group,block,propagate_failure
1,2025-10-27 19:20:53.81228,,,,,,f,,,{},psynet.trial.static.StaticNode,1,,sigspace_trial,sigspace_trial,,,f,f,f,f,f,{},,0,1000000,f,,,{},"{""color"": ""yellow"", ""domain"": ""communication"", ""grid_size"": 4, ""drum_kit"": ""hihat+snare+kick"", ""matcher_choice"": ""add color""}",,default,communication_4_hihat+snare+kick,f
2,2025-10-27 19:20:53.812285,,,,,,f,,,{},psynet.trial.static.StaticNode,2,,sigspace_trial,sigspace_trial,,,f,f,f,f,f,{},,0,1000000,f,,,{},"{""color"": ""orange"", ""domain"": ""communication"", ""grid_size"": 4, ""drum_kit"": ""hihat+snare+kick"", ""matcher_choice"": ""add color""}",,default,communication_4_hihat+snare+kick,f
3,2025-10-27 19:20:53.812286,,,,,,f,,,{},psynet.trial.static.StaticNode,3,,sigspace_trial,sigspace_trial,,,f,f,f,f,f,{},,0,1000000,f,,,{},"{""color"": ""green"", ""domain"": ""communication"", ""grid_size"": 4, ""drum_kit"": ""hihat+snare+kick"", ""matcher_choice"": ""add color""}",,default,communication_4_hihat+snare+kick,f
4,2025-10-27 19:20:53.812288,,,,,,f,,,{},psynet.trial.static.StaticNode,4,,sigspace_trial,sigspace_trial,,,f,f,f,f,f,{},,0,1000000,f,,,{},"{""color"": ""blue"", ""domain"": ""communication"", ""grid_size"": 4, ""drum_kit"": ""hihat+snare+kick"", ""matcher_choice"": ""add color""}",,default,communication_4_hihat+snare+kick,f
5,2025-10-27 19:20:53.812289,,,,,,f,,,{},psynet.trial.static.StaticNode,5,,sigspace_trial,sigspace_trial,,,f,f,f,f,f,{},,0,1000000,f,,,{},"{""color"": ""purple"", ""domain"": ""communication"", ""grid_size"": 4, ""drum_kit"": ""hihat+snare+kick"", ""matcher_choice"": ""add color""}",,default,communication_4_hihat+snare+kick,f
6,2025-10-27 19:20:53.812291,,,,,,f,,,{},psynet.trial.static.StaticNode,6,,sigspace_trial,sigspace_trial,,,f,f,f,f,f,{},,0,1000000,f,,,{},"{""color"": ""pink"", ""domain"": ""communication"", ""grid_size"": 4, ""drum_kit"": ""hihat+snare+kick"", ""matcher_choice"": ""add color""}",,default,communication_4_hihat+snare+kick,f
7,2025-10-27 19:20:53.812293,,,,,,f,,,{},psynet.trial.static.StaticNode,7,,sigspace_trial,sigspace_trial,,,f,f,f,f,f,{},,0,1000000,f,,,{},"{""color"": ""red"", ""domain"": ""communication"", ""grid_size"": 4, ""drum_kit"": ""hihat+snare+kick"", ""matcher_choice"": ""add color""}",,default,communication_4_hihat+snare+kick,f
8,2025-10-27 19:20:53.812294,,,,,,f,,,{},psynet.trial.static.StaticNode,8,,sigspace_trial,sigspace_trial,,,f,f,f,f,f,{},,0,1000000,f,,,{},"{""color"": ""brown"", ""domain"": ""communication"", ""grid_size"": 4, ""drum_kit"": ""hihat+snare+kick"", ""matcher_choice"": ""add color""}",,default,communication_4_hihat+snare+kick,f
9,2025-10-27 19:20:53.812296,,,,,,f,,,{},psynet.trial.static.StaticNode,9,,sigspace_trial,sigspace_trial,,,f,f,f,f,f,{},,0,1000000,f,,,{},"{""color"": ""grey"", ""domain"": ""communication"", ""grid_size"": 4, ""drum_kit"": ""hihat+snare+kick"", ""matcher_choice"": ""add color""}",,default,communication_4_hihat+snare+kick,f
