id,creation_time,property1,property2,property3,property4,property5,failed,failed_reason,time_of_death,details,type,network_id,participant_id,trial_maker_id,module_id,module_state_id,is_global,on_deploy_complete,async_on_deploy_required,async_on_deploy_requested,async_on_deploy_complete,async_on_deploy_failed,vars,key,degree,target_n_trials,ready_to_spawn,child_id,parent_id,seed,definition,context,participant_group,block,propagate_failure
1,2025-10-28 16:28:52.505701,,,,,,f,,,{},psynet.trial.static.StaticNode,1,,sigspace_trial,sigspace_trial,,,f,f,f,f,f,{},,0,1000000,f,,,{},"{""melody"": ""yellow"", ""domain"": ""music"", ""grid_size"": 4, ""drum_kit"": ""hihat+snare+kick""}",,default,music_4_hihat+snare+kick,f
2,2025-10-28 16:28:52.505706,,,,,,f,,,{},psynet.trial.static.StaticNode,2,,sigspace_trial,sigspace_trial,,,f,f,f,f,f,{},,0,1000000,f,,,{},"{""melody"": ""orange"", ""domain"": ""music"", ""grid_size"": 4, ""drum_kit"": ""hihat+snare+kick""}",,default,music_4_hihat+snare+kick,f
3,2025-10-28 16:28:52.505707,,,,,,f,,,{},psynet.trial.static.StaticNode,3,,sigspace_trial,sigspace_trial,,,f,f,f,f,f,{},,0,1000000,f,,,{},"{""melody"": ""green"", ""domain"": ""music"", ""grid_size"": 4, ""drum_kit"": ""hihat+snare+kick""}",,default,music_4_hihat+snare+kick,f
4,2025-10-28 16:28:52.505709,,,,,,f,,,{},psynet.trial.static.StaticNode,4,,sigspace_trial,sigspace_trial,,,f,f,f,f,f,{},,0,1000000,f,,,{},"{""melody"": ""blue"", ""domain"": ""music"", ""grid_size"": 4, ""drum_kit"": ""hihat+snare+kick""}",,default,music_4_hihat+snare+kick,f
5,2025-10-28 16:28:52.50571,,,,,,f,,,{},psynet.trial.static.StaticNode,5,,sigspace_trial,sigspace_trial,,,f,f,f,f,f,{},,0,1000000,f,,,{},"{""melody"": ""purple"", ""domain"": ""music"", ""grid_size"": 4, ""drum_kit"": ""hihat+snare+kick""}",,default,music_4_hihat+snare+kick,f
6,2025-10-28 16:28:52.505712,,,,,,f,,,{},psynet.trial.static.StaticNode,6,,sigspace_trial,sigspace_trial,,,f,f,f,f,f,{},,0,1000000,f,,,{},"{""melody"": ""pink"", ""domain"": ""music"", ""grid_size"": 4, ""drum_kit"": ""hihat+snare+kick""}",,default,music_4_hihat+snare+kick,f
7,2025-10-28 16:28:52.505713,,,,,,f,,,{},psynet.trial.static.StaticNode,7,,sigspace_trial,sigspace_trial,,,f,f,f,f,f,{},,0,1000000,f,,,{},"{""melody"": ""red"", ""domain"": ""music"", ""grid_size"": 4, ""drum_kit"": ""hihat+snare+kick""}",,default,music_4_hihat+snare+kick,f
8,2025-10-28 16:28:52.505715,,,,,,f,,,{},psynet.trial.static.StaticNode,8,,sigspace_trial,sigspace_trial,,,f,f,f,f,f,{},,0,1000000,f,,,{},"{""melody"": ""brown"", ""domain"": ""music"", ""grid_size"": 4, ""drum_kit"": ""hihat+snare+kick""}",,default,music_4_hihat+snare+kick,f
9,2025-10-28 16:28:52.505716,,,,,,f,,,{},psynet.trial.static.StaticNode,9,,sigspace_trial,sigspace_trial,,,f,f,f,f,f,{},,0,1000000,f,,,{},"{""melody"": ""grey"", ""domain"": ""music"", ""grid_size"": 4, ""drum_kit"": ""hihat+snare+kick""}",,default,music_4_hihat+snare+kick,f
