id,creation_time,property1,property2,property3,property4,property5,failed,failed_reason,time_of_death,details,type,network_id,participant_id,trial_maker_id,module_id,module_state_id,is_global,on_deploy_complete,async_on_deploy_required,async_on_deploy_requested,async_on_deploy_complete,async_on_deploy_failed,vars,key,degree,target_n_trials,ready_to_spawn,child_id,parent_id,seed,definition,context,participant_group,block,propagate_failure
1,2025-10-29 23:35:49.727605,,,,,,f,,,{},psynet.trial.Node,1,,color_blindness_test,color_blindness_test,,,f,f,f,f,f,{},,0,1000000,f,,,{},"{""label"": ""1"", ""correct_answer"": ""12""}",,default,default,f
2,2025-10-29 23:35:49.727609,,,,,,f,,,{},psynet.trial.Node,2,,color_blindness_test,color_blindness_test,,,f,f,f,f,f,{},,0,1000000,f,,,{},"{""label"": ""2"", ""correct_answer"": ""8""}",,default,default,f
3,2025-10-29 23:35:49.727611,,,,,,f,,,{},psynet.trial.Node,3,,color_blindness_test,color_blindness_test,,,f,f,f,f,f,{},,0,1000000,f,,,{},"{""label"": ""3"", ""correct_answer"": ""29""}",,default,default,f
4,2025-10-29 23:35:49.727613,,,,,,f,,,{},psynet.trial.Node,4,,color_blindness_test,color_blindness_test,,,f,f,f,f,f,{},,0,1000000,f,,,{},"{""label"": ""4"", ""correct_answer"": ""5""}",,default,default,f
5,2025-10-29 23:35:49.727614,,,,,,f,,,{},psynet.trial.Node,5,,color_blindness_test,color_blindness_test,,,f,f,f,f,f,{},,0,1000000,f,,,{},"{""label"": ""5"", ""correct_answer"": ""3""}",,default,default,f
6,2025-10-29 23:35:49.727616,,,,,,f,,,{},psynet.trial.Node,6,,color_blindness_test,color_blindness_test,,,f,f,f,f,f,{},,0,1000000,f,,,{},"{""label"": ""6"", ""correct_answer"": ""15""}",,default,default,f
7,2025-10-29 23:35:49.767572,,,,,,f,,,{},psynet.trial.Node,7,,audio_forced_choice_test,audio_forced_choice_test,,,f,f,f,f,f,{},,0,1000000,f,,,{},"{""url"": ""https://static-audio-demo-stimuli.s3.us-east-1.amazonaws.com/audio_forced_choice_test/dog.wav"", ""answer"": ""dog"", ""answer_options"": [""cat"", ""dog"", ""bird""], ""question"": ""Select the category which fits best to the played sound file.""}",,default,default,f
8,2025-10-29 23:35:49.767575,,,,,,f,,,{},psynet.trial.Node,8,,audio_forced_choice_test,audio_forced_choice_test,,,f,f,f,f,f,{},,0,1000000,f,,,{},"{""url"": ""https://static-audio-demo-stimuli.s3.us-east-1.amazonaws.com/audio_forced_choice_test/bird.wav"", ""answer"": ""bird"", ""answer_options"": [""cat"", ""dog"", ""bird""], ""question"": ""Select the category which fits best to the played sound file.""}",,default,default,f
9,2025-10-29 23:35:49.767577,,,,,,f,,,{},psynet.trial.Node,9,,audio_forced_choice_test,audio_forced_choice_test,,,f,f,f,f,f,{},,0,1000000,f,,,{},"{""url"": ""https://static-audio-demo-stimuli.s3.us-east-1.amazonaws.com/audio_forced_choice_test/dog.wav"", ""answer"": ""dog"", ""answer_options"": [""cat"", ""dog"", ""bird""], ""question"": ""Select the category which fits best to the played sound file.""}",,default,default,f
10,2025-10-29 23:35:49.796569,,,,,,f,,,{},psynet.trial.static.StaticNode,10,,colors,colors,,,f,f,f,f,f,{},,0,1000000,f,,,{},"{""color"": ""yellow"", ""domain"": ""communication"", ""grid_size"": 4, ""drum_kit"": ""snare+kick""}",,default,communication_4_snare+kick,f
11,2025-10-29 23:35:49.796577,,,,,,f,,,{},psynet.trial.static.StaticNode,11,,colors,colors,,,f,f,f,f,f,{},,0,1000000,f,,,{},"{""color"": ""yellow"", ""domain"": ""communication"", ""grid_size"": 4, ""drum_kit"": ""hihat+snare+kick""}",,default,communication_4_hihat+snare+kick,f
12,2025-10-29 23:35:49.796579,,,,,,f,,,{},psynet.trial.static.StaticNode,12,,colors,colors,,,f,f,f,f,f,{},,0,1000000,f,,,{},"{""color"": ""yellow"", ""domain"": ""communication"", ""grid_size"": 8, ""drum_kit"": ""snare+kick""}",,default,communication_8_snare+kick,f
13,2025-10-29 23:35:49.796581,,,,,,f,,,{},psynet.trial.static.StaticNode,13,,colors,colors,,,f,f,f,f,f,{},,0,1000000,f,,,{},"{""color"": ""yellow"", ""domain"": ""communication"", ""grid_size"": 8, ""drum_kit"": ""hihat+snare+kick""}",,default,communication_8_hihat+snare+kick,f
14,2025-10-29 23:35:49.796582,,,,,,f,,,{},psynet.trial.static.StaticNode,14,,colors,colors,,,f,f,f,f,f,{},,0,1000000,f,,,{},"{""color"": ""yellow"", ""domain"": ""music"", ""grid_size"": 4, ""drum_kit"": ""snare+kick""}",,default,music_4_snare+kick,f
15,2025-10-29 23:35:49.796584,,,,,,f,,,{},psynet.trial.static.StaticNode,15,,colors,colors,,,f,f,f,f,f,{},,0,1000000,f,,,{},"{""color"": ""yellow"", ""domain"": ""music"", ""grid_size"": 4, ""drum_kit"": ""hihat+snare+kick""}",,default,music_4_hihat+snare+kick,f
16,2025-10-29 23:35:49.796586,,,,,,f,,,{},psynet.trial.static.StaticNode,16,,colors,colors,,,f,f,f,f,f,{},,0,1000000,f,,,{},"{""color"": ""yellow"", ""domain"": ""music"", ""grid_size"": 8, ""drum_kit"": ""snare+kick""}",,default,music_8_snare+kick,f
17,2025-10-29 23:35:49.796587,,,,,,f,,,{},psynet.trial.static.StaticNode,17,,colors,colors,,,f,f,f,f,f,{},,0,1000000,f,,,{},"{""color"": ""yellow"", ""domain"": ""music"", ""grid_size"": 8, ""drum_kit"": ""hihat+snare+kick""}",,default,music_8_hihat+snare+kick,f
18,2025-10-29 23:35:49.796589,,,,,,f,,,{},psynet.trial.static.StaticNode,18,,colors,colors,,,f,f,f,f,f,{},,0,1000000,f,,,{},"{""color"": ""orange"", ""domain"": ""communication"", ""grid_size"": 4, ""drum_kit"": ""snare+kick""}",,default,communication_4_snare+kick,f
19,2025-10-29 23:35:49.796591,,,,,,f,,,{},psynet.trial.static.StaticNode,19,,colors,colors,,,f,f,f,f,f,{},,0,1000000,f,,,{},"{""color"": ""orange"", ""domain"": ""communication"", ""grid_size"": 4, ""drum_kit"": ""hihat+snare+kick""}",,default,communication_4_hihat+snare+kick,f
20,2025-10-29 23:35:49.796592,,,,,,f,,,{},psynet.trial.static.StaticNode,20,,colors,colors,,,f,f,f,f,f,{},,0,1000000,f,,,{},"{""color"": ""orange"", ""domain"": ""communication"", ""grid_size"": 8, ""drum_kit"": ""snare+kick""}",,default,communication_8_snare+kick,f
21,2025-10-29 23:35:49.796594,,,,,,f,,,{},psynet.trial.static.StaticNode,21,,colors,colors,,,f,f,f,f,f,{},,0,1000000,f,,,{},"{""color"": ""orange"", ""domain"": ""communication"", ""grid_size"": 8, ""drum_kit"": ""hihat+snare+kick""}",,default,communication_8_hihat+snare+kick,f
22,2025-10-29 23:35:49.796596,,,,,,f,,,{},psynet.trial.static.StaticNode,22,,colors,colors,,,f,f,f,f,f,{},,0,1000000,f,,,{},"{""color"": ""orange"", ""domain"": ""music"", ""grid_size"": 4, ""drum_kit"": ""snare+kick""}",,default,music_4_snare+kick,f
23,2025-10-29 23:35:49.796597,,,,,,f,,,{},psynet.trial.static.StaticNode,23,,colors,colors,,,f,f,f,f,f,{},,0,1000000,f,,,{},"{""color"": ""orange"", ""domain"": ""music"", ""grid_size"": 4, ""drum_kit"": ""hihat+snare+kick""}",,default,music_4_hihat+snare+kick,f
24,2025-10-29 23:35:49.796599,,,,,,f,,,{},psynet.trial.static.StaticNode,24,,colors,colors,,,f,f,f,f,f,{},,0,1000000,f,,,{},"{""color"": ""orange"", ""domain"": ""music"", ""grid_size"": 8, ""drum_kit"": ""snare+kick""}",,default,music_8_snare+kick,f
25,2025-10-29 23:35:49.796601,,,,,,f,,,{},psynet.trial.static.StaticNode,25,,colors,colors,,,f,f,f,f,f,{},,0,1000000,f,,,{},"{""color"": ""orange"", ""domain"": ""music"", ""grid_size"": 8, ""drum_kit"": ""hihat+snare+kick""}",,default,music_8_hihat+snare+kick,f
26,2025-10-29 23:35:49.796602,,,,,,f,,,{},psynet.trial.static.StaticNode,26,,colors,colors,,,f,f,f,f,f,{},,0,1000000,f,,,{},"{""color"": ""green"", ""domain"": ""communication"", ""grid_size"": 4, ""drum_kit"": ""snare+kick""}",,default,communication_4_snare+kick,f
27,2025-10-29 23:35:49.796604,,,,,,f,,,{},psynet.trial.static.StaticNode,27,,colors,colors,,,f,f,f,f,f,{},,0,1000000,f,,,{},"{""color"": ""green"", ""domain"": ""communication"", ""grid_size"": 4, ""drum_kit"": ""hihat+snare+kick""}",,default,communication_4_hihat+snare+kick,f
28,2025-10-29 23:35:49.796606,,,,,,f,,,{},psynet.trial.static.StaticNode,28,,colors,colors,,,f,f,f,f,f,{},,0,1000000,f,,,{},"{""color"": ""green"", ""domain"": ""communication"", ""grid_size"": 8, ""drum_kit"": ""snare+kick""}",,default,communication_8_snare+kick,f
29,2025-10-29 23:35:49.796607,,,,,,f,,,{},psynet.trial.static.StaticNode,29,,colors,colors,,,f,f,f,f,f,{},,0,1000000,f,,,{},"{""color"": ""green"", ""domain"": ""communication"", ""grid_size"": 8, ""drum_kit"": ""hihat+snare+kick""}",,default,communication_8_hihat+snare+kick,f
30,2025-10-29 23:35:49.796609,,,,,,f,,,{},psynet.trial.static.StaticNode,30,,colors,colors,,,f,f,f,f,f,{},,0,1000000,f,,,{},"{""color"": ""green"", ""domain"": ""music"", ""grid_size"": 4, ""drum_kit"": ""snare+kick""}",,default,music_4_snare+kick,f
31,2025-10-29 23:35:49.796611,,,,,,f,,,{},psynet.trial.static.StaticNode,31,,colors,colors,,,f,f,f,f,f,{},,0,1000000,f,,,{},"{""color"": ""green"", ""domain"": ""music"", ""grid_size"": 4, ""drum_kit"": ""hihat+snare+kick""}",,default,music_4_hihat+snare+kick,f
32,2025-10-29 23:35:49.796612,,,,,,f,,,{},psynet.trial.static.StaticNode,32,,colors,colors,,,f,f,f,f,f,{},,0,1000000,f,,,{},"{""color"": ""green"", ""domain"": ""music"", ""grid_size"": 8, ""drum_kit"": ""snare+kick""}",,default,music_8_snare+kick,f
33,2025-10-29 23:35:49.796614,,,,,,f,,,{},psynet.trial.static.StaticNode,33,,colors,colors,,,f,f,f,f,f,{},,0,1000000,f,,,{},"{""color"": ""green"", ""domain"": ""music"", ""grid_size"": 8, ""drum_kit"": ""hihat+snare+kick""}",,default,music_8_hihat+snare+kick,f
34,2025-10-29 23:35:49.796616,,,,,,f,,,{},psynet.trial.static.StaticNode,34,,colors,colors,,,f,f,f,f,f,{},,0,1000000,f,,,{},"{""color"": ""blue"", ""domain"": ""communication"", ""grid_size"": 4, ""drum_kit"": ""snare+kick""}",,default,communication_4_snare+kick,f
35,2025-10-29 23:35:49.796617,,,,,,f,,,{},psynet.trial.static.StaticNode,35,,colors,colors,,,f,f,f,f,f,{},,0,1000000,f,,,{},"{""color"": ""blue"", ""domain"": ""communication"", ""grid_size"": 4, ""drum_kit"": ""hihat+snare+kick""}",,default,communication_4_hihat+snare+kick,f
36,2025-10-29 23:35:49.796619,,,,,,f,,,{},psynet.trial.static.StaticNode,36,,colors,colors,,,f,f,f,f,f,{},,0,1000000,f,,,{},"{""color"": ""blue"", ""domain"": ""communication"", ""grid_size"": 8, ""drum_kit"": ""snare+kick""}",,default,communication_8_snare+kick,f
37,2025-10-29 23:35:49.796621,,,,,,f,,,{},psynet.trial.static.StaticNode,37,,colors,colors,,,f,f,f,f,f,{},,0,1000000,f,,,{},"{""color"": ""blue"", ""domain"": ""communication"", ""grid_size"": 8, ""drum_kit"": ""hihat+snare+kick""}",,default,communication_8_hihat+snare+kick,f
38,2025-10-29 23:35:49.796622,,,,,,f,,,{},psynet.trial.static.StaticNode,38,,colors,colors,,,f,f,f,f,f,{},,0,1000000,f,,,{},"{""color"": ""blue"", ""domain"": ""music"", ""grid_size"": 4, ""drum_kit"": ""snare+kick""}",,default,music_4_snare+kick,f
39,2025-10-29 23:35:49.796624,,,,,,f,,,{},psynet.trial.static.StaticNode,39,,colors,colors,,,f,f,f,f,f,{},,0,1000000,f,,,{},"{""color"": ""blue"", ""domain"": ""music"", ""grid_size"": 4, ""drum_kit"": ""hihat+snare+kick""}",,default,music_4_hihat+snare+kick,f
40,2025-10-29 23:35:49.796626,,,,,,f,,,{},psynet.trial.static.StaticNode,40,,colors,colors,,,f,f,f,f,f,{},,0,1000000,f,,,{},"{""color"": ""blue"", ""domain"": ""music"", ""grid_size"": 8, ""drum_kit"": ""snare+kick""}",,default,music_8_snare+kick,f
41,2025-10-29 23:35:49.796627,,,,,,f,,,{},psynet.trial.static.StaticNode,41,,colors,colors,,,f,f,f,f,f,{},,0,1000000,f,,,{},"{""color"": ""blue"", ""domain"": ""music"", ""grid_size"": 8, ""drum_kit"": ""hihat+snare+kick""}",,default,music_8_hihat+snare+kick,f
42,2025-10-29 23:35:49.796629,,,,,,f,,,{},psynet.trial.static.StaticNode,42,,colors,colors,,,f,f,f,f,f,{},,0,1000000,f,,,{},"{""color"": ""purple"", ""domain"": ""communication"", ""grid_size"": 4, ""drum_kit"": ""snare+kick""}",,default,communication_4_snare+kick,f
43,2025-10-29 23:35:49.796631,,,,,,f,,,{},psynet.trial.static.StaticNode,43,,colors,colors,,,f,f,f,f,f,{},,0,1000000,f,,,{},"{""color"": ""purple"", ""domain"": ""communication"", ""grid_size"": 4, ""drum_kit"": ""hihat+snare+kick""}",,default,communication_4_hihat+snare+kick,f
44,2025-10-29 23:35:49.796632,,,,,,f,,,{},psynet.trial.static.StaticNode,44,,colors,colors,,,f,f,f,f,f,{},,0,1000000,f,,,{},"{""color"": ""purple"", ""domain"": ""communication"", ""grid_size"": 8, ""drum_kit"": ""snare+kick""}",,default,communication_8_snare+kick,f
45,2025-10-29 23:35:49.796634,,,,,,f,,,{},psynet.trial.static.StaticNode,45,,colors,colors,,,f,f,f,f,f,{},,0,1000000,f,,,{},"{""color"": ""purple"", ""domain"": ""communication"", ""grid_size"": 8, ""drum_kit"": ""hihat+snare+kick""}",,default,communication_8_hihat+snare+kick,f
46,2025-10-29 23:35:49.796636,,,,,,f,,,{},psynet.trial.static.StaticNode,46,,colors,colors,,,f,f,f,f,f,{},,0,1000000,f,,,{},"{""color"": ""purple"", ""domain"": ""music"", ""grid_size"": 4, ""drum_kit"": ""snare+kick""}",,default,music_4_snare+kick,f
47,2025-10-29 23:35:49.796637,,,,,,f,,,{},psynet.trial.static.StaticNode,47,,colors,colors,,,f,f,f,f,f,{},,0,1000000,f,,,{},"{""color"": ""purple"", ""domain"": ""music"", ""grid_size"": 4, ""drum_kit"": ""hihat+snare+kick""}",,default,music_4_hihat+snare+kick,f
48,2025-10-29 23:35:49.796639,,,,,,f,,,{},psynet.trial.static.StaticNode,48,,colors,colors,,,f,f,f,f,f,{},,0,1000000,f,,,{},"{""color"": ""purple"", ""domain"": ""music"", ""grid_size"": 8, ""drum_kit"": ""snare+kick""}",,default,music_8_snare+kick,f
49,2025-10-29 23:35:49.79664,,,,,,f,,,{},psynet.trial.static.StaticNode,49,,colors,colors,,,f,f,f,f,f,{},,0,1000000,f,,,{},"{""color"": ""purple"", ""domain"": ""music"", ""grid_size"": 8, ""drum_kit"": ""hihat+snare+kick""}",,default,music_8_hihat+snare+kick,f
50,2025-10-29 23:35:49.796642,,,,,,f,,,{},psynet.trial.static.StaticNode,50,,colors,colors,,,f,f,f,f,f,{},,0,1000000,f,,,{},"{""color"": ""pink"", ""domain"": ""communication"", ""grid_size"": 4, ""drum_kit"": ""snare+kick""}",,default,communication_4_snare+kick,f
51,2025-10-29 23:35:49.796644,,,,,,f,,,{},psynet.trial.static.StaticNode,51,,colors,colors,,,f,f,f,f,f,{},,0,1000000,f,,,{},"{""color"": ""pink"", ""domain"": ""communication"", ""grid_size"": 4, ""drum_kit"": ""hihat+snare+kick""}",,default,communication_4_hihat+snare+kick,f
52,2025-10-29 23:35:49.796646,,,,,,f,,,{},psynet.trial.static.StaticNode,52,,colors,colors,,,f,f,f,f,f,{},,0,1000000,f,,,{},"{""color"": ""pink"", ""domain"": ""communication"", ""grid_size"": 8, ""drum_kit"": ""snare+kick""}",,default,communication_8_snare+kick,f
53,2025-10-29 23:35:49.796648,,,,,,f,,,{},psynet.trial.static.StaticNode,53,,colors,colors,,,f,f,f,f,f,{},,0,1000000,f,,,{},"{""color"": ""pink"", ""domain"": ""communication"", ""grid_size"": 8, ""drum_kit"": ""hihat+snare+kick""}",,default,communication_8_hihat+snare+kick,f
54,2025-10-29 23:35:49.796649,,,,,,f,,,{},psynet.trial.static.StaticNode,54,,colors,colors,,,f,f,f,f,f,{},,0,1000000,f,,,{},"{""color"": ""pink"", ""domain"": ""music"", ""grid_size"": 4, ""drum_kit"": ""snare+kick""}",,default,music_4_snare+kick,f
55,2025-10-29 23:35:49.796651,,,,,,f,,,{},psynet.trial.static.StaticNode,55,,colors,colors,,,f,f,f,f,f,{},,0,1000000,f,,,{},"{""color"": ""pink"", ""domain"": ""music"", ""grid_size"": 4, ""drum_kit"": ""hihat+snare+kick""}",,default,music_4_hihat+snare+kick,f
56,2025-10-29 23:35:49.796652,,,,,,f,,,{},psynet.trial.static.StaticNode,56,,colors,colors,,,f,f,f,f,f,{},,0,1000000,f,,,{},"{""color"": ""pink"", ""domain"": ""music"", ""grid_size"": 8, ""drum_kit"": ""snare+kick""}",,default,music_8_snare+kick,f
57,2025-10-29 23:35:49.796654,,,,,,f,,,{},psynet.trial.static.StaticNode,57,,colors,colors,,,f,f,f,f,f,{},,0,1000000,f,,,{},"{""color"": ""pink"", ""domain"": ""music"", ""grid_size"": 8, ""drum_kit"": ""hihat+snare+kick""}",,default,music_8_hihat+snare+kick,f
58,2025-10-29 23:35:49.796656,,,,,,f,,,{},psynet.trial.static.StaticNode,58,,colors,colors,,,f,f,f,f,f,{},,0,1000000,f,,,{},"{""color"": ""red"", ""domain"": ""communication"", ""grid_size"": 4, ""drum_kit"": ""snare+kick""}",,default,communication_4_snare+kick,f
59,2025-10-29 23:35:49.796657,,,,,,f,,,{},psynet.trial.static.StaticNode,59,,colors,colors,,,f,f,f,f,f,{},,0,1000000,f,,,{},"{""color"": ""red"", ""domain"": ""communication"", ""grid_size"": 4, ""drum_kit"": ""hihat+snare+kick""}",,default,communication_4_hihat+snare+kick,f
60,2025-10-29 23:35:49.796659,,,,,,f,,,{},psynet.trial.static.StaticNode,60,,colors,colors,,,f,f,f,f,f,{},,0,1000000,f,,,{},"{""color"": ""red"", ""domain"": ""communication"", ""grid_size"": 8, ""drum_kit"": ""snare+kick""}",,default,communication_8_snare+kick,f
61,2025-10-29 23:35:49.796661,,,,,,f,,,{},psynet.trial.static.StaticNode,61,,colors,colors,,,f,f,f,f,f,{},,0,1000000,f,,,{},"{""color"": ""red"", ""domain"": ""communication"", ""grid_size"": 8, ""drum_kit"": ""hihat+snare+kick""}",,default,communication_8_hihat+snare+kick,f
62,2025-10-29 23:35:49.796662,,,,,,f,,,{},psynet.trial.static.StaticNode,62,,colors,colors,,,f,f,f,f,f,{},,0,1000000,f,,,{},"{""color"": ""red"", ""domain"": ""music"", ""grid_size"": 4, ""drum_kit"": ""snare+kick""}",,default,music_4_snare+kick,f
63,2025-10-29 23:35:49.796664,,,,,,f,,,{},psynet.trial.static.StaticNode,63,,colors,colors,,,f,f,f,f,f,{},,0,1000000,f,,,{},"{""color"": ""red"", ""domain"": ""music"", ""grid_size"": 4, ""drum_kit"": ""hihat+snare+kick""}",,default,music_4_hihat+snare+kick,f
64,2025-10-29 23:35:49.796665,,,,,,f,,,{},psynet.trial.static.StaticNode,64,,colors,colors,,,f,f,f,f,f,{},,0,1000000,f,,,{},"{""color"": ""red"", ""domain"": ""music"", ""grid_size"": 8, ""drum_kit"": ""snare+kick""}",,default,music_8_snare+kick,f
65,2025-10-29 23:35:49.796667,,,,,,f,,,{},psynet.trial.static.StaticNode,65,,colors,colors,,,f,f,f,f,f,{},,0,1000000,f,,,{},"{""color"": ""red"", ""domain"": ""music"", ""grid_size"": 8, ""drum_kit"": ""hihat+snare+kick""}",,default,music_8_hihat+snare+kick,f
66,2025-10-29 23:35:49.796669,,,,,,f,,,{},psynet.trial.static.StaticNode,66,,colors,colors,,,f,f,f,f,f,{},,0,1000000,f,,,{},"{""color"": ""brown"", ""domain"": ""communication"", ""grid_size"": 4, ""drum_kit"": ""snare+kick""}",,default,communication_4_snare+kick,f
67,2025-10-29 23:35:49.79667,,,,,,f,,,{},psynet.trial.static.StaticNode,67,,colors,colors,,,f,f,f,f,f,{},,0,1000000,f,,,{},"{""color"": ""brown"", ""domain"": ""communication"", ""grid_size"": 4, ""drum_kit"": ""hihat+snare+kick""}",,default,communication_4_hihat+snare+kick,f
68,2025-10-29 23:35:49.796672,,,,,,f,,,{},psynet.trial.static.StaticNode,68,,colors,colors,,,f,f,f,f,f,{},,0,1000000,f,,,{},"{""color"": ""brown"", ""domain"": ""communication"", ""grid_size"": 8, ""drum_kit"": ""snare+kick""}",,default,communication_8_snare+kick,f
69,2025-10-29 23:35:49.796674,,,,,,f,,,{},psynet.trial.static.StaticNode,69,,colors,colors,,,f,f,f,f,f,{},,0,1000000,f,,,{},"{""color"": ""brown"", ""domain"": ""communication"", ""grid_size"": 8, ""drum_kit"": ""hihat+snare+kick""}",,default,communication_8_hihat+snare+kick,f
70,2025-10-29 23:35:49.796675,,,,,,f,,,{},psynet.trial.static.StaticNode,70,,colors,colors,,,f,f,f,f,f,{},,0,1000000,f,,,{},"{""color"": ""brown"", ""domain"": ""music"", ""grid_size"": 4, ""drum_kit"": ""snare+kick""}",,default,music_4_snare+kick,f
71,2025-10-29 23:35:49.796677,,,,,,f,,,{},psynet.trial.static.StaticNode,71,,colors,colors,,,f,f,f,f,f,{},,0,1000000,f,,,{},"{""color"": ""brown"", ""domain"": ""music"", ""grid_size"": 4, ""drum_kit"": ""hihat+snare+kick""}",,default,music_4_hihat+snare+kick,f
72,2025-10-29 23:35:49.796679,,,,,,f,,,{},psynet.trial.static.StaticNode,72,,colors,colors,,,f,f,f,f,f,{},,0,1000000,f,,,{},"{""color"": ""brown"", ""domain"": ""music"", ""grid_size"": 8, ""drum_kit"": ""snare+kick""}",,default,music_8_snare+kick,f
73,2025-10-29 23:35:49.79668,,,,,,f,,,{},psynet.trial.static.StaticNode,73,,colors,colors,,,f,f,f,f,f,{},,0,1000000,f,,,{},"{""color"": ""brown"", ""domain"": ""music"", ""grid_size"": 8, ""drum_kit"": ""hihat+snare+kick""}",,default,music_8_hihat+snare+kick,f
74,2025-10-29 23:35:49.796682,,,,,,f,,,{},psynet.trial.static.StaticNode,74,,colors,colors,,,f,f,f,f,f,{},,0,1000000,f,,,{},"{""color"": ""grey"", ""domain"": ""communication"", ""grid_size"": 4, ""drum_kit"": ""snare+kick""}",,default,communication_4_snare+kick,f
75,2025-10-29 23:35:49.796684,,,,,,f,,,{},psynet.trial.static.StaticNode,75,,colors,colors,,,f,f,f,f,f,{},,0,1000000,f,,,{},"{""color"": ""grey"", ""domain"": ""communication"", ""grid_size"": 4, ""drum_kit"": ""hihat+snare+kick""}",,default,communication_4_hihat+snare+kick,f
76,2025-10-29 23:35:49.796685,,,,,,f,,,{},psynet.trial.static.StaticNode,76,,colors,colors,,,f,f,f,f,f,{},,0,1000000,f,,,{},"{""color"": ""grey"", ""domain"": ""communication"", ""grid_size"": 8, ""drum_kit"": ""snare+kick""}",,default,communication_8_snare+kick,f
77,2025-10-29 23:35:49.796687,,,,,,f,,,{},psynet.trial.static.StaticNode,77,,colors,colors,,,f,f,f,f,f,{},,0,1000000,f,,,{},"{""color"": ""grey"", ""domain"": ""communication"", ""grid_size"": 8, ""drum_kit"": ""hihat+snare+kick""}",,default,communication_8_hihat+snare+kick,f
78,2025-10-29 23:35:49.796688,,,,,,f,,,{},psynet.trial.static.StaticNode,78,,colors,colors,,,f,f,f,f,f,{},,0,1000000,f,,,{},"{""color"": ""grey"", ""domain"": ""music"", ""grid_size"": 4, ""drum_kit"": ""snare+kick""}",,default,music_4_snare+kick,f
79,2025-10-29 23:35:49.79669,,,,,,f,,,{},psynet.trial.static.StaticNode,79,,colors,colors,,,f,f,f,f,f,{},,0,1000000,f,,,{},"{""color"": ""grey"", ""domain"": ""music"", ""grid_size"": 4, ""drum_kit"": ""hihat+snare+kick""}",,default,music_4_hihat+snare+kick,f
80,2025-10-29 23:35:49.796692,,,,,,f,,,{},psynet.trial.static.StaticNode,80,,colors,colors,,,f,f,f,f,f,{},,0,1000000,f,,,{},"{""color"": ""grey"", ""domain"": ""music"", ""grid_size"": 8, ""drum_kit"": ""snare+kick""}",,default,music_8_snare+kick,f
81,2025-10-29 23:35:49.796693,,,,,,f,,,{},psynet.trial.static.StaticNode,81,,colors,colors,,,f,f,f,f,f,{},,0,1000000,f,,,{},"{""color"": ""grey"", ""domain"": ""music"", ""grid_size"": 8, ""drum_kit"": ""hihat+snare+kick""}",,default,music_8_hihat+snare+kick,f
