id,creation_time,property1,property2,property3,property4,property5,failed,failed_reason,time_of_death,details,type,network_id,participant_id,trial_maker_id,module_id,module_state_id,is_global,on_deploy_complete,async_on_deploy_required,async_on_deploy_requested,async_on_deploy_complete,async_on_deploy_failed,vars,key,degree,target_n_trials,ready_to_spawn,child_id,parent_id,seed,definition,context,participant_group,block,propagate_failure
1,2025-10-29 20:48:13.2185,,,,,,f,,,{},psynet.trial.static.StaticNode,1,,colors,colors,,,f,f,f,f,f,{},,0,1000000,f,,,{},"{""color"": ""yellow"", ""domain"": ""communication"", ""grid_size"": 4, ""drum_kit"": ""snare+kick""}",,default,communication_4_snare+kick,f
2,2025-10-29 20:48:13.218504,,,,,,f,,,{},psynet.trial.static.StaticNode,2,,colors,colors,,,f,f,f,f,f,{},,0,1000000,f,,,{},"{""color"": ""yellow"", ""domain"": ""communication"", ""grid_size"": 4, ""drum_kit"": ""hihat+snare+kick""}",,default,communication_4_hihat+snare+kick,f
3,2025-10-29 20:48:13.218505,,,,,,f,,,{},psynet.trial.static.StaticNode,3,,colors,colors,,,f,f,f,f,f,{},,0,1000000,f,,,{},"{""color"": ""yellow"", ""domain"": ""communication"", ""grid_size"": 8, ""drum_kit"": ""snare+kick""}",,default,communication_8_snare+kick,f
4,2025-10-29 20:48:13.218507,,,,,,f,,,{},psynet.trial.static.StaticNode,4,,colors,colors,,,f,f,f,f,f,{},,0,1000000,f,,,{},"{""color"": ""yellow"", ""domain"": ""communication"", ""grid_size"": 8, ""drum_kit"": ""hihat+snare+kick""}",,default,communication_8_hihat+snare+kick,f
5,2025-10-29 20:48:13.218508,,,,,,f,,,{},psynet.trial.static.StaticNode,5,,colors,colors,,,f,f,f,f,f,{},,0,1000000,f,,,{},"{""color"": ""yellow"", ""domain"": ""music"", ""grid_size"": 4, ""drum_kit"": ""snare+kick""}",,default,music_4_snare+kick,f
6,2025-10-29 20:48:13.21851,,,,,,f,,,{},psynet.trial.static.StaticNode,6,,colors,colors,,,f,f,f,f,f,{},,0,1000000,f,,,{},"{""color"": ""yellow"", ""domain"": ""music"", ""grid_size"": 4, ""drum_kit"": ""hihat+snare+kick""}",,default,music_4_hihat+snare+kick,f
7,2025-10-29 20:48:13.218511,,,,,,f,,,{},psynet.trial.static.StaticNode,7,,colors,colors,,,f,f,f,f,f,{},,0,1000000,f,,,{},"{""color"": ""yellow"", ""domain"": ""music"", ""grid_size"": 8, ""drum_kit"": ""snare+kick""}",,default,music_8_snare+kick,f
8,2025-10-29 20:48:13.218513,,,,,,f,,,{},psynet.trial.static.StaticNode,8,,colors,colors,,,f,f,f,f,f,{},,0,1000000,f,,,{},"{""color"": ""yellow"", ""domain"": ""music"", ""grid_size"": 8, ""drum_kit"": ""hihat+snare+kick""}",,default,music_8_hihat+snare+kick,f
9,2025-10-29 20:48:13.218514,,,,,,f,,,{},psynet.trial.static.StaticNode,9,,colors,colors,,,f,f,f,f,f,{},,0,1000000,f,,,{},"{""color"": ""orange"", ""domain"": ""communication"", ""grid_size"": 4, ""drum_kit"": ""snare+kick""}",,default,communication_4_snare+kick,f
10,2025-10-29 20:48:13.218516,,,,,,f,,,{},psynet.trial.static.StaticNode,10,,colors,colors,,,f,f,f,f,f,{},,0,1000000,f,,,{},"{""color"": ""orange"", ""domain"": ""communication"", ""grid_size"": 4, ""drum_kit"": ""hihat+snare+kick""}",,default,communication_4_hihat+snare+kick,f
11,2025-10-29 20:48:13.218517,,,,,,f,,,{},psynet.trial.static.StaticNode,11,,colors,colors,,,f,f,f,f,f,{},,0,1000000,f,,,{},"{""color"": ""orange"", ""domain"": ""communication"", ""grid_size"": 8, ""drum_kit"": ""snare+kick""}",,default,communication_8_snare+kick,f
12,2025-10-29 20:48:13.218519,,,,,,f,,,{},psynet.trial.static.StaticNode,12,,colors,colors,,,f,f,f,f,f,{},,0,1000000,f,,,{},"{""color"": ""orange"", ""domain"": ""communication"", ""grid_size"": 8, ""drum_kit"": ""hihat+snare+kick""}",,default,communication_8_hihat+snare+kick,f
13,2025-10-29 20:48:13.21852,,,,,,f,,,{},psynet.trial.static.StaticNode,13,,colors,colors,,,f,f,f,f,f,{},,0,1000000,f,,,{},"{""color"": ""orange"", ""domain"": ""music"", ""grid_size"": 4, ""drum_kit"": ""snare+kick""}",,default,music_4_snare+kick,f
14,2025-10-29 20:48:13.218522,,,,,,f,,,{},psynet.trial.static.StaticNode,14,,colors,colors,,,f,f,f,f,f,{},,0,1000000,f,,,{},"{""color"": ""orange"", ""domain"": ""music"", ""grid_size"": 4, ""drum_kit"": ""hihat+snare+kick""}",,default,music_4_hihat+snare+kick,f
15,2025-10-29 20:48:13.218523,,,,,,f,,,{},psynet.trial.static.StaticNode,15,,colors,colors,,,f,f,f,f,f,{},,0,1000000,f,,,{},"{""color"": ""orange"", ""domain"": ""music"", ""grid_size"": 8, ""drum_kit"": ""snare+kick""}",,default,music_8_snare+kick,f
16,2025-10-29 20:48:13.218524,,,,,,f,,,{},psynet.trial.static.StaticNode,16,,colors,colors,,,f,f,f,f,f,{},,0,1000000,f,,,{},"{""color"": ""orange"", ""domain"": ""music"", ""grid_size"": 8, ""drum_kit"": ""hihat+snare+kick""}",,default,music_8_hihat+snare+kick,f
17,2025-10-29 20:48:13.218526,,,,,,f,,,{},psynet.trial.static.StaticNode,17,,colors,colors,,,f,f,f,f,f,{},,0,1000000,f,,,{},"{""color"": ""green"", ""domain"": ""communication"", ""grid_size"": 4, ""drum_kit"": ""snare+kick""}",,default,communication_4_snare+kick,f
18,2025-10-29 20:48:13.218527,,,,,,f,,,{},psynet.trial.static.StaticNode,18,,colors,colors,,,f,f,f,f,f,{},,0,1000000,f,,,{},"{""color"": ""green"", ""domain"": ""communication"", ""grid_size"": 4, ""drum_kit"": ""hihat+snare+kick""}",,default,communication_4_hihat+snare+kick,f
19,2025-10-29 20:48:13.218529,,,,,,f,,,{},psynet.trial.static.StaticNode,19,,colors,colors,,,f,f,f,f,f,{},,0,1000000,f,,,{},"{""color"": ""green"", ""domain"": ""communication"", ""grid_size"": 8, ""drum_kit"": ""snare+kick""}",,default,communication_8_snare+kick,f
20,2025-10-29 20:48:13.21853,,,,,,f,,,{},psynet.trial.static.StaticNode,20,,colors,colors,,,f,f,f,f,f,{},,0,1000000,f,,,{},"{""color"": ""green"", ""domain"": ""communication"", ""grid_size"": 8, ""drum_kit"": ""hihat+snare+kick""}",,default,communication_8_hihat+snare+kick,f
21,2025-10-29 20:48:13.218532,,,,,,f,,,{},psynet.trial.static.StaticNode,21,,colors,colors,,,f,f,f,f,f,{},,0,1000000,f,,,{},"{""color"": ""green"", ""domain"": ""music"", ""grid_size"": 4, ""drum_kit"": ""snare+kick""}",,default,music_4_snare+kick,f
22,2025-10-29 20:48:13.218533,,,,,,f,,,{},psynet.trial.static.StaticNode,22,,colors,colors,,,f,f,f,f,f,{},,0,1000000,f,,,{},"{""color"": ""green"", ""domain"": ""music"", ""grid_size"": 4, ""drum_kit"": ""hihat+snare+kick""}",,default,music_4_hihat+snare+kick,f
23,2025-10-29 20:48:13.218538,,,,,,f,,,{},psynet.trial.static.StaticNode,23,,colors,colors,,,f,f,f,f,f,{},,0,1000000,f,,,{},"{""color"": ""green"", ""domain"": ""music"", ""grid_size"": 8, ""drum_kit"": ""snare+kick""}",,default,music_8_snare+kick,f
24,2025-10-29 20:48:13.21854,,,,,,f,,,{},psynet.trial.static.StaticNode,24,,colors,colors,,,f,f,f,f,f,{},,0,1000000,f,,,{},"{""color"": ""green"", ""domain"": ""music"", ""grid_size"": 8, ""drum_kit"": ""hihat+snare+kick""}",,default,music_8_hihat+snare+kick,f
25,2025-10-29 20:48:13.218542,,,,,,f,,,{},psynet.trial.static.StaticNode,25,,colors,colors,,,f,f,f,f,f,{},,0,1000000,f,,,{},"{""color"": ""blue"", ""domain"": ""communication"", ""grid_size"": 4, ""drum_kit"": ""snare+kick""}",,default,communication_4_snare+kick,f
26,2025-10-29 20:48:13.218543,,,,,,f,,,{},psynet.trial.static.StaticNode,26,,colors,colors,,,f,f,f,f,f,{},,0,1000000,f,,,{},"{""color"": ""blue"", ""domain"": ""communication"", ""grid_size"": 4, ""drum_kit"": ""hihat+snare+kick""}",,default,communication_4_hihat+snare+kick,f
27,2025-10-29 20:48:13.218545,,,,,,f,,,{},psynet.trial.static.StaticNode,27,,colors,colors,,,f,f,f,f,f,{},,0,1000000,f,,,{},"{""color"": ""blue"", ""domain"": ""communication"", ""grid_size"": 8, ""drum_kit"": ""snare+kick""}",,default,communication_8_snare+kick,f
28,2025-10-29 20:48:13.218546,,,,,,f,,,{},psynet.trial.static.StaticNode,28,,colors,colors,,,f,f,f,f,f,{},,0,1000000,f,,,{},"{""color"": ""blue"", ""domain"": ""communication"", ""grid_size"": 8, ""drum_kit"": ""hihat+snare+kick""}",,default,communication_8_hihat+snare+kick,f
29,2025-10-29 20:48:13.218547,,,,,,f,,,{},psynet.trial.static.StaticNode,29,,colors,colors,,,f,f,f,f,f,{},,0,1000000,f,,,{},"{""color"": ""blue"", ""domain"": ""music"", ""grid_size"": 4, ""drum_kit"": ""snare+kick""}",,default,music_4_snare+kick,f
30,2025-10-29 20:48:13.218549,,,,,,f,,,{},psynet.trial.static.StaticNode,30,,colors,colors,,,f,f,f,f,f,{},,0,1000000,f,,,{},"{""color"": ""blue"", ""domain"": ""music"", ""grid_size"": 4, ""drum_kit"": ""hihat+snare+kick""}",,default,music_4_hihat+snare+kick,f
31,2025-10-29 20:48:13.21855,,,,,,f,,,{},psynet.trial.static.StaticNode,31,,colors,colors,,,f,f,f,f,f,{},,0,1000000,f,,,{},"{""color"": ""blue"", ""domain"": ""music"", ""grid_size"": 8, ""drum_kit"": ""snare+kick""}",,default,music_8_snare+kick,f
32,2025-10-29 20:48:13.218552,,,,,,f,,,{},psynet.trial.static.StaticNode,32,,colors,colors,,,f,f,f,f,f,{},,0,1000000,f,,,{},"{""color"": ""blue"", ""domain"": ""music"", ""grid_size"": 8, ""drum_kit"": ""hihat+snare+kick""}",,default,music_8_hihat+snare+kick,f
33,2025-10-29 20:48:13.218553,,,,,,f,,,{},psynet.trial.static.StaticNode,33,,colors,colors,,,f,f,f,f,f,{},,0,1000000,f,,,{},"{""color"": ""purple"", ""domain"": ""communication"", ""grid_size"": 4, ""drum_kit"": ""snare+kick""}",,default,communication_4_snare+kick,f
34,2025-10-29 20:48:13.218554,,,,,,f,,,{},psynet.trial.static.StaticNode,34,,colors,colors,,,f,f,f,f,f,{},,0,1000000,f,,,{},"{""color"": ""purple"", ""domain"": ""communication"", ""grid_size"": 4, ""drum_kit"": ""hihat+snare+kick""}",,default,communication_4_hihat+snare+kick,f
35,2025-10-29 20:48:13.218556,,,,,,f,,,{},psynet.trial.static.StaticNode,35,,colors,colors,,,f,f,f,f,f,{},,0,1000000,f,,,{},"{""color"": ""purple"", ""domain"": ""communication"", ""grid_size"": 8, ""drum_kit"": ""snare+kick""}",,default,communication_8_snare+kick,f
36,2025-10-29 20:48:13.218557,,,,,,f,,,{},psynet.trial.static.StaticNode,36,,colors,colors,,,f,f,f,f,f,{},,0,1000000,f,,,{},"{""color"": ""purple"", ""domain"": ""communication"", ""grid_size"": 8, ""drum_kit"": ""hihat+snare+kick""}",,default,communication_8_hihat+snare+kick,f
37,2025-10-29 20:48:13.218559,,,,,,f,,,{},psynet.trial.static.StaticNode,37,,colors,colors,,,f,f,f,f,f,{},,0,1000000,f,,,{},"{""color"": ""purple"", ""domain"": ""music"", ""grid_size"": 4, ""drum_kit"": ""snare+kick""}",,default,music_4_snare+kick,f
38,2025-10-29 20:48:13.21856,,,,,,f,,,{},psynet.trial.static.StaticNode,38,,colors,colors,,,f,f,f,f,f,{},,0,1000000,f,,,{},"{""color"": ""purple"", ""domain"": ""music"", ""grid_size"": 4, ""drum_kit"": ""hihat+snare+kick""}",,default,music_4_hihat+snare+kick,f
39,2025-10-29 20:48:13.218562,,,,,,f,,,{},psynet.trial.static.StaticNode,39,,colors,colors,,,f,f,f,f,f,{},,0,1000000,f,,,{},"{""color"": ""purple"", ""domain"": ""music"", ""grid_size"": 8, ""drum_kit"": ""snare+kick""}",,default,music_8_snare+kick,f
40,2025-10-29 20:48:13.218563,,,,,,f,,,{},psynet.trial.static.StaticNode,40,,colors,colors,,,f,f,f,f,f,{},,0,1000000,f,,,{},"{""color"": ""purple"", ""domain"": ""music"", ""grid_size"": 8, ""drum_kit"": ""hihat+snare+kick""}",,default,music_8_hihat+snare+kick,f
41,2025-10-29 20:48:13.218564,,,,,,f,,,{},psynet.trial.static.StaticNode,41,,colors,colors,,,f,f,f,f,f,{},,0,1000000,f,,,{},"{""color"": ""pink"", ""domain"": ""communication"", ""grid_size"": 4, ""drum_kit"": ""snare+kick""}",,default,communication_4_snare+kick,f
42,2025-10-29 20:48:13.218566,,,,,,f,,,{},psynet.trial.static.StaticNode,42,,colors,colors,,,f,f,f,f,f,{},,0,1000000,f,,,{},"{""color"": ""pink"", ""domain"": ""communication"", ""grid_size"": 4, ""drum_kit"": ""hihat+snare+kick""}",,default,communication_4_hihat+snare+kick,f
43,2025-10-29 20:48:13.218567,,,,,,f,,,{},psynet.trial.static.StaticNode,43,,colors,colors,,,f,f,f,f,f,{},,0,1000000,f,,,{},"{""color"": ""pink"", ""domain"": ""communication"", ""grid_size"": 8, ""drum_kit"": ""snare+kick""}",,default,communication_8_snare+kick,f
44,2025-10-29 20:48:13.218569,,,,,,f,,,{},psynet.trial.static.StaticNode,44,,colors,colors,,,f,f,f,f,f,{},,0,1000000,f,,,{},"{""color"": ""pink"", ""domain"": ""communication"", ""grid_size"": 8, ""drum_kit"": ""hihat+snare+kick""}",,default,communication_8_hihat+snare+kick,f
45,2025-10-29 20:48:13.21857,,,,,,f,,,{},psynet.trial.static.StaticNode,45,,colors,colors,,,f,f,f,f,f,{},,0,1000000,f,,,{},"{""color"": ""pink"", ""domain"": ""music"", ""grid_size"": 4, ""drum_kit"": ""snare+kick""}",,default,music_4_snare+kick,f
46,2025-10-29 20:48:13.218571,,,,,,f,,,{},psynet.trial.static.StaticNode,46,,colors,colors,,,f,f,f,f,f,{},,0,1000000,f,,,{},"{""color"": ""pink"", ""domain"": ""music"", ""grid_size"": 4, ""drum_kit"": ""hihat+snare+kick""}",,default,music_4_hihat+snare+kick,f
47,2025-10-29 20:48:13.218573,,,,,,f,,,{},psynet.trial.static.StaticNode,47,,colors,colors,,,f,f,f,f,f,{},,0,1000000,f,,,{},"{""color"": ""pink"", ""domain"": ""music"", ""grid_size"": 8, ""drum_kit"": ""snare+kick""}",,default,music_8_snare+kick,f
48,2025-10-29 20:48:13.218574,,,,,,f,,,{},psynet.trial.static.StaticNode,48,,colors,colors,,,f,f,f,f,f,{},,0,1000000,f,,,{},"{""color"": ""pink"", ""domain"": ""music"", ""grid_size"": 8, ""drum_kit"": ""hihat+snare+kick""}",,default,music_8_hihat+snare+kick,f
49,2025-10-29 20:48:13.218576,,,,,,f,,,{},psynet.trial.static.StaticNode,49,,colors,colors,,,f,f,f,f,f,{},,0,1000000,f,,,{},"{""color"": ""red"", ""domain"": ""communication"", ""grid_size"": 4, ""drum_kit"": ""snare+kick""}",,default,communication_4_snare+kick,f
50,2025-10-29 20:48:13.218577,,,,,,f,,,{},psynet.trial.static.StaticNode,50,,colors,colors,,,f,f,f,f,f,{},,0,1000000,f,,,{},"{""color"": ""red"", ""domain"": ""communication"", ""grid_size"": 4, ""drum_kit"": ""hihat+snare+kick""}",,default,communication_4_hihat+snare+kick,f
51,2025-10-29 20:48:13.218578,,,,,,f,,,{},psynet.trial.static.StaticNode,51,,colors,colors,,,f,f,f,f,f,{},,0,1000000,f,,,{},"{""color"": ""red"", ""domain"": ""communication"", ""grid_size"": 8, ""drum_kit"": ""snare+kick""}",,default,communication_8_snare+kick,f
52,2025-10-29 20:48:13.21858,,,,,,f,,,{},psynet.trial.static.StaticNode,52,,colors,colors,,,f,f,f,f,f,{},,0,1000000,f,,,{},"{""color"": ""red"", ""domain"": ""communication"", ""grid_size"": 8, ""drum_kit"": ""hihat+snare+kick""}",,default,communication_8_hihat+snare+kick,f
53,2025-10-29 20:48:13.218581,,,,,,f,,,{},psynet.trial.static.StaticNode,53,,colors,colors,,,f,f,f,f,f,{},,0,1000000,f,,,{},"{""color"": ""red"", ""domain"": ""music"", ""grid_size"": 4, ""drum_kit"": ""snare+kick""}",,default,music_4_snare+kick,f
54,2025-10-29 20:48:13.218583,,,,,,f,,,{},psynet.trial.static.StaticNode,54,,colors,colors,,,f,f,f,f,f,{},,0,1000000,f,,,{},"{""color"": ""red"", ""domain"": ""music"", ""grid_size"": 4, ""drum_kit"": ""hihat+snare+kick""}",,default,music_4_hihat+snare+kick,f
55,2025-10-29 20:48:13.218584,,,,,,f,,,{},psynet.trial.static.StaticNode,55,,colors,colors,,,f,f,f,f,f,{},,0,1000000,f,,,{},"{""color"": ""red"", ""domain"": ""music"", ""grid_size"": 8, ""drum_kit"": ""snare+kick""}",,default,music_8_snare+kick,f
56,2025-10-29 20:48:13.218586,,,,,,f,,,{},psynet.trial.static.StaticNode,56,,colors,colors,,,f,f,f,f,f,{},,0,1000000,f,,,{},"{""color"": ""red"", ""domain"": ""music"", ""grid_size"": 8, ""drum_kit"": ""hihat+snare+kick""}",,default,music_8_hihat+snare+kick,f
57,2025-10-29 20:48:13.218587,,,,,,f,,,{},psynet.trial.static.StaticNode,57,,colors,colors,,,f,f,f,f,f,{},,0,1000000,f,,,{},"{""color"": ""brown"", ""domain"": ""communication"", ""grid_size"": 4, ""drum_kit"": ""snare+kick""}",,default,communication_4_snare+kick,f
58,2025-10-29 20:48:13.218588,,,,,,f,,,{},psynet.trial.static.StaticNode,58,,colors,colors,,,f,f,f,f,f,{},,0,1000000,f,,,{},"{""color"": ""brown"", ""domain"": ""communication"", ""grid_size"": 4, ""drum_kit"": ""hihat+snare+kick""}",,default,communication_4_hihat+snare+kick,f
59,2025-10-29 20:48:13.21859,,,,,,f,,,{},psynet.trial.static.StaticNode,59,,colors,colors,,,f,f,f,f,f,{},,0,1000000,f,,,{},"{""color"": ""brown"", ""domain"": ""communication"", ""grid_size"": 8, ""drum_kit"": ""snare+kick""}",,default,communication_8_snare+kick,f
60,2025-10-29 20:48:13.218591,,,,,,f,,,{},psynet.trial.static.StaticNode,60,,colors,colors,,,f,f,f,f,f,{},,0,1000000,f,,,{},"{""color"": ""brown"", ""domain"": ""communication"", ""grid_size"": 8, ""drum_kit"": ""hihat+snare+kick""}",,default,communication_8_hihat+snare+kick,f
61,2025-10-29 20:48:13.218593,,,,,,f,,,{},psynet.trial.static.StaticNode,61,,colors,colors,,,f,f,f,f,f,{},,0,1000000,f,,,{},"{""color"": ""brown"", ""domain"": ""music"", ""grid_size"": 4, ""drum_kit"": ""snare+kick""}",,default,music_4_snare+kick,f
62,2025-10-29 20:48:13.218594,,,,,,f,,,{},psynet.trial.static.StaticNode,62,,colors,colors,,,f,f,f,f,f,{},,0,1000000,f,,,{},"{""color"": ""brown"", ""domain"": ""music"", ""grid_size"": 4, ""drum_kit"": ""hihat+snare+kick""}",,default,music_4_hihat+snare+kick,f
63,2025-10-29 20:48:13.218596,,,,,,f,,,{},psynet.trial.static.StaticNode,63,,colors,colors,,,f,f,f,f,f,{},,0,1000000,f,,,{},"{""color"": ""brown"", ""domain"": ""music"", ""grid_size"": 8, ""drum_kit"": ""snare+kick""}",,default,music_8_snare+kick,f
64,2025-10-29 20:48:13.218597,,,,,,f,,,{},psynet.trial.static.StaticNode,64,,colors,colors,,,f,f,f,f,f,{},,0,1000000,f,,,{},"{""color"": ""brown"", ""domain"": ""music"", ""grid_size"": 8, ""drum_kit"": ""hihat+snare+kick""}",,default,music_8_hihat+snare+kick,f
65,2025-10-29 20:48:13.218598,,,,,,f,,,{},psynet.trial.static.StaticNode,65,,colors,colors,,,f,f,f,f,f,{},,0,1000000,f,,,{},"{""color"": ""grey"", ""domain"": ""communication"", ""grid_size"": 4, ""drum_kit"": ""snare+kick""}",,default,communication_4_snare+kick,f
66,2025-10-29 20:48:13.2186,,,,,,f,,,{},psynet.trial.static.StaticNode,66,,colors,colors,,,f,f,f,f,f,{},,0,1000000,f,,,{},"{""color"": ""grey"", ""domain"": ""communication"", ""grid_size"": 4, ""drum_kit"": ""hihat+snare+kick""}",,default,communication_4_hihat+snare+kick,f
67,2025-10-29 20:48:13.218601,,,,,,f,,,{},psynet.trial.static.StaticNode,67,,colors,colors,,,f,f,f,f,f,{},,0,1000000,f,,,{},"{""color"": ""grey"", ""domain"": ""communication"", ""grid_size"": 8, ""drum_kit"": ""snare+kick""}",,default,communication_8_snare+kick,f
68,2025-10-29 20:48:13.218603,,,,,,f,,,{},psynet.trial.static.StaticNode,68,,colors,colors,,,f,f,f,f,f,{},,0,1000000,f,,,{},"{""color"": ""grey"", ""domain"": ""communication"", ""grid_size"": 8, ""drum_kit"": ""hihat+snare+kick""}",,default,communication_8_hihat+snare+kick,f
69,2025-10-29 20:48:13.218604,,,,,,f,,,{},psynet.trial.static.StaticNode,69,,colors,colors,,,f,f,f,f,f,{},,0,1000000,f,,,{},"{""color"": ""grey"", ""domain"": ""music"", ""grid_size"": 4, ""drum_kit"": ""snare+kick""}",,default,music_4_snare+kick,f
70,2025-10-29 20:48:13.218606,,,,,,f,,,{},psynet.trial.static.StaticNode,70,,colors,colors,,,f,f,f,f,f,{},,0,1000000,f,,,{},"{""color"": ""grey"", ""domain"": ""music"", ""grid_size"": 4, ""drum_kit"": ""hihat+snare+kick""}",,default,music_4_hihat+snare+kick,f
71,2025-10-29 20:48:13.218607,,,,,,f,,,{},psynet.trial.static.StaticNode,71,,colors,colors,,,f,f,f,f,f,{},,0,1000000,f,,,{},"{""color"": ""grey"", ""domain"": ""music"", ""grid_size"": 8, ""drum_kit"": ""snare+kick""}",,default,music_8_snare+kick,f
72,2025-10-29 20:48:13.218608,,,,,,f,,,{},psynet.trial.static.StaticNode,72,,colors,colors,,,f,f,f,f,f,{},,0,1000000,f,,,{},"{""color"": ""grey"", ""domain"": ""music"", ""grid_size"": 8, ""drum_kit"": ""hihat+snare+kick""}",,default,music_8_hihat+snare+kick,f
