id,creation_time,property1,property2,property3,property4,property5,failed,failed_reason,time_of_death,details,type,network_id,participant_id,trial_maker_id,module_id,module_state_id,is_global,on_deploy_complete,async_on_deploy_required,async_on_deploy_requested,async_on_deploy_complete,async_on_deploy_failed,vars,key,degree,target_n_trials,ready_to_spawn,child_id,parent_id,seed,definition,context,participant_group,block,propagate_failure
1,2025-10-06 12:54:37.336575,,,,,,f,,,{},psynet.trial.static.StaticNode,1,,sigspace_trial,sigspace_trial,,,f,f,f,f,f,{},,0,1000000,f,,,{},"{""director_index"": 0, ""color"": ""yellow"", ""matcher_choice"": ""add color"", ""attempts"": 0, ""completed"": false}",,default,default,f
2,2025-10-06 12:54:37.336581,,,,,,f,,,{},psynet.trial.static.StaticNode,2,,sigspace_trial,sigspace_trial,,,f,f,f,f,f,{},,0,1000000,f,,,{},"{""director_index"": 0, ""color"": ""orange"", ""matcher_choice"": ""add color"", ""attempts"": 0, ""completed"": false}",,default,default,f
3,2025-10-06 12:54:37.336584,,,,,,f,,,{},psynet.trial.static.StaticNode,3,,sigspace_trial,sigspace_trial,,,f,f,f,f,f,{},,0,1000000,f,,,{},"{""director_index"": 0, ""color"": ""green"", ""matcher_choice"": ""add color"", ""attempts"": 0, ""completed"": false}",,default,default,f
4,2025-10-06 12:54:37.336587,,,,,,f,,,{},psynet.trial.static.StaticNode,4,,sigspace_trial,sigspace_trial,,,f,f,f,f,f,{},,0,1000000,f,,,{},"{""director_index"": 0, ""color"": ""blue"", ""matcher_choice"": ""add color"", ""attempts"": 0, ""completed"": false}",,default,default,f
5,2025-10-06 12:54:37.33659,,,,,,f,,,{},psynet.trial.static.StaticNode,5,,sigspace_trial,sigspace_trial,,,f,f,f,f,f,{},,0,1000000,f,,,{},"{""director_index"": 0, ""color"": ""purple"", ""matcher_choice"": ""add color"", ""attempts"": 0, ""completed"": false}",,default,default,f
6,2025-10-06 12:54:37.336593,,,,,,f,,,{},psynet.trial.static.StaticNode,6,,sigspace_trial,sigspace_trial,,,f,f,f,f,f,{},,0,1000000,f,,,{},"{""director_index"": 0, ""color"": ""pink"", ""matcher_choice"": ""add color"", ""attempts"": 0, ""completed"": false}",,default,default,f
7,2025-10-06 12:54:37.336596,,,,,,f,,,{},psynet.trial.static.StaticNode,7,,sigspace_trial,sigspace_trial,,,f,f,f,f,f,{},,0,1000000,f,,,{},"{""director_index"": 0, ""color"": ""red"", ""matcher_choice"": ""add color"", ""attempts"": 0, ""completed"": false}",,default,default,f
8,2025-10-06 12:54:37.336598,,,,,,f,,,{},psynet.trial.static.StaticNode,8,,sigspace_trial,sigspace_trial,,,f,f,f,f,f,{},,0,1000000,f,,,{},"{""director_index"": 0, ""color"": ""brown"", ""matcher_choice"": ""add color"", ""attempts"": 0, ""completed"": false}",,default,default,f
9,2025-10-06 12:54:37.336601,,,,,,f,,,{},psynet.trial.static.StaticNode,9,,sigspace_trial,sigspace_trial,,,f,f,f,f,f,{},,0,1000000,f,,,{},"{""director_index"": 0, ""color"": ""grey"", ""matcher_choice"": ""add color"", ""attempts"": 0, ""completed"": false}",,default,default,f
